Workbook
Name _: [1]도면자료제출일정!#REF!
Name __: [1]도면자료제출일정!#REF!
Name ____________sn0001: [2]도!#REF!
Name ___________A70000: '[3]4-3 보온 기본물량집계'!#REF!
Name ___________A70001: '[3]4-3 보온 기본물량집계'!#REF!
Name ___________o12111: '[4]#REF'!#REF!
Name ___________sn0001: [2]도!#REF!
Name __________A70000: '[3]4-3 보온 기본물량집계'!#REF!
Name __________A70001: '[3]4-3 보온 기본물량집계'!#REF!
Name __________o12111: '[4]#REF'!#REF!
Name __________sn0001: [2]도!#REF!
Name _________A70000: '[3]4-3 보온 기본물량집계'!#REF!
Name _________A70001: '[3]4-3 보온 기본물량집계'!#REF!
Name _________o12111: '[4]#REF'!#REF!
Name _________sn0001: [2]도!#REF!
Name ________A70000: '[3]4-3 보온 기본물량집계'!#REF!
Name ________A70001: '[3]4-3 보온 기본물량집계'!#REF!
Name ________LPB1: [5]부하계산서!#REF!
Name ________LPK1: [5]부하계산서!#REF!
Name ________LU1: '[6]부하(성남)'!#REF!
Name ________LU2: '[6]부하(성남)'!#REF!
Name ________LV01: '[6]부하(성남)'!#REF!
Name ________o12111: '[4]#REF'!#REF!
Name ________sn0001: [7]도!#REF!
Name ________UP1: [5]부하계산서!#REF!
Name ________UP2: [5]부하계산서!#REF!
Name _______A70000: '[3]4-3 보온 기본물량집계'!#REF!
Name _______A70001: '[3]4-3 보온 기본물량집계'!#REF!
Name _______NEW1: ROUND([0]!_______NEW1*0.0254,3)
Name _______o12111: '[4]#REF'!#REF!
Name _______sn0001: [2]도!#REF!
Name _______st1: "Group 41"
Name ______A1: BlankMacro1
Name ______A3: BlankMacro1
Name ______A70000: '[8]4-3 보온 기본물량집계'!#REF!
Name ______A70001: '[3]4-3 보온 기본물량집계'!#REF!
Name ______D1: '[9]BEND LOSS'!#REF!
Name ______D2: '[10]BEND LOSS'!#REF!
Name ______LPB1: [5]부하계산서!#REF!
Name ______LPK1: [5]부하계산서!#REF!
Name ______LU1: '[6]부하(성남)'!#REF!
Name ______LU2: '[6]부하(성남)'!#REF!
Name ______LV01: '[6]부하(성남)'!#REF!
Name ______NEW1: ROUND([0]!______NEW1*0.0254,3)
Name ______o12111: '[4]#REF'!#REF!
Name ______Q1: [11]Sheet5!#REF!
Name ______sn0001: [7]도!#REF!
Name ______st1: "Group 41"
Name ______t2: '[10]BEND LOSS'!#REF!
Name ______UP1: [5]부하계산서!#REF!
Name ______UP2: [5]부하계산서!#REF!
Name ______W2: '[10]BEND LOSS'!#REF!
Name ______W4: '[9]BEND LOSS'!#REF!
Name _____A1: BlankMacro1
Name _____A3: BlankMacro1
Name _____A70000: '[12]4-3 보온 기본물량집계'!#REF!
Name _____A70001: '[12]4-3 보온 기본물량집계'!#REF!
Name _____D1: '[9]BEND LOSS'!#REF!
Name _____D2: '[10]BEND LOSS'!#REF!
Name _____LPB1: [5]부하계산서!#REF!

Sheet VXXXXX

Sheet 제경비(설치비)내역서
B1: '26. 01. 01.부 시행 | Q1: 투자부서에서는 파란색 점선영역과 순공사비내역서 노란색 영역을 기입하여 구매부서로 구매의뢰시 첨부 (File Naming Rule : YYMMDD_부서명_제경비내역서 초안_투자명)
Q2: 산업안전보건관리비를 산출하여 구매부서로 구매의뢰시 첨부 (File Naming Rule : YYMMDD_부서명_제경비내역서 초안_투자명)
B3: ○ 계약건명 : | E3: (포항)3소결 청정 탈황설비 Conveyor류 성능복원 | Q3: 공급사에서 노란색셀에 Data를 제경비요율표 및 가이드라인 확인 후 입력
B4: 제 경 비(설치비) 내 역 서 | P4: 1. 산업안전보건관리비 계산산식 : 대상액 구분 가능여부와 현장 제작설비 여부에 따른 구분, 해당부분에만 숫자 1입력
B5: 구 분 | G5: 계산근거 | N5: 공사비 | P5: 2. 공사기간 : 해당 공사기간입력
B6: 사 업 명 : | P6: 3. 공사구분 : 해당 공사구분에만 숫자 1 입력 (ex) 기계,전기, 토목, 건축 등 복합공종인 경우 주공종 1개에만 숫자 1입력)
B7: 1. 도급 재료비 | P7: 4. 요율 : 제경비 요율표를 참조하여 해당 건설하도급대금지급보증비 요율과 건설기계대여금 지급보증비 요율 합해 %를 제외한 숫자 셋째짜리까지 기입
B8: 재료비 계 | N8: ='기계공사비 내역서 '!L26 -> 155509820 | P8: 5. 환경보전비 0.4% 고정(단, 전기,정보통신,소방공사는 0 입력)
B9: 2. 노무비 | V9: [간접노무비 요율표] | AD9: [간접노무비 요율표]
C10: 가) 직접노무비 | N10: ='기계공사비 내역서 '!L56 -> 3.8232057e+08 | P10: [산업안전보건관리비 계산산식] | V10: 금액/개월 | Y10: 토목,건축 | AA10: 기계,전기 | AD10: 토목,건축 | AH10: 기계,전기
C11: 나) 간접노무비 | G11: (직접노무비) × 간접노무비율 | P11: 대상액 구분가능 or 완제품설비 | Q11: 대상액 구분불가 or 현장제작설비 | Y11: 금액 | Z11: 기간 | AA11: 금액 | AB11: 기간 | AD11: 금액 | AE11: 요율 | AF11: 기간 | AG11: 요율 | AH11: 금액 | AI11: 요율 | AJ11: 기간 | AK11: 요율 | AM11: [건설기계대여지급보증비 요율표]
G12: =N10 -> 3.8232057e+08 | J12: × | K12: =Q35 -> 10.5 | L12: = | N12: =INT((G12)*K12/100) -> 40143660 | P12: 1 | V12: 5억원미만 / 6개월미만 | Y12: 0.15 | Z12: 0.13 | AA12: 0.12 | AB12: 0.1 | AD12: 0 | AE12: 15 | AF12: 0 | AG12: 13 | AH12: 0 | AI12: 12 | AJ12: 0 | AK12: 10 | AM12: 1. 발주자와 종합건설업자가 계약시 적용요율
P13: [공사기간] | V13: 5억원~20억원미만 / 6~18개월 | Y13: 0.14 | Z13: 0.14 | AA13: 0.11 | AB13: 0.11 | AD13: 500000000 | AE13: 14 | AF13: 6 | AG13: 14 | AH13: 500000000 | AI13: 11 | AJ13: 6 | AK13: 11 | AM13: 토목공사(토목·건축공사 포함) | AU13: 0.004
B14: 노무비 계 | N14: =SUM(N10,N12) -> 4.2246423e+08 | P14: 2 | Q14: 개월 | V14: 20억원이상 / 18개월이상 | Y14: 0.13 | Z14: 0.15 | AA14: 0.1 | AB14: 0.12 | AD14: 2000000000 | AE14: 13 | AF14: 18 | AG14: 15 | AH14: 2000000000 | AI14: 10 | AJ14: 18 | AK14: 12 | AM14: 건축공사 | AU14: 0.0007
B15: 3. 경비 | P15: [투자구분] | V15: [고용보험료 요율표] | AD15: [고용보험료 요율표] | AE15: 토건 | AG15: 건축 | AM15: 산업·환경설비공사 | AU15: 0.0016
B16: 경비 | N16: ='기계공사비 내역서 '!L69 -> 6.5086407e+08 | P16: 프로젝트성 | Q16: 정비성 | V16: 등 급 별 (추정금액) (단위 : 미만 ~ 이상) | AA16: 2024년도 | AD16: 금액 | AE16: 요율 | AF16: 등급 | AG16: 금액 | AH16: 요율 | AI16: 등급 | AM16: 조경공사 | AU16: 0.0018
C17: 가) 보험료 (산재보험) | G17: (직접노무비 ＋ 간접노무비) × 산재보험율 | Q17: 1 | V17: 1 등급 : | W17: 토목 1400억이상 | Y17: 건축 1200억 이상 | AA17: 0.0157 | AD17: 0 | AE17: 1.01 | AF17: 7 | AG17: 0 | AH17: 1.01 | AI17: 7 | AM17: 2. 발주자와 전문건설업자가 계약시 적용요율
G18: =N10 -> 3.8232057e+08 | H18: ＋ | I18: =N12 -> 40143660 | J18: × | K18: =Q36 -> 3.56 | L18: = | N18: =INT((G18+I18)*K18/100) -> 15039726 | P18: [공사구분 : 공사비] | V18: 2 등급 : | W18: 토목 1400억~900억 | Y18: 건축 1200억~900억 | AA18: 0.013 | AD18: 14000000000 | AE18: 1.02 | AF18: 6 | AG18: 13000000000 | AH18: 1.02 | AI18: 6 | AM18: A 그룹 : | AN18: 준설공사, 포장공사, 토공사, 비계·구조물해체공사 | AU18: 0.0068
F19: (고용보험) | G19: (직접노무비 ＋ 간접노무비) × 고용보험율 | P19: 토목 | Q19: 건축 | S19: 기계 | T19: 전기 | V19: 3 등급 : | W19: 토목 900억~570억 | Y19: 건축 800억~520억 | AA19: 0.0113 | AD19: 22000000000 | AE19: 1.03 | AF19: 5 | AG19: 21000000000 | AH19: 1.03 | AI19: 5 | AM19: B 그룹 : | AN19: 상·하수도설비공사, 수중공사, 보링·그라우팅공사 | AU19: 0.0051
G20: =N10 -> 3.8232057e+08 | H20: ＋ | I20: =N12 -> 40143660 | J20: × | K20: =Q37 -> 1.01 | L20: = | N20: =INT((G20+I20)*K20/100) -> 4266888 | S20: 1 | V20: 4 등급 : | W20: 토목 570억~370억 | Y20: 건축 520억~340억 | AA20: 0.01063 | AD20: 37000000000 | AE20: 1.06 | AF20: 4 | AG20: 34000000000 | AH20: 1.06 | AI20: 4 | AM20: C 그룹 : | AN20: 석공사, 시설물유지관리, 철근·콘크리트공사, 가스시설공사(1종) | AU20: 0.0032
F21: (국민연금) | G21: (직접노무비) × 국민연금율 | P21: [공사구분 : 공사비+설비비] | V21: 5 등급 : | W21: 토목 370억~220억 | Y21: 건축 340억~210억 | AA21: 0.0103 | AD21: 57000000000 | AE21: 1.13 | AF21: 3 | AG21: 52000000000 | AH21: 1.13 | AI21: 3 | AM21: D 그룹 : | AN21: 조경시설물설치, 조경식재, 도장공사, 철도궤도, 철강재설치공사 | AU21: 0.0016
G22: =N10 -> 3.8232057e+08 | J22: × | K22: =Q38 -> 4.75 | L22: = | N22: =INT((G22)*K22/100) -> 18160227 | P22: 토목 | Q22: 건축 | S22: 기계 | T22: 전기 | V22: 6 등급 : | W22: 토목 220억~140억 | Y22: 건축 210억~130억 | AA22: 0.0102 | AD22: 90000000000 | AE22: 1.3 | AF22: 2 | AG22: 80000000000 | AH22: 1.3 | AI22: 2 | AM22: E 그룹 : | AN22: A그룹～D그룹 이외의 공사 | AU22: 0.001
F23: (건강보험) | G23: (직접노무비) × 건강보험율 | S23: 1 | V23: 7 등급 : | W23: 토목 140억~ 7등급 미만 | Y23: 건축 130억~ 7등급 미만 | AA23: 0.0101 | AD23: 140000000000 | AE23: 1.57 | AF23: 1 | AG23: 120000000000 | AH23: 1.57 | AI23: 1
G24: =N10 -> 3.8232057e+08 | J24: × | K24: =Q39 -> 3.595 | L24: = | N24: =INT((G24)*K24/100) -> 13744424 | P24: [산업안전보건관리비 요율 구분] | AD24: [산업안전보건관리비 요율표] | AM24: [건설 하도급대금지급보증비 요율표]
F25: (요양보험) | G25: (국민건강보험료) × 노인장기요양보험율 | P25: 플랜트 공사 | Q25: 플랜트 外 공사 | V25: [산업안전보건관리비 요율표] | AD25: 건축공사 | AF25: 토목공사 | AM25: 공사규모 (추정가격) | AU25: 2018년도
G26: =N24 -> 13744424 | J26: × | K26: =Q40 -> 13.14 | L26: = | N26: =INT((G26)*K26/100) -> 1806017 | Q26: 1 | V26: 구분 | X26: 건축공사 요율/기초액 | Z26: 토목공사 요율/기초액 | AD26: 금액 | AE26: 요율 | AF26: 금액 | AG26: 요율 | AM26: 50억 미만 | AU26: 0.00081
P27: [공종별 추정비율 : 공급사에서 필히 현장조사 후 입찰 준비하시길 바랍니다] | V27: 2천만원 미만 | X27: 3.11 | Z27: 3.15 | AD27: 0 | AE27: 3.11 | AF27: 0 | AG27: 3.15 | AM27: 50억원～100억원 미만 | AU27: 0.0008
C28: 나) 산업안전보건관리비 | G28: =IF(P12=AE66,AF66,AF67) -> (도급재료비 ＋ 발주자재료비 ＋ 직접노무비) × 산업안전보건관리비율 ＋ 기초액 | N28: =IF(P12=AE70,AF70,AF71) -> (설비비 포함) | P28: 기계 : 10%, 전기 : 90% | V28: 2천만원~5억원 미만 | X28: 3.11 | Z28: 3.15 | AD28: 20000000 | AE28: 3.11 | AF28: 20000000 | AG28: 3.15 | AM28: 100억원～300억원 미만 | AU28: 0.00075
G29: =(N8+'[383]순공사비 내역서 '!L176)*P12+Q53*Q12*0.7 -> 156509820 | H29: ＋ | I29: =N10*P12 -> 3.8232057e+08 | J29: × | K29: =((IF((G29+I29)="","",VLOOKUP((G29+I29),AD27:AE31,2,1))*Q26+IF((G29+I29)="","",VLOOKUP((G29+I29),AF27:AG31,2,1))*P26)) -> 2.28 | L29: ＋ | M29: =SUMIF(Z27:Z31,K29,AA27:AA31)+SUMIF(X27:X31,K29,Y27:Y31)+SUMIF(AB27:AB31,K29,AC27:AC31) -> 4325000 | N29: =INT((G29+I29)*K29/100+M29) -> 16610332 | P29: [필수면허] | V29: 5억원~50억원 미만 | W29: G2(1.86%+5,349 천원) | X29: 2.28 | Y29: 4325000 | Z29: 2.53 | AA29: 3300000 | AD29: 500000000 | AE29: 2.28 | AF29: 500000000 | AG29: 2.53 | AM29: 300억원 이상 (최저가낙찰 대상공사) | AR29: - 토목및산업설비 | AU29: 0.00071
G30: =IF(P12=AE68,AF68,AF69) -> ((도급재료비 ＋ 직접노무비) × 산업안전보건관리비율 ＋ 기초액) x 1.2 | N30: =IF(P12=AE72,AF72,AF73) -> (설비비 제외) | P30: 기계공사, 전기공사 면허 | V30: 50억원 이상 | W30: G3(1.97%) | X30: 2.37 | Z30: 2.6 | AD30: 5000000000 | AE30: 2.37 | AF30: 5000000000 | AG30: 2.6 | AR30: - 건축 | AU30: 0.00068
G31: =N8*P12+Q53*Q12*0.7 -> 155509820 | H31: ＋ | I31: =N10*P12 -> 3.8232057e+08 | J31: × | K31: =((IF((G31+I31)="","",VLOOKUP((G31+I31),AF27:AG31,2,1))*P26+IF((G31+I31)="","",VLOOKUP((G31+I31),AD27:AE31,2,1))*Q26)) -> 2.28 | L31: ＋ | M31: =SUMIF(Z27:Z31,K31,AA27:AA31)+SUMIF(X27:X31,K31,Y27:Y31)+SUMIF(AB27:AB31,K31,AC27:AC31) -> 4325000 | N31: =INT((G31+I31)*K31/100+M31)*1.2 -> 19905038 | V31: 800억원 이상 | W31: G3(1.97%) | X31: 2.64 | Z31: 2.73 | AD31: 80000000000 | AE31: 2.64 | AF31: 80000000000 | AG31: 2.73 | AM31: 턴키(대안)공사 | AU31: 0.00084
B32: 산업안전보건관리비 적용 | N32: 20907508
P33: [요율]
C34: 다) 법정경비(퇴직공제비) | G34: (직접노무비) × 퇴직공제비율 | P34: 구분 | Q34: 요율 | S34: 비고
G35: =N10 -> 3.8232057e+08 | J35: × | K35: =Q42 -> 2.3 | L35: = | N35: =INT((G35)*K35/100) -> 8793373 | P35: 간접노무비 | Q35: =(IF((N8+N10+N16)="","",VLOOKUP((N8+N10+N16),AD12:AE14,2,1))*P20+IF((N8+N10+N16)="","",VLOOKUP((N8+N10+N16),AD12:AE14,2,1))*Q20+IF((N8+N10+N16)="","",VLOOKUP((N8+N10+N16),AH12:AI14,2,1))*S20+IF((N8+N10+N16)="","",VLOOKUP((N8+N10+N16),AH12:AI14,2,1))*T20+IF((P14)="","",VLOOKUP((P14),AF12:AG14,2,1))*P20+IF((P14)="","",VLOOKUP((P14),AF12:AG14,2,1))*Q20+IF((P14)="","",VLOOKUP((P14),AJ12:AK14,2,1))*S20+IF((P14)="","",VLOOKUP((P14),AJ12:AK14,2,1))*T20)/2 -> 10.5 | R35: %
P36: 산재보험 | Q36: 3.56 | R36: % | S36: 법정요율 | AF36: 설비비포함 | AG36: =IF(N32=N29,1,0) -> 0
C37: 라) 건설기계대여지급보증비 | G37: (도급재료비 ＋ 직접노무비 ＋ 산출경비 ) × 지급보증비율 | P37: 고용보험 | Q37: =IF((N8+N14+N16)="","",VLOOKUP((N8+N14+N16),AD17:AE23,2,1)) -> 1.01 | R37: % | S37: 법정요율 | AF37: 1.2배 | AG37: =IF(N32=N31,1,0) -> 0
G38: =N8 -> 155509820 | H38: ＋ | I38: =N10 -> 3.8232057e+08 | J38: ＋ | K38: =N16 -> 6.5086407e+08 | L38: × | M38: =Q43 -> 0.11 | N38: =INT((G38+I38+K38)*M38/100) -> 1307563 | P38: 국민연금 | Q38: 4.75 | R38: % | S38: 법정요율
P39: 건강보험 | Q39: 3.595 | R39: % | S39: 법정요율
C40: 마) 환경보전비 | G40: (도급재료비 ＋ 직접노무비 ＋ 산출경비 ) × 지급보증비율 | P40: 요양보험 | Q40: 13.14 | R40: % | S40: 법정요율 | AF40: =Q58 -> 0 | AG40: =IF(AF40>=80000000000,1,0) -> 0
G41: =N8 -> 155509820 | H41: ＋ | I41: =N10 -> 3.8232057e+08 | J41: ＋ | K41: =N16 -> 6.5086407e+08 | L41: × | M41: =Q44 -> 0 | N41: =INT((G41+I41+K41)*M41/100) -> 0 | P41: 산업안전보건관리비 | Q41: =K29*AG36+K31*AG37 -> 0 | R41: % | S41: 법정요율 | AG41: =IF(AF40<80000000000,1,0) -> 1
P42: 퇴직공제비 | Q42: 2.3 | R42: % | S42: 법정요율
C43: 바) 기타경비 | G43: (도급재료비 ＋ 노무비 ＋ 대상경비 ) × 기타경비율 | P43: 지급보증비 | Q43: 0.11 | R43: % | S43: 법정요율
G44: =N8 -> 155509820 | H44: ＋ | I44: =N14 -> 4.2246423e+08 | J44: ＋ | K44: =N16+N18+N20+N22+N24+N26+N32 -> 7.2478886e+08 | L44: × | M44: =Q45 -> 3.72 | N44: =INT((G44+I44+K44)*M44/100) -> 48462780 | P44: 환경보전비 | Q44: 0 | R44: % | S44: 법정요율
P45: 기타경비 | Q45: 3.72 | R45: %
C46: 사) 안전인력 선임 비용 | G46: 전담안전관리자 | H46: + | I46: 생명지킴이 | P46: 일반관리비 | Q46: =(IF((N8+N14+N52)="","",VLOOKUP((N8+N14+N52),AD55:AE57,2,1)))*P17+(IF((N8+N14+N52)="","",VLOOKUP((N8+N14+N52),AF55:AG57,2,1)))*Q17 -> 5 | R46: %
G47: =T64 -> 31088400 | I47: =T65 -> 0 | N47: =INT(G47+I47) -> 31088400 | P47: 이윤 | Q47: 11 | R47: % | T47: 노란색 셀은 요율표를 참조하여 직접입력
C49: 아) 안전관리비(건설기술진흥법) | N49: ='[383]순공사비 내역서 '!L134 -> 2000000
C51: 자) 품질관리비(건설기술진흥법) | N51: ='[383]순공사비 내역서 '!L140 -> 2000000
B52: 경비 계 | N52: =SUM(N16,N18,N20,N22,N24,N26,N32,N35,N38,N41,N44,N47,N49,N51) -> 8.1844098e+08 | P52: ○ 대상액 구분이 되지 않거나 현장제작설비 선택시
B53: 4. 관리비 | P53: 예산금액 | V53: [일반관리비 요율표] | AD53: [일반관리비 요율표]
C54: 가) 일반관리비 | G54: (도급재료비 ＋ 노무비 ＋ 경비 ) × 일반관리비율 | V54: 프로젝트성 투자 | Z54: 정비성 투자 | AD54: 금액 | AE54: 요율 | AF54: 금액 | AG54: 요율
G55: =N8 -> 155509820 | H55: ＋ | I55: =N14 -> 4.2246423e+08 | J55: ＋ | K55: =N52 -> 8.1844098e+08 | L55: × | M55: =Q46 -> 5 | N55: =INT((G55+I55+K55)*M55/100) -> 69820751 | P55: ○ 산업안전보건관리비 대상금액이 800억원 이상시 기재 | V55: 금액/구분 | Y55: 요율 | Z55: 금액/구분 | AC55: 요율 | AD55: 0 | AE55: 6 | AF55: 0 | AG55: 6
C56: 나) 이윤 | G56: (노무비 ＋ 경비 ＋ 일반관리비 ) × 이윤율 | P56: - 대상액 구분가능 or 완제품설비 : 공사비 예산입력 | V56: 5억원미만 | Y56: 0.06 | Z56: 5천만원미만 | AC56: 0.06 | AD56: 500000000 | AE56: 5.5 | AF56: 50000000 | AG56: 5.5
G57: =N14 -> 4.2246423e+08 | H57: ＋ | I57: =K55 -> 8.1844098e+08 | J57: ＋ | K57: =N55 -> 69820751 | L57: × | M57: =Q47 -> 11 | N57: =INT((G57+I57+K57)*M57/100) -> 144179855 | P57: - 대상액 구분불가 or 현장제작설비 : 설비비, 공사비 예산입력 | V57: 5억원~30억원미만 | Y57: 0.055 | Z57: 5천만원~3억원미만 | AC57: 0.055 | AD57: 3000000000 | AE57: 5 | AF57: 300000000 | AG57: 5
P58: 대상금액 예산 (800억이상시) | V58: 30억원이상 | Y58: 0.05 | Z58: 3억원이상 | AC58: 0.05
B59: 5. 도급 공사비(설치비) | G59: 도급재료비 ＋ 노무비 ＋ 경비 ＋ 일반관리비 ＋ 이윤 =
B60: 공사비 합계 | N60: =ROUNDDOWN(N8+N14+N52+N55+N57,-3) -> 1610415000 | AD60: [이윤 요율표]
V61: [이윤 요율표] | AD61: 토건 | AF61: 기전
B62: ◈. 계상요령 | P62: [안전관리자/지킴이 선임비용] | V62: 금액/구분 | Y62: 토건 | Z62: 기전 | AD62: 금액 | AE62: 요율 | AF62: 금액 | AG62: 요율
C63: 1. 첨부의 <순공사비 내역서 sheet>에 공사내역을 입력 | P63: 구분 | Q63: 노임단가(원) | S63: 설계 M/D | T63: 선임비용(원) | V63: 10억원미만 | Y63: 0.15 | Z63: 0.12 | AD63: 0 | AE63: 15 | AF63: 0 | AG63: 12
C64: - 도급재료비(노란색 부분)에 공사용 자재 내역을 정확히 입력 | P64: 전담안전관리자 | Q64: 310884 | S64: 100 | T64: =Q64*S64 -> 31088400 | V64: 10억원~30억원미만 | Y64: 0.14 | Z64: 0.11 | AD64: 1000000000 | AE64: 14 | AF64: 1000000000 | AG64: 11
C65: - 직접노무비(노란색 부분)를 입력 ☞ 내역을 맞추기가 어려운 경우 1식으로 입력 | P65: 생명지킴이 | Q65: 183567 | T65: =Q65*S65 -> 0
C66: - 경비(노란색부분)에 토건노무비 + 도장노무비의 합계금액을 입력 | AE66: 1 | AF66: (도급재료비 ＋ 발주자재료비 ＋ 직접노무비) × 산업안전보건관리비율 ＋ 기초액
C67: - 설비비(노란색부분)에 설비 내역을 입력 | AF67: 계약금액 X 70% X 산업안전보건관리비 요율 + 기초액
C68: 2. 첨부의 <제경비내역서 sheet>에 공사기간, 공사구분, 이윤 입력 | AE68: 1 | AF68: ((도급재료비 ＋ 직접노무비) × 산업안전보건관리비율 ＋ 기초액) x 1.2
C69: - 공사기간(노란색부분)은 숫자로 입력 | AF69: 계약금액 X 70% X 산업안전보건관리비 요율 + 기초액
C70: - 공사구분(노란색부분)은 토목, 건축, 기계, 전기 중 택일하여 숫자 "1" 입력 | AE70: 1 | AF70: (설비비 포함)
C71: * 기계, 전기가 둘다 포함된 공사인 경우 기계에 숫자 "1" 입력 | AF71: -
C72: - 지급보증비, 환경보전비(노란색부분) 입력 | AE72: 1 | AF72: (설비비 제외)
C73: * 지급보증비는 종합건설업자인 경우 0.13%, 전문건설업자인 경우 0.11% 입력 | AF73: -
C74: * 환경보전비는 0.4% 입력 (단, 전기,정보통신,소방공사는 0 입력)
C75: - 이윤(노란색부분) 입력
C76: 3. <제경비내역서 sheet>의 도급공사비(설치비) 계와 계약서上 Installation 금액이 동일한지 확인
C77: ☞ 금액이 다르다면 기입력한 노란색 부분을 수정하여 금액을 맞춰야 함)
C78: 4. 당사와 협의없이 시트 임의 수정시 제재의뢰가 가능하며 공급사의 임의수정으로 인한 과태료 등 직간접 피해에 대해 청구되니 임의수정을 금함.

Sheet 기계공사비 내역서 
B1: ○ 계약건명 : | E1: =#REF! -> #REF!
B2: ○ 시공사 :
B3: 순 공 사 비 내 역 서
B4: 구 분 | G4: 품명 | H4: 세부규격 | I4: 수량 | J4: 단위 | K4: 단 가 | L4: 금 액 | M4: 비 고
B5: 사 업 명 :
B6: 1. 도급 재료비
L7: =INT(J7*K7) -> 0
G8: 기계공사 | I8: 1 | J8: 식 | K8: 1.5550982e+08 | L8: =INT(I8*K8) -> 155509820
L9: =INT(I9*K9) -> 0
L10: =INT(I10*K10) -> 0 | U10: 2C 4mm² | V10: 16
L11: =INT(I11*K11) -> 0 | U11: 3C 2.5mm² | V11: 40
L12: =INT(I12*K12) -> 0
L13: =INT(I13*K13) -> 0
L14: =INT(I14*K14) -> 0
L15: =INT(I15*K15) -> 0
L16: =INT(I16*K16) -> 0
L17: =INT(I17*K17) -> 0
L18: =INT(I18*K18) -> 0
L20: =J20*K20 -> 0
L21: =J21*K21 -> 0
L22: =J22*K22 -> 0
L23: =J23*K23 -> 0
B26: 재료비 계 | L26: =SUM(L7:L25) -> 155509820
B27: 2. 직접노무비
G28: 기계공사 | I28: 1 | J28: 식 | K28: 3.8232057e+08 | L28: =K28*I28 -> 3.8232057e+08
L30: =K30*I30 -> 0
L31: =K31*I31 -> 0
L32: =K32*I32 -> 0
L34: =K34*I34 -> 0
L35: =K35*I35 -> 0
L36: =K36*I36 -> 0
L37: =J37*K37 -> 0
L38: =J38*K38 -> 0
L39: =J39*K39 -> 0
L40: =J40*K40 -> 0
L41: =J41*K41 -> 0
L42: =J42*K42 -> 0
L43: =J43*K43 -> 0
L44: =J44*K44 -> 0
L45: =J45*K45 -> 0
L46: =J46*K46 -> 0
L47: =J47*K47 -> 0
L48: =J48*K48 -> 0
... L53: =J53*K53 -> 0
B56: 직접노무비 계 | L56: =SUM(L28:L55) -> 3.8232057e+08
B57: 3. 경비
B58: 기계경비
G59: 기계공사 | I59: 1 | J59: 식 | K59: 6.5086407e+08 | L59: =K59*I59 -> 6.5086407e+08
L61: =K61*I61 -> 0
L62: =K62*I62 -> 0
B67: 일반경장비,공구 손료
F68: ( | L68: ) × 0.03 = | M68: =INT((H68-J68)*0.03) -> 0
B69: 경비 계 | L69: =SUM(L59:L63,M68) -> 6.5086407e+08
B70: 순공사비 계 | L70: =L26+L56+L69 -> 1.1886945e+09
B71: 4. 설비비
G73: 기계설비 | H73: AC No1 & No.2 Conveyor 류 Assembly | I73: 1 | J73: 식 | K73: 1905300000 | L73: =I73*K73 -> 1905300000
G74: 기계설비 | H74: AC Make Up Conveyor 및 Unloading Conveyor Bucket 제작 | I74: 1 | J74: 식 | K74: 146822000 | L74: =I74*K74 -> 146822000
G75: 기계설비 | H75: Motor & Drive 제작 for AC Conveyor | I75: 1 | J75: 식 | K75: 11316000 | L75: =I75*K75 -> 11316000
G76: 기계설비 | H76: 유해위험방지계획서 + 자율안전신고 | I76: 1 | J76: 식 | K76: 15257000 | L76: =I76*K76 -> 15257000
G77: 설계비 | H77: 기계설계 | I77: 1 | J77: 식 | K77: 30000000 | L77: =I77*K77 -> 30000000
L79: =I79*K79 -> 0
L80: =I80*K80 -> 0
L81: =I81*K81 -> 0
L82: =I82*K82 -> 0
L83: =I83*K83 -> 0
L84: =I84*K84 -> 0
L85: =I85*K85 -> 0
L86: =I86*K86 -> 0
L87: =I87*K87 -> 0
L88: =I88*K88 -> 0
L89: =I89*K89 -> 0
L90: =I90*K90 -> 0
... L93: =I93*K93 -> 0
B113: 설비비 계 | L113: =SUM(L72:L112) -> 2108695000

Sheet 제경비(철거비)내역서
B1: '26. 01. 01.부 시행 | Q1: 투자부서에서는 파란색 점선영역과 순공사비내역서 노란색 영역을 기입하여 구매부서로 구매의뢰시 첨부 (File Naming Rule : YYMMDD_부서명_제경비내역서 초안_투자명)
Q2: 산업안전보건관리비를 산출하여 구매부서로 구매의뢰시 첨부 (File Naming Rule : YYMMDD_부서명_제경비내역서 초안_투자명)
B3: ○ 계약건명 : | E3: =#REF! -> #REF! | Q3: 공급사에서 노란색셀에 Data를 제경비요율표 및 가이드라인 확인 후 입력
B4: 제 경 비(설치비) 내 역 서 | P4: 1. 산업안전보건관리비 계산산식 : 대상액 구분 가능여부와 현장 제작설비 여부에 따른 구분, 해당부분에만 숫자 1입력
B5: 구 분 | G5: 계산근거 | N5: 공사비 | P5: 2. 공사기간 : 해당 공사기간입력
B6: 사 업 명 : | P6: 3. 공사구분 : 해당 공사구분에만 숫자 1 입력 (ex) 기계,전기, 토목, 건축 등 복합공종인 경우 주공종 1개에만 숫자 1입력)
B7: 1. 도급 재료비 | P7: 4. 요율 : 제경비 요율표를 참조하여 해당 건설하도급대금지급보증비 요율과 건설기계대여금 지급보증비 요율 합해 %를 제외한 숫자 셋째짜리까지 기입
B8: 재료비 계 | N8: ='전기공사비 내역서'!L13 -> 9443700 | P8: 5. 환경보전비 0.4% 고정(단, 전기,정보통신,소방공사는 0 입력)
B9: 2. 노무비 | V9: [간접노무비 요율표] | AD9: [간접노무비 요율표]
C10: 가) 직접노무비 | N10: ='전기공사비 내역서'!L24 -> 24331500 | P10: [산업안전보건관리비 계산산식] | V10: 금액/개월 | Y10: 토목,건축 | AA10: 기계,전기 | AD10: 토목,건축 | AH10: 기계,전기
C11: 나) 간접노무비 | G11: (직접노무비) × 간접노무비율 | P11: 대상액 구분가능 or 완제품설비 | Q11: 대상액 구분불가 or 현장제작설비 | Y11: 금액 | Z11: 기간 | AA11: 금액 | AB11: 기간 | AD11: 금액 | AE11: 요율 | AF11: 기간 | AG11: 요율 | AH11: 금액 | AI11: 요율 | AJ11: 기간 | AK11: 요율 | AM11: [건설기계대여지급보증비 요율표]
G12: =N10 -> 24331500 | J12: × | K12: =Q35 -> 11 | L12: = | N12: =INT((G12)*K12/100) -> 2676465 | P12: 1 | V12: 5억원미만 / 6개월미만 | Y12: 0.15 | Z12: 0.13 | AA12: 0.12 | AB12: 0.1 | AD12: 0 | AE12: 15 | AF12: 0 | AG12: 13 | AH12: 0 | AI12: 12 | AJ12: 0 | AK12: 10 | AM12: 1. 발주자와 종합건설업자가 계약시 적용요율
P13: [공사기간] | V13: 5억원~20억원미만 / 6~18개월 | Y13: 0.14 | Z13: 0.14 | AA13: 0.11 | AB13: 0.11 | AD13: 500000000 | AE13: 14 | AF13: 6 | AG13: 14 | AH13: 500000000 | AI13: 11 | AJ13: 6 | AK13: 11 | AM13: 토목공사(토목·건축공사 포함) | AU13: 0.004
B14: 노무비 계 | N14: =SUM(N10,N12) -> 27007965 | P14: 1 | Q14: 개월 | V14: 20억원이상 / 18개월이상 | Y14: 0.13 | Z14: 0.15 | AA14: 0.1 | AB14: 0.12 | AD14: 2000000000 | AE14: 13 | AF14: 18 | AG14: 15 | AH14: 2000000000 | AI14: 10 | AJ14: 18 | AK14: 12 | AM14: 건축공사 | AU14: 0.0007
B15: 3. 경비 | P15: [투자구분] | V15: [고용보험료 요율표] | AD15: [고용보험료 요율표] | AE15: 토건 | AG15: 건축 | AM15: 산업·환경설비공사 | AU15: 0.0016
B16: 경비 | N16: ='전기공사비 내역서'!L34 -> 42319539 | P16: 프로젝트성 | Q16: 정비성 | V16: 등 급 별 (추정금액) (단위 : 미만 ~ 이상) | AA16: 2024년도 | AD16: 금액 | AE16: 요율 | AF16: 등급 | AG16: 금액 | AH16: 요율 | AI16: 등급 | AM16: 조경공사 | AU16: 0.0018
C17: 가) 보험료 (산재보험) | G17: (직접노무비 ＋ 간접노무비) × 산재보험율 | Q17: 1 | V17: 1 등급 : | W17: 토목 1400억이상 | Y17: 건축 1200억 이상 | AA17: 0.0157 | AD17: 0 | AE17: 1.01 | AF17: 7 | AG17: 0 | AH17: 1.01 | AI17: 7 | AM17: 2. 발주자와 전문건설업자가 계약시 적용요율
G18: =N10 -> 24331500 | H18: ＋ | I18: =N12 -> 2676465 | J18: × | K18: =Q36 -> 3.56 | L18: = | N18: =INT((G18+I18)*K18/100) -> 961483 | P18: [공사구분 : 공사비] | V18: 2 등급 : | W18: 토목 1400억~900억 | Y18: 건축 1200억~900억 | AA18: 0.013 | AD18: 14000000000 | AE18: 1.02 | AF18: 6 | AG18: 13000000000 | AH18: 1.02 | AI18: 6 | AM18: A 그룹 : | AN18: 준설공사, 포장공사, 토공사, 비계·구조물해체공사 | AU18: 0.0068
F19: (고용보험) | G19: (직접노무비 ＋ 간접노무비) × 고용보험율 | P19: 토목 | Q19: 건축 | S19: 기계 | T19: 전기 | V19: 3 등급 : | W19: 토목 900억~570억 | Y19: 건축 800억~520억 | AA19: 0.0113 | AD19: 22000000000 | AE19: 1.03 | AF19: 5 | AG19: 21000000000 | AH19: 1.03 | AI19: 5 | AM19: B 그룹 : | AN19: 상·하수도설비공사, 수중공사, 보링·그라우팅공사 | AU19: 0.0051
G20: =N10 -> 24331500 | H20: ＋ | I20: =N12 -> 2676465 | J20: × | K20: =Q37 -> 1.01 | L20: = | N20: =INT((G20+I20)*K20/100) -> 272780 | S20: 1 | V20: 4 등급 : | W20: 토목 570억~370억 | Y20: 건축 520억~340억 | AA20: 0.01063 | AD20: 37000000000 | AE20: 1.06 | AF20: 4 | AG20: 34000000000 | AH20: 1.06 | AI20: 4 | AM20: C 그룹 : | AN20: 석공사, 시설물유지관리, 철근·콘크리트공사, 가스시설공사(1종) | AU20: 0.0032
F21: (국민연금) | G21: (직접노무비) × 국민연금율 | P21: [공사구분 : 공사비+설비비] | V21: 5 등급 : | W21: 토목 370억~220억 | Y21: 건축 340억~210억 | AA21: 0.0103 | AD21: 57000000000 | AE21: 1.13 | AF21: 3 | AG21: 52000000000 | AH21: 1.13 | AI21: 3 | AM21: D 그룹 : | AN21: 조경시설물설치, 조경식재, 도장공사, 철도궤도, 철강재설치공사 | AU21: 0.0016
G22: =N10 -> 24331500 | J22: × | K22: =Q38 -> 4.75 | L22: = | N22: =INT((G22)*K22/100) -> 1155746 | P22: 토목 | Q22: 건축 | S22: 기계 | T22: 전기 | V22: 6 등급 : | W22: 토목 220억~140억 | Y22: 건축 210억~130억 | AA22: 0.0102 | AD22: 90000000000 | AE22: 1.3 | AF22: 2 | AG22: 80000000000 | AH22: 1.3 | AI22: 2 | AM22: E 그룹 : | AN22: A그룹～D그룹 이외의 공사 | AU22: 0.001
F23: (건강보험) | G23: (직접노무비) × 건강보험율 | S23: 1 | V23: 7 등급 : | W23: 토목 140억~ 7등급 미만 | Y23: 건축 130억~ 7등급 미만 | AA23: 0.0101 | AD23: 140000000000 | AE23: 1.57 | AF23: 1 | AG23: 120000000000 | AH23: 1.57 | AI23: 1
G24: =N10 -> 24331500 | J24: × | K24: =Q39 -> 3.595 | L24: = | N24: =INT((G24)*K24/100) -> 874717 | P24: [산업안전보건관리비 요율 구분] | AD24: [산업안전보건관리비 요율표] | AM24: [건설 하도급대금지급보증비 요율표]
F25: (요양보험) | G25: (국민건강보험료) × 노인장기요양보험율 | P25: 플랜트 공사 | Q25: 플랜트 外 공사 | V25: [산업안전보건관리비 요율표] | AD25: 건축공사 | AF25: 토목공사 | AM25: 공사규모 (추정가격) | AU25: 2018년도
G26: =N24 -> 874717 | J26: × | K26: =Q40 -> 13.14 | L26: = | N26: =INT((G26)*K26/100) -> 114937 | Q26: 1 | V26: 구분 | X26: 건축공사 요율/기초액 | Z26: 토목공사 요율/기초액 | AD26: 금액 | AE26: 요율 | AF26: 금액 | AG26: 요율 | AM26: 50억 미만 | AU26: 0.00081
P27: [공종별 추정비율 : 공급사에서 필히 현장조사 후 입찰 준비하시길 바랍니다] | V27: 2천만원 미만 | X27: 3.11 | Z27: 3.15 | AD27: 0 | AE27: 3.11 | AF27: 0 | AG27: 3.15 | AM27: 50억원～100억원 미만 | AU27: 0.0008
C28: 나) 산업안전보건관리비 | G28: =IF(P12=AE66,AF66,AF67) -> (도급재료비 ＋ 발주자재료비 ＋ 직접노무비) × 산업안전보건관리비율 ＋ 기초액 | N28: =IF(P12=AE70,AF70,AF71) -> (설비비 포함) | P28: 기계 : 00%, 전기 : 00% | V28: 2천만원~5억원 미만 | X28: 3.11 | Z28: 3.15 | AD28: 20000000 | AE28: 3.11 | AF28: 20000000 | AG28: 3.15 | AM28: 100억원～300억원 미만 | AU28: 0.00075
G29: =(N8+'[383]순공사비 내역서 '!L176)*P12+Q53*Q12*0.7 -> 10443700 | H29: ＋ | I29: =N10*P12 -> 24331500 | J29: × | K29: =((IF((G29+I29)="","",VLOOKUP((G29+I29),AD27:AE31,2,1))*Q26+IF((G29+I29)="","",VLOOKUP((G29+I29),AF27:AG31,2,1))*P26)) -> 3.11 | L29: ＋ | M29: =SUMIF(Z27:Z31,K29,AA27:AA31)+SUMIF(X27:X31,K29,Y27:Y31)+SUMIF(AB27:AB31,K29,AC27:AC31) -> 0 | N29: =INT((G29+I29)*K29/100+M29) -> 1081508 | P29: [필수면허] | V29: 5억원~50억원 미만 | W29: G2(1.86%+5,349 천원) | X29: 2.28 | Y29: 4325000 | Z29: 2.53 | AA29: 3300000 | AD29: 500000000 | AE29: 2.28 | AF29: 500000000 | AG29: 2.53 | AM29: 300억원 이상 (최저가낙찰 대상공사) | AR29: - 토목및산업설비 | AU29: 0.00071
G30: =IF(P12=AE68,AF68,AF69) -> ((도급재료비 ＋ 직접노무비) × 산업안전보건관리비율 ＋ 기초액) x 1.2 | N30: =IF(P12=AE72,AF72,AF73) -> (설비비 제외) | P30: 기계공사, 전기공사 면허 | V30: 50억원 이상 | W30: G3(1.97%) | X30: 2.37 | Z30: 2.6 | AD30: 5000000000 | AE30: 2.37 | AF30: 5000000000 | AG30: 2.6 | AR30: - 건축 | AU30: 0.00068
G31: =N8*P12+Q53*Q12*0.7 -> 9443700 | H31: ＋ | I31: =N10*P12 -> 24331500 | J31: × | K31: =((IF((G31+I31)="","",VLOOKUP((G31+I31),AF27:AG31,2,1))*P26+IF((G31+I31)="","",VLOOKUP((G31+I31),AD27:AE31,2,1))*Q26)) -> 3.11 | L31: ＋ | M31: =SUMIF(Z27:Z31,K31,AA27:AA31)+SUMIF(X27:X31,K31,Y27:Y31)+SUMIF(AB27:AB31,K31,AC27:AC31) -> 0 | N31: =INT((G31+I31)*K31/100+M31)*1.2 -> 1260489.6 | V31: 800억원 이상 | W31: G3(1.97%) | X31: 2.64 | Z31: 2.73 | AD31: 80000000000 | AE31: 2.64 | AF31: 80000000000 | AG31: 2.73 | AM31: 턴키(대안)공사 | AU31: 0.00084
B32: 산업안전보건관리비 적용 | N32: 2571687
P33: [요율]
C34: 다) 법정경비(퇴직공제비) | G34: (직접노무비) × 퇴직공제비율 | P34: 구분 | Q34: 요율 | S34: 비고
G35: =N10 -> 24331500 | J35: × | K35: =Q42 -> 2.3 | L35: = | N35: =INT((G35)*K35/100) -> 559624 | P35: 간접노무비 | Q35: =(IF((N8+N10+N16)="","",VLOOKUP((N8+N10+N16),AD12:AE14,2,1))*P20+IF((N8+N10+N16)="","",VLOOKUP((N8+N10+N16),AD12:AE14,2,1))*Q20+IF((N8+N10+N16)="","",VLOOKUP((N8+N10+N16),AH12:AI14,2,1))*S20+IF((N8+N10+N16)="","",VLOOKUP((N8+N10+N16),AH12:AI14,2,1))*T20+IF((P14)="","",VLOOKUP((P14),AF12:AG14,2,1))*P20+IF((P14)="","",VLOOKUP((P14),AF12:AG14,2,1))*Q20+IF((P14)="","",VLOOKUP((P14),AJ12:AK14,2,1))*S20+IF((P14)="","",VLOOKUP((P14),AJ12:AK14,2,1))*T20)/2 -> 11 | R35: %
P36: 산재보험 | Q36: 3.56 | R36: % | S36: 법정요율 | AF36: 설비비포함 | AG36: =IF(N32=N29,1,0) -> 0
C37: 라) 건설기계대여지급보증비 | G37: (도급재료비 ＋ 직접노무비 ＋ 산출경비 ) × 지급보증비율 | P37: 고용보험 | Q37: =IF((N8+N14+N16)="","",VLOOKUP((N8+N14+N16),AD17:AE23,2,1)) -> 1.01 | R37: % | S37: 법정요율 | AF37: 1.2배 | AG37: =IF(N32=N31,1,0) -> 0
G38: =N8 -> 9443700 | H38: ＋ | I38: =N10 -> 24331500 | J38: ＋ | K38: =N16 -> 42319539 | L38: × | M38: =Q43 -> 0.11 | N38: =INT((G38+I38+K38)*M38/100) -> 83704 | P38: 국민연금 | Q38: 4.75 | R38: % | S38: 법정요율
P39: 건강보험 | Q39: 3.595 | R39: % | S39: 법정요율
C40: 마) 환경보전비 | G40: (도급재료비 ＋ 직접노무비 ＋ 산출경비 ) × 지급보증비율 | P40: 요양보험 | Q40: 13.14 | R40: % | S40: 법정요율 | AF40: =Q58 -> 0 | AG40: =IF(AF40>=80000000000,1,0) -> 0
G41: =N8 -> 9443700 | H41: ＋ | I41: =N10 -> 24331500 | J41: ＋ | K41: =N16 -> 42319539 | L41: × | M41: =Q44 -> 0 | N41: =INT((G41+I41+K41)*M41/100) -> 0 | P41: 산업안전보건관리비 | Q41: =K29*AG36+K31*AG37 -> 0 | R41: % | S41: 법정요율 | AG41: =IF(AF40<80000000000,1,0) -> 1
P42: 퇴직공제비 | Q42: 2.3 | R42: % | S42: 법정요율
C43: 바) 기타경비 | G43: (도급재료비 ＋ 노무비 ＋ 대상경비 ) × 기타경비율 | P43: 지급보증비 | Q43: 0.11 | R43: % | S43: 법정요율
G44: =N8 -> 9443700 | H44: ＋ | I44: =N14 -> 27007965 | J44: ＋ | K44: =N16+N18+N20+N22+N24+N26+N32 -> 48270889 | L44: × | M44: =Q45 -> 3.72 | N44: =INT((G44+I44+K44)*M44/100) -> 3151679 | P44: 환경보전비 | Q44: 0 | R44: % | S44: 법정요율
P45: 기타경비 | Q45: 3.72 | R45: %
C46: 사) 안전인력 선임 비용 | G46: 전담안전관리자 | H46: + | I46: 생명지킴이 | P46: 일반관리비 | Q46: =(IF((N8+N14+N52)="","",VLOOKUP((N8+N14+N52),AD55:AE57,2,1)))*P17+(IF((N8+N14+N52)="","",VLOOKUP((N8+N14+N52),AF55:AG57,2,1)))*Q17 -> 5.5 | R46: %
G47: =T64 -> 0 | I47: =T65 -> 0 | N47: =INT(G47+I47) -> 0 | P47: 이윤 | Q47: 12 | R47: % | T47: 노란색 셀은 요율표를 참조하여 직접입력
C49: 아) 안전관리비(건설기술진흥법) | N49: ='[383]순공사비 내역서 '!L134 -> 2000000
C51: 자) 품질관리비(건설기술진흥법) | N51: ='[383]순공사비 내역서 '!L140 -> 2000000
B52: 경비 계 | N52: =SUM(N16,N18,N20,N22,N24,N26,N32,N35,N38,N41,N44,N47,N49,N51) -> 56065896 | P52: ○ 대상액 구분이 되지 않거나 현장제작설비 선택시
B53: 4. 관리비 | P53: 예산금액 | V53: [일반관리비 요율표] | AD53: [일반관리비 요율표]
C54: 가) 일반관리비 | G54: (도급재료비 ＋ 노무비 ＋ 경비 ) × 일반관리비율 | V54: 프로젝트성 투자 | Z54: 정비성 투자 | AD54: 금액 | AE54: 요율 | AF54: 금액 | AG54: 요율
G55: =N8 -> 9443700 | H55: ＋ | I55: =N14 -> 27007965 | J55: ＋ | K55: =N52 -> 56065896 | L55: × | M55: =Q46 -> 5.5 | N55: =INT((G55+I55+K55)*M55/100) -> 5088465 | P55: ○ 산업안전보건관리비 대상금액이 800억원 이상시 기재 | V55: 금액/구분 | Y55: 요율 | Z55: 금액/구분 | AC55: 요율 | AD55: 0 | AE55: 6 | AF55: 0 | AG55: 6
C56: 나) 이윤 | G56: (노무비 ＋ 경비 ＋ 일반관리비 ) × 이윤율 | P56: - 대상액 구분가능 or 완제품설비 : 공사비 예산입력 | V56: 5억원미만 | Y56: 0.06 | Z56: 5천만원미만 | AC56: 0.06 | AD56: 500000000 | AE56: 5.5 | AF56: 50000000 | AG56: 5.5
G57: =N14 -> 27007965 | H57: ＋ | I57: =K55 -> 56065896 | J57: ＋ | K57: =N55 -> 5088465 | L57: × | M57: =Q47 -> 12 | N57: =INT((G57+I57+K57)*M57/100) -> 10579479 | P57: - 대상액 구분불가 or 현장제작설비 : 설비비, 공사비 예산입력 | V57: 5억원~30억원미만 | Y57: 0.055 | Z57: 5천만원~3억원미만 | AC57: 0.055 | AD57: 3000000000 | AE57: 5 | AF57: 300000000 | AG57: 5
P58: 대상금액 예산 (800억이상시) | V58: 30억원이상 | Y58: 0.05 | Z58: 3억원이상 | AC58: 0.05
B59: 5. 도급 공사비(설치비) | G59: 도급재료비 ＋ 노무비 ＋ 경비 ＋ 일반관리비 ＋ 이윤 =
B60: 공사비 합계 | N60: =ROUNDDOWN(N8+N14+N52+N55+N57,-3) -> 108185000 | AD60: [이윤 요율표]
V61: [이윤 요율표] | AD61: 토건 | AF61: 기전
B62: ◈. 계상요령 | P62: [안전관리자/지킴이 선임비용] | V62: 금액/구분 | Y62: 토건 | Z62: 기전 | AD62: 금액 | AE62: 요율 | AF62: 금액 | AG62: 요율
C63: 1. 첨부의 <순공사비 내역서 sheet>에 공사내역을 입력 | P63: 구분 | Q63: 노임단가(원) | S63: 설계 M/D | T63: 선임비용(원) | V63: 10억원미만 | Y63: 0.15 | Z63: 0.12 | AD63: 0 | AE63: 15 | AF63: 0 | AG63: 12
C64: - 도급재료비(노란색 부분)에 공사용 자재 내역을 정확히 입력 | P64: 전담안전관리자 | Q64: 310884 | T64: =Q64*S64 -> 0 | V64: 10억원~30억원미만 | Y64: 0.14 | Z64: 0.11 | AD64: 1000000000 | AE64: 14 | AF64: 1000000000 | AG64: 11
C65: - 직접노무비(노란색 부분)를 입력 ☞ 내역을 맞추기가 어려운 경우 1식으로 입력 | P65: 생명지킴이 | Q65: 183567 | T65: =Q65*S65 -> 0
C66: - 경비(노란색부분)에 토건노무비 + 도장노무비의 합계금액을 입력 | AE66: 1 | AF66: (도급재료비 ＋ 발주자재료비 ＋ 직접노무비) × 산업안전보건관리비율 ＋ 기초액
C67: - 설비비(노란색부분)에 설비 내역을 입력 | AF67: 계약금액 X 70% X 산업안전보건관리비 요율 + 기초액
C68: 2. 첨부의 <제경비내역서 sheet>에 공사기간, 공사구분, 이윤 입력 | AE68: 1 | AF68: ((도급재료비 ＋ 직접노무비) × 산업안전보건관리비율 ＋ 기초액) x 1.2
C69: - 공사기간(노란색부분)은 숫자로 입력 | AF69: 계약금액 X 70% X 산업안전보건관리비 요율 + 기초액
C70: - 공사구분(노란색부분)은 토목, 건축, 기계, 전기 중 택일하여 숫자 "1" 입력 | AE70: 1 | AF70: (설비비 포함)
C71: * 기계, 전기가 둘다 포함된 공사인 경우 기계에 숫자 "1" 입력 | AF71: -
C72: - 지급보증비, 환경보전비(노란색부분) 입력 | AE72: 1 | AF72: (설비비 제외)
C73: * 지급보증비는 종합건설업자인 경우 0.13%, 전문건설업자인 경우 0.11% 입력 | AF73: -
C74: * 환경보전비는 0.4% 입력 (단, 전기,정보통신,소방공사는 0 입력)
C75: - 이윤(노란색부분) 입력
C76: 3. <제경비내역서 sheet>의 도급공사비(설치비) 계와 계약서上 Installation 금액이 동일한지 확인
C77: ☞ 금액이 다르다면 기입력한 노란색 부분을 수정하여 금액을 맞춰야 함)
C78: 4. 당사와 협의없이 시트 임의 수정시 제재의뢰가 가능하며 공급사의 임의수정으로 인한 과태료 등 직간접 피해에 대해 청구되니 임의수정을 금함.

Sheet 전기공사비 내역서
B1: ○ 계약건명 : | E1: =#REF! -> #REF!
B2: ○ 시공사 :
B3: 순 공 사 비 내 역 서
B4: 구 분 | G4: 품명 | H4: 세부규격 | I4: 단 위 | J4: 수 량 | K4: 단 가 | L4: 금 액 | M4: 비 고
B5: 사 업 명 :
B6: 1. 도급 재료비
G7: 전기공사 | I7: 1 | J7: 식 | K7: 9443700 | L7: =INT(I7*K7) -> 9443700
B13: 재료비 계 | L13: =SUM(L7:L12) -> 9443700
B14: 2. 직접노무비
G15: 전기공사 | I15: 1 | J15: 식 | K15: 24331500 | L15: =K15*I15 -> 24331500
L23: =INT(J23*K23) -> 0
B24: 직접노무비 계 | L24: =SUM(L15:L23) -> 24331500
B25: 3. 경비
B26: 기계경비
G27: 전기공사 | I27: 1 | J27: 식 | K27: 42319539 | L27: =K27*I27 -> 42319539
B32: 일반경장비,공구 손료
F33: ( | L33: ) × 0.03 = | M33: =INT((H33-J33)*0.03) -> 0
B34: 경비 계 | L34: =SUM(L27:L31,M33) -> 42319539
B35: 순공사비 계 | L35: =L13+L24+L34 -> 76094739
B36: 4. 설비비
G37: 전기설비 | H37: PLC 개조, 계장밸브, 판넬류, 온도센서 등 | I37: 1 | J37: 식 | K37: 61605000 | L37: =I37*K37 -> 61605000
G38: 설계비 | H38: 기계 / 전기 설계 | I38: 1 | J38: 식 | K38: 11100000 | L38: =I38*K38 -> 11100000
L39: =INT(J39*K39) -> 0
L40: =INT(J40*K40) -> 0
B41: 설비비 계 | L41: =SUM(L37:L40) -> 72705000

Sheet 형강류
C2: 전 선 관 및 배 관 용 BRACKET 물 량 산 출 표
C3: 소 요 | D3: bracket | E3: bracket | F3: bracket | G3: bracket
A4: 구분 | B4: 규격 | C4: 거 리 | D4: 사용수량 | E4: 단위길이 | F4: 당 중량 | G4: 총중량 | H4: 비 고
C5: [ m ] | D5: [ EA ] | E5: [ mm ] | F5: [Kg/EA] | G5: [ Kg ]
A6: " | B6: ￠22 | C6: 0 | D6: =TRUNC(C6/1.5) -> 0 | E6: 200 | F6: =4.43*0.001*E6 -> 0.886 | G6: =TRUNC(+D6*F6*1000)/1000 -> 0
A7: " | B7: ￠28 | C7: 0 | D7: =TRUNC(C7/1.5) -> 0 | E7: 200 | F7: =4.43*0.001*E7 -> 0.886 | G7: =TRUNC(+D7*F7*1000)/1000 -> 0
A8: " | B8: ￠36 | C8: 0 | D8: =TRUNC(C8/1.5) -> 0 | E8: 200 | F8: =4.43*0.001*E8 -> 0.886 | G8: =TRUNC(+D8*F8*1000)/1000 -> 0
A9: " | B9: ￠42 | C9: 0 | D9: =TRUNC(C9/1.5) -> 0 | E9: 200 | F9: =4.43*0.001*E9 -> 0.886 | G9: =TRUNC(+D9*F9*1000)/1000 -> 0
A10: " | B10: ￠54 | C10: 0 | D10: =TRUNC(C10/1.5) -> 0 | E10: 200 | F10: =4.43*0.001*E10 -> 0.886 | G10: =TRUNC(+D10*F10*1000)/1000 -> 0
A11: " | B11: ￠70 | C11: 0 | D11: =TRUNC(C11/1.5) -> 0 | E11: 200 | F11: =4.43*0.001*E11 -> 0.886 | G11: =TRUNC(+D11*F11*1000)/1000 -> 0
A12: Air배관 | B12: 15A | C12: 0 | D12: =TRUNC(C12/1.5) -> 0 | E12: 200 | F12: =4.43*0.001*E12 -> 0.886 | G12: =TRUNC(+D12*F12*1000)/1000 -> 0
A13: Cable Tray | B13: W=600 | C13: 0 | D13: =TRUNC(C13/1.5) -> 0 | E13: 700 | F13: =4.43*0.001*E13 -> 3.101 | G13: =TRUNC(+D13*F13*1000)/1000 -> 0
A14: ㄷ Chanel | B14: 50x50x6t | C14: 0 | D14: 0 | F14: 9.36 | G14: =C14*F14 -> 0
A15: Angle | B15: 100X50X5X7.5 | C15: 0 | D15: 0 | F15: 17.1 | G15: =C15*F15 -> 0
A16: 합 계 | G16: =SUM(G6:G15) -> 0
A17: 참고: 1. | B17: 사용 | C17: bracket: | D17: 50m/mx50x6t[4.43Kg/m]
A18: 2. | B18: 물량 | C18: 할증: | D18: [5%=0.05]
B19: 실 사 용 물 량: | E19: = | F19: =G16 -> 0 | G19: [ kg ]
B20: 총 사 용 물 량: | D20: =G16 -> 0 | E20: x 1.05 = | F20: =TRUNC(+D20*1.05*1000)/1000 -> 0 | G20: [ kg ]
B21: 실 적 용 물 량: | E21: = | F21: =TRUNC(+F20)/1000 -> 0 | G21: [ Ton ]
C25: Panel류 Angle, Chanel 물량 산출표
A26: 구분 | B26: 수량 | C26: 길이 | D26: 단위중량(kg/ea) | E26: 중량(kg) | F26: 총중량(kg) | G26: 비고
A27: Local Panel | B27: 0 | C27: 2.4 | D27: 4.43 | E27: =D27*C27 -> 10.632 | F27: =E27*B27 -> 0 | G27: Angle
A28: Local Panel | B28: 0 | C28: 3.8 | D28: 9.36 | E28: =D28*C28 -> 35.568 | F28: =E28*B28 -> 0 | G28: Chanel
E29: 합계 | F29: =SUM(F27:F28) -> 0
A30: MCC Panel | B30: 0 | C30: 2.2 | D30: 9.36 | E30: =D30*C30 -> 20.592 | F30: =E30*B30 -> 0 | G30: 600기준
A31: 저압 Panel | B31: 2 | C31: 5.2 | D31: 9.36 | E31: =D31*C31 -> 48.672 | F31: =E31*B31 -> 97.344 | G31: 1800*1000 기준
A32: 고압 Panel | B32: 0 | C32: 5.6 | D32: 9.36 | E32: =D32*C32 -> 52.416 | F32: =E32*B32 -> 0 | G32: 2160 * 900 기준
E33: 총 합계 | F33: =SUM(F30:F32,F29) -> 97.344 | G33: [kg]
A34: 총 노무 물량 | F34: =F33/1000 -> 0.097344 | G34: [ton]
A35: 물량 할증 | D35: 0.05 | F35: =F34*0.05 -> 0.0048672 | G35: [ton]
A36: 총 재료 물량 | F36: =F34+F35 -> 0.1022112 | G36: [ton]

Sheet 도장
B1: 도장물량 및 소모자재비 · 노무비산출
A2: 가. 도장물량 산출
C3: 길 이 | D3: 기준면적 | E3: 도 장 | F3: 면 적 | G3: [ ㎡ ]
A4: 구 분 | B4: 규 격 | C4: m(ton) | D4: ㎡/m(㎡/T) | E4: 하도2회 | F4: 상도1회 | G4: 상도2회 | H4: 비 고
A5: 후강전선관 | B5: [￠16] | D5: 0.06597 | E5: - | F5: =C5*D5 -> 0 | G5: -
A6: " | B6: [￠22] | D6: 0.08325 | E6: - | F6: =C6*D6 -> 0 | G6: -
A7: " | B7: [￠28] | D7: 0.10461 | E7: - | F7: =C7*D7 -> 0 | G7: -
A8: " | B8: [￠36] | D8: 0.13163 | E8: - | F8: =C8*D8 -> 0 | G8: -
A9: " | B9: [￠42] | D9: 0.15016 | E9: - | F9: =C9*D9 -> 0 | G9: -
A10: " | B10: [￠54] | D10: 0.18723 | E10: - | F10: =C10*D10 -> 0 | G10: -
A11: " | B11: [￠70] | D11: 0.23624 | E11: - | F11: =C11*D11 -> 0 | G11: -
A12: " | B12: [￠82] | D12: 0.29612 | E12: - | F12: =C12*D12 -> 0 | G12: -
A13: " | B13: [￠104] | D13: 0.35625 | E13: - | F13: =C13*D13 -> 0 | G13: -
A14: ANGLE(ton) | B14: [30x30x3] | D14: 85.73 | E14: =C14*D14 -> 0 | F14: - | G14: =E14 -> 0
A15: ANGLE(ton) | B15: [30x30x5] | D15: 53.56 | E15: =C15*D15 -> 0 | F15: - | G15: =E15 -> 0
A16: ANGLE(ton) | B16: [50x50x4] | D16: 64.51 | E16: =C16*D16 -> 0 | F16: - | G16: =E16 -> 0
A17: ANGLE(ton) | B17: [50x50x5] | D17: 43.64 | E17: =C17*D17 -> 0 | F17: - | G17: =E17 -> 0
A18: ANGLE(ton) | B18: [50x50x6] | D18: 43.95 | E18: =C18*D18 -> 0 | F18: - | G18: =E18 -> 0
A19: CHANNELS | B19: [75x40x5] | D19: 41.81 | E19: =C19*D19 -> 0 | F19: - | G19: =E19 -> 0 | I19: 단위 확인
A20: CHANNELS | B20: [100x50x5] | D20: 40.37 | E20: =C20*D20 -> 0 | F20: - | G20: =E20 -> 0
A21: CHANNELS | B21: [150x70x6] | D21: 34.98 | E21: =C21*D21 -> 0 | F21: - | G21: =E21 -> 0
A22: STEEL PIPE | B22: [6A] | D22: 0.03299 | E22: =C22*D22 -> 0 | F22: - | G22: =E22 -> 0
A23: STEEL PIPE | B23: [8A] | D23: 0.04335 | E23: =C23*D23 -> 0 | F23: - | G23: =E23 -> 0
A24: STEEL PIPE | B24: [10A] | D24: 0.05435 | E24: =C24*D24 -> 0 | F24: - | G24: =E24 -> 0
A25: STEEL PIPE | B25: [15A] | D25: 0.06817 | E25: =C25*D25 -> 0 | F25: - | G25: =E25 -> 0
A26: STEEL PIPE | B26: [20A] | D26: 0.08545 | E26: =C26*D26 -> 0 | F26: - | G26: =E26 -> 0
A27: STEEL PIPE | B27: [25A] | D27: 0.10681 | E27: =C27*D27 -> 0 | F27: - | G27: =E27 -> 0
A28: STEEL PIPE | B28: [32A] | D28: 0.13415 | E28: =C28*D28 -> 0 | F28: - | G28: =E28 -> 0
A29: STEEL PIPE | B29: [40A] | D29: 0.15268 | E29: =C29*D29 -> 0 | F29: - | G29: =E29 -> 0
A30: STEEL PIPE | B30: [50A] | D30: 0.19007 | E30: =C30*D30 -> 0 | F30: - | G30: =E30 -> 0
A31: STEEL PIPE | B31: [65A] | D31: 0.2397 | E31: =C31*D31 -> 0 | F31: - | G31: =E31 -> 0
... A46: PLATES | B46: [6.0] | D46: 42.46 | E46: =C46*D46 -> 0 | F46: - | G46: =E46 -> 0
A47: PLATES | B47: [7.0] | D47: 36.4 | E47: =C46*D47 -> 0 | F47: - | G47: =E47 -> 0
A48: PLATES | B48: [8.0] | D48: 31.85 | E48: =C48*D48 -> 0 | F48: - | G48: =E48 -> 0
A49: PLATES | B49: [9.0] | D49: 28.309 | E49: =C49*D49 -> 0 | F49: - | G49: =E49 -> 0
A50: PLATES | B50: [10.0] | D50: 25.478 | E50: =C50*D50 -> 0 | F50: - | G50: =E50 -> 0
A51: PLATES | B51: [11.0] | D51: 23.162 | E51: =C51*D51 -> 0 | F51: - | G51: =E51 -> 0
A52: PLATES | B52: [12.0] | D52: 21.231 | E52: =C52*D52 -> 0 | F52: - | G52: =E52 -> 0
A53: PLATES | B53: [13.0] | D53: 19.598 | E53: =C53*D53 -> 0 | F53: - | G53: =E53 -> 0
A54: PLATES | B54: [14.0] | D54: 18.198 | E54: =C54*D54 -> 0 | F54: - | G54: =E54 -> 0
A55: 소 계 | B55: - | C55: - | D55: - | E55: =TRUNC(SUM(E5:E54),2) -> 0 | F55: =TRUNC(SUM(F5:F54),2) -> 0 | G55: =TRUNC(SUM(G5:G54),2) -> 0
A57: 나. 도장 소모자재비 · 노무비 산출 | H57: [건품:19-3,19-4]
A58: 항 목 | B58: 단 위 | C58: 조합PAINT | D58: 방청PAINT | E58: 신너 | F58: 연마지 | G58: 도장공
G59: (MAN/DAY) | H59: 비 고
A60: [도장면적] | C60: (6,372/L) | D60: (10,811/L) | E60: (2,577/L) | F60: (265/매) | G60: 174277
A61: 하도2회 | B61: [L/㎡] | C61: - | D61: 0.08 | E61: 0.008 | F61: 0.05 | G61: 0.03
A62: =E55 -> 0 | B62: [ L ] | C62: - | D62: =TRUNC(D61*E55,2) -> 0 | E62: =TRUNC(E61*F55,2) -> 0 | F62: =TRUNC(F61*G55,2) -> 0 | G62: =TRUNC(E55*G61,2) -> 0
A63: 상도1회 | B63: [L/㎡] | C63: 0 | D63: - | E63: 0 | F63: 0 | G63: 0.01
A64: =F55 -> 0 | B64: [ L ] | C64: =TRUNC(C63*F55,2) -> 0 | D64: - | E64: =TRUNC(E63*F55,2) -> 0 | F64: 0 | G64: =TRUNC(G63*F55,2) -> 0
A65: 상도2회 | B65: [L/㎡] | C65: 0.179 | D65: - | E65: 0.008 | F65: 0.1 | G65: 0.023
A66: =G55 -> 0 | B66: [ L ] | C66: =TRUNC(C65*G55,2) -> 0 | D66: - | E66: =TRUNC(E65*G55,2) -> 0 | F66: =TRUNC(F65*G55,2) -> 0 | G66: =TRUNC(G65*G55,2) -> 0
A67: 물량 집계 | B67: - | C67: =TRUNC(C64+C66,2) -> 0 | D67: =D62 -> 0 | E67: =E62+E64+E66 -> 0 | F67: =F62+F66+F64 -> 0 | G67: =G62+G64+G66 -> 0
A68: 적용 물량 | B68: - | C68: =IF((C67-TRUNC(C67))<0.6,TRUNC(+TRUNC(C67)+1),TRUNC(C67+1)) -> 1 | D68: =IF((D67-TRUNC(D67))<0.6,TRUNC(+TRUNC(D67)+1),TRUNC(D67+1)) -> 1 | E68: =IF((E67-TRUNC(E67))<0.6,TRUNC(+TRUNC(E67)+1),TRUNC(E67+1)) -> 1 | F68: =IF((F67-TRUNC(F67))<0.6,TRUNC(+TRUNC(F67)+1),TRUNC(F67+1)) -> 1 | G68: =G67 -> 0
A69: 소모자재비 | B69: - | C69: =INT(C68*C73) -> 6372 | D69: =INT(D68*D73) -> 10811 | E69: =INT(E68*E73) -> 2577 | F69: =INT(F68*F73) -> 265 | G69: 소모자재비계 | H69: =SUM(C69:F69) -> 20025
A70: 도장노무비계 | G70: 도장노무비계 | H70: =INT(G68*G60) -> 0
A71: 공구손료(인건비의 2%) | G71: 공구손료 | H71: =SUM(H70*0.02) -> 0
C72: 조합PAINT | D72: 방청PAINT | E72: 신너 | F72: 연마지
C73: 6372 | D73: 10811 | E73: 2577 | F73: 265
C74: 적산정보'13.상 | D74: 적산정보'13.상 | E74: 적산정보'13.상 | F74: 적산정보'13.상
C75: KSM-6020 | D75: KSM-6030 | E75: 조합페인터용

Sheet 방화
A1: 품 셈 # | D1: 방화 도료 칠 소모 자재비 및 노무비
A4: 가.방화도료 칠소모자재비
A5: 구 분 | C5: 품질 및 사양 | E5: 단 위 | F5: 수 량 | G5: 단 가 | H5: 금 액 | I5: 적용 근거
A6: 방재도료 | C6: Flame Mastic | E6: ㎡ | F6: =SUM(O59)/100 -> 1.14 | G6: 56700 | H6: =TRUNC(+F6*G6) -> 64638 | I6: VAX적용가
A7: 내화 Seal | C7: Hi-Seal | E7: ㎠ | F7: =SUM(F57) -> 300 | G7: 38 | H7: =TRUNC(+F7*G7) -> 11400 | I7: VAX적용가
A8: 방 화 판 | C8: 6tx910x1820mm | E8: 매 | F8: =SUM(O61)/100 -> 6.54 | G8: 1710 | H8: =TRUNC(+F8*G8) -> 11183 | I8: VAX적용가
A9: Rock-Wool | C9: Blanket#120x100t | E9: ㎡ | F9: =SUM(J57) -> 1.2 | G9: 18720 | H9: =TRUNC(+F9*G9) -> 22464 | I9: VAX적용가
A10: Drill Anchor | C10: M6x65L(100L) | E10: EA | F10: =SUM(L63) -> 24 | G10: 140 | H10: =TRUNC(+F10*G10) -> 3360 | I10: VAX적용가
A11: BIND WIRE | C11: 600V IV x 2.0㎟ | E11: M | F11: =SUM(L64) -> 4 | G11: 85 | H11: =TRUNC(+F11*G11) -> 340 | I11: VAX적용가
B13: 합 계 | H13: =SUM(H6:H11) -> 113385
A16: 나.방 화 도 료 칠 노 무 비
A17: 작 | B17: 업 | C17: 방 화 | D17: 도 료 | E17: Seal | F17: 단열판 | G17: 단 열
A18: 내 | B18: 용 | C18: 도포작 | D18: 업(㎡당) | E18: Putty | F18: 가 공 | G18: 충전단 | H18: 비 고
A19: 해 당 | B19: 노 임 | C19: 도 포 | D19: 소 계 | E19: 밀 착 | F19: 취 부 | G19: 가공취부
A20: 직 공 | B20: 단 가 | C20: 작 업 | E20: [㎏당] | F20: [㎡당] | G20: 부[㎡당]
A21: 도장공 | B21: =VLOOKUP(A21,#REF!,24,0) -> #REF! | C21: 0.091 | D21: =SUM(C21) -> 0.091 | E21: - | F21: - | G21: -
A22: 보통인부 | B22: =VLOOKUP(A22,#REF!,24,0) -> #REF! | C22: 0.091 | D22: =SUM(C22) -> 0.091 | E22: - | F22: - | G22: -
A23: 저압케이블전공 | B23: =VLOOKUP(A23,#REF!,24,0) -> #REF! | C23: 0.029 | D23: 0.029 | F23: - | G23: -
A24: 건축목공 | B24: =VLOOKUP(A24,#REF!,24,0) -> #REF! | C24: - | D24: - | E24: - | F24: 1.9281 | G24: 0.2375
A25: 특별인부 | B25: =VLOOKUP(A25,#REF!,24,0) -> #REF! | C25: - | D25: - | E25: 0.064 | F25: - | G25: -
A26: 단 위 노 임(A) | C26: - | D26: =TRUNC((B21*D21)+(B22*D22)) -> #REF! | E26: =B25*E25 -> #REF! | F26: =TRUNC(B24*F24) -> #REF! | G26: =TRUNC(B24*G24) -> #REF!
A27: 대 상 물 량(B) | C27: ㎡ | D27: =L59 -> 1.14 | E27: =L60 -> 0.6 | F27: =L61*0.183/1.05 -> 1.14 | G27: =J57 -> 1.2
A28: ( A x B ) | D28: =D26*D27 -> #REF! | E28: =E26*E27 -> #REF! | F28: =F26*F27 -> #REF! | G28: =TRUNC(+G26*G27) -> #REF!
A29: 노 무 비 계 | G29: =SUM(D28:G28) -> #REF!
A36: 산근 #3 | D36: 방 화 도 료 소 요 면 적 산 출
A37: [적용 구분] : [신설]
A38: 항목 | B38: 대 상 | C38: 방화도료 [㎡] | E38: 내화 Seal[㎠] | G38: 방화판 [매] | I38: RockWool[㎡] | K38: Bolt및 | L38: Nut[EA]
B39: Panel | C39: 기 준 | D39: 도 포 | E39: 기 준 | F39: 소 요 | G39: 기 준 | H39: 소 요 | I39: 기 준 | J39: 소 요 | K39: 기 준 | L39: 소 요
A40: 구분 | B40: 면 수 | C40: 면 적 | D40: 면 적 | E40: 면 적 | F40: 물 량 | G40: 면 적 | H40: 물 량 | I40: 면 적 | J40: 물 량 | K40: 면 적 | L40: 물 량
A41: MCC 반 | B41: 0 | C41: 0.35 | D41: =B41*C41 -> 0 | E41: 135 | F41: =B41*E41 -> 0 | G41: 0.16 | H41: =B41*G41 -> 0 | I41: 0.08 | J41: =B41*I41 -> 0 | K41: 6 | L41: =B41*K41 -> 0
A42: 저압반 | B42: 2 | C42: 0.38 | D42: =B42*C42 -> 0.76 | E42: 150 | F42: =B42*E42 -> 300 | G42: 0.57 | H42: =B42*G42 -> 1.14 | I42: 0.6 | J42: =B42*I42 -> 1.2 | K42: 12 | L42: =B42*K42 -> 24
A43: 고압반 | B43: 0 | C43: 0.47 | D43: =B43*C43 -> 0 | E43: 140 | F43: =B43*E43 -> 0 | G43: 0.5 | H43: =B43*G43 -> 0 | I43: 0.49 | J43: =B43*I43 -> 0 | K43: 10 | L43: =B43*K43 -> 0
A44: 벽관통 | B44: 0 | C44: 0.92 | D44: =B44*C44 -> 0 | E44: 432 | F44: =B44*E44 -> 0 | G44: 0.5 | H44: =B44*G44 -> 0 | I44: 0.18 | J44: =B44*I44 -> 0 | K44: 8 | L44: =B44*K44 -> 0
A45: [적 용] 소 계 | D45: =SUM(D41:D44) -> 0.76 | F45: =SUM(F41:F44) -> 300 | H45: =SUM(H41:H44) -> 1.14 | J45: =SUM(J41:J44) -> 1.2 | L45: =SUM(L41:L44) -> 24
A47: [적용 구분] : [개 조:품의 50%감]
A48: 항목 | B48: 대 상 | C48: 방화도료 [㎡] | E48: 내화 Seal[㎠] | G48: 방화판 [㎡] | I48: RockWool[㎡] | K48: Bolt및 | L48: Nut[EA]
B49: Panel | C49: 기 준 | D49: 도 포 | E49: 기 준 | F49: 소 요 | G49: 기 준 | H49: 소 요 | I49: 기 준 | J49: 소 요 | K49: 기 준 | L49: 소 요
A50: 구분 | B50: 면 수 | C50: 면 적 | D50: 면 적 | E50: 면 적 | F50: 물 량 | G50: 면 적 | H50: 물 량 | I50: 면 적 | J50: 물 량 | K50: 면 적 | L50: 물 량
A51: MCC 반 | B51: 0 | C51: 0.35 | D51: =B51*C51 -> 0 | E51: 135 | F51: =B51*E51 -> 0 | G51: 0.16 | H51: =B51*G51 -> 0 | I51: 0.08 | J51: =B51*I51 -> 0 | K51: 6 | L51: =B51*K51 -> 0
A52: 저압반 | B52: 0 | C52: 0.38 | D52: =B52*C52 -> 0 | E52: 150 | F52: =B52*E52 -> 0 | G52: 0.57 | H52: =B52*G52 -> 0 | I52: 0.6 | J52: =B52*I52 -> 0 | K52: 12 | L52: =B52*K52 -> 0
A53: 고압반 | B53: 0 | C53: 0.47 | D53: =B53*C53 -> 0 | E53: 140 | F53: =B53*E53 -> 0 | G53: 0.5 | H53: =B53*G53 -> 0 | I53: 0.49 | J53: =B53*I53 -> 0 | K53: 10 | L53: =B53*K53 -> 0
A54: 벽관통 | B54: 0 | C54: 0.92 | D54: =B54*C54 -> 0 | E54: 432 | F54: =B54*E54 -> 0 | G54: 0.5 | H54: =B54*G54 -> 0 | I54: 0.18 | J54: =B54*I54 -> 0 | K54: 8 | L54: =B54*K54 -> 0
A55: [적 용] 소 계 | D55: =SUM(D51:D54)/2 -> 0 | F55: =SUM(F51:F54)/2 -> 0 | H55: =SUM(H51:H54)/2 -> 0 | J55: =SUM(J51:J54)/2 -> 0 | L55: =SUM(L51:L54)/2 -> 0
A57: [적용] | B57: T0TAL | D57: =(+D45+D55) -> 0.76 | F57: =F45+F55 -> 300 | H57: =H45+H55 -> 1.14 | J57: =J45+J55 -> 1.2 | L57: =L45+L55 -> 24
A59: 1.방화 도료 면적 적용:[Cable 도표 면적+방화판1회도포면적(방화판총단면적÷3)]= | L59: =((+D57+(H57/3))) -> 1.14 | M59: [㎡] | N59: =SUM(L59)*10000 -> 11400 | O59: =TRUNC((N59)/100) -> 114
A60: 2.내화 SEAL 노무비적용: [내화 Seal 총단면적 (㎠) × 0.002 (㎏/㎠)]= | L60: =F57*0.002 -> 0.6 | M60: [㎏] | N60: =SUM(L60)*10000 -> 6000 | O60: =TRUNC((N60)/100) -> 60
A61: 3.방화판 : [(방화판 총면적(㎡) ÷ 0.183(㎡) × 1.05 (5%할증)]= | L61: =H57/0.183*1.05 -> 6.5409836 | M61: [매] | N61: =SUM(L61)*10000 -> 65409.836 | O61: =TRUNC((N61)/100) -> 654
A62: 4.Rock Wool [HOLE가로x HOLE세로 x 2 (겹)] 총 물량 적용= | L62: =J57*2 -> 2.4 | M62: [㎡] | N62: =SUM(L62)*10000 -> 24000 | O62: =TRUNC((N62)/100) -> 240
A63: 5.Bolt & Nut {[방화판가로+방화판세로)/0.3+1]x2} 총 물량 적용=(M6x100L) | L63: =L57 -> 24 | M63: [EA]
A64: 6.BIND WIRE :각개소의 2M | L64: =SUM(B41:B47)*2 -> 4 | M64: [M]

Sheet 계장배관
A1: No. | B1: 구분 | C1: 품명 | D1: 규격 | E1: 단위 | F1: 공종 | G1: 단가 | H1: 공수 | I1: 할증 | J1: 지역할증 | K1: 금액 | L1: 비고
C2: < 도압배관 공사 >
A3: 품5-A1 | C3: SGP STPG 38(SCH 40) | D3: 15A | E3: M | F3: 계장공 | G3: =VLOOKUP(F3,#REF!,23,0) -> #REF! | H3: 0.1 | I3: 1 | J3: 1.1 | K3: =H3*I3*G3*J3 -> #REF! | N3: 적용구분 | O3: 할증구분 | P3: 할증사항
F4: 배관공 | G4: =VLOOKUP(F4,#REF!,23,0) -> #REF! | H4: 0.1 | I4: 1 | J4: 1.1 | K4: =H4*I4*G4*J4 -> #REF! | N4: 계장설비 | O4: A | P4: 방폭공사 20%증,
F5: 보통인부 | G5: =VLOOKUP(F5,#REF!,23,0) -> #REF! | H5: 0.2 | I5: 1 | J5: 1.1 | K5: =H5*I5*G5*J5 -> #REF! | O5: A | P5: Loop 시험시 25%증
D6: 소 계 | G6: =VLOOKUP(F6,#REF!,23,0) -> #REF! | K6: =SUM(K3:K5) -> #REF! | O6: B | P6: 이설 40%증
G7: =VLOOKUP(F7,#REF!,23,0) -> #REF! | O7: B | P7: 철거 60%감
A8: 품5-A2 | C8: CONTROL AIR LINE | D8: 15A | E8: M | F8: 계장공 | G8: =VLOOKUP(F8,#REF!,23,0) -> #REF! | H8: 0.21 | I8: 1 | K8: =H8*I8*G8 -> #REF! | P8: ※ 1B:100A, 2B:150A,3B:200A,4B:300A 이하(Valve Size)로 적용
G9: =VLOOKUP(F9,#REF!,23,0) -> #REF!
A10: 품5-A3 | C10: VALVE | D10: 15A | E10: EA | F10: 계장공 | G10: =VLOOKUP(F10,#REF!,23,0) -> #REF! | H10: 0.2 | I10: 1 | K10: =H10*I10*G10 -> #REF!
G11: =VLOOKUP(F11,#REF!,23,0) -> #REF!
A12: 품5-A4 | C12: 강관배관 | D12: 50A | E12: M | F12: 배관공 | G12: =VLOOKUP(F12,#REF!,23,0) -> #REF! | H12: 0.248 | I12: 1.1 | K12: =H12*I12*G12 -> #REF!
E13: M | F13: 보통인부 | G13: =VLOOKUP(F13,#REF!,23,0) -> #REF! | H13: 0.063 | I13: 1.1 | K13: =H13*I13*G13 -> #REF!
D14: 소 계 | G14: =VLOOKUP(F14,#REF!,23,0) -> #REF! | K14: =SUM(K12:K13) -> #REF!
G15: =VLOOKUP(F15,#REF!,23,0) -> #REF!
A16: 품5-A5 | C16: 플랜트배관(용접탄소 강관) | D16: 150Ø | E16: 톤 | F16: 플랜트용접공 | G16: =VLOOKUP(F16,#REF!,23,0) -> #REF! | H16: 21.9 | I16: 1 | K16: =H16*I16*G16 -> #REF!
E17: 톤 | F17: 플랜트배관공 | G17: =VLOOKUP(F17,#REF!,23,0) -> #REF! | H17: 11 | I17: 1 | K17: =H17*I17*G17 -> #REF!
E18: 톤 | F18: 특별인부 | G18: =VLOOKUP(F18,#REF!,23,0) -> #REF! | H18: 11 | I18: 1 | K18: =H18*I18*G18 -> #REF!
D19: 소 계 | G19: =VLOOKUP(F19,#REF!,23,0) -> #REF! | K19: =SUM(K16:K18) -> #REF!
G20: =VLOOKUP(F20,#REF!,23,0) -> #REF!
A21: 품5-A6 | C21: 배관보온작업 | D21: 150Ø | E21: M | F21: 보온공 | G21: =VLOOKUP(F21,#REF!,23,0) -> #REF! | H21: 0.091 | I21: 1 | K21: =H21*I21*G21 -> #REF!
E22: M | F22: 특별인부 | G22: =VLOOKUP(F22,#REF!,23,0) -> #REF! | H22: 0.136 | I22: 1 | K22: =H22*I22*G22 -> #REF!
D23: 소 계 | G23: =VLOOKUP(F23,#REF!,23,0) -> #REF! | K23: 22255
A24: W8012 | G24: =VLOOKUP(F24,#REF!,23,0) -> #REF!
A25: 품5-A7 | C25: 계기설치 | D25: 일반각종 | E25: EA | F25: 계장공 | G25: =VLOOKUP(F25,#REF!,23,0) -> #REF! | H25: 0.27 | I25: 1 | K25: =H25*I25*G25 -> #REF!

Sheet Deck,접지, 컨테이너
A1: No. | B1: 구분 | C1: 품명 | D1: 규격 | E1: 단위 | F1: 공종 | G1: 단가 | H1: 공수 | I1: 할증 | J1: 지역할증 | K1: 금액 | L1: 비고
C2: < DECK 신설 > | N2: 적용구분 | O2: 할증구분 | P2: 할증사항
A3: 품4-A1 | C3: 강재류 가공 및 조립 | D3: 완제품설치 | E3: TON | F3: 보통인부 | G3: =VLOOKUP(F3,#REF!,23,0) -> #REF! | H3: 0.085 | I3: 1.8 | J3: 1 | K3: =H3*I3*G3*J3 -> #REF! | N3: 접지 | P3: 내선전공 기준
F4: 비계공 | G4: =VLOOKUP(F4,#REF!,23,0) -> #REF! | H4: 0.9 | I4: 1.8 | J4: 1 | K4: =H4*I4*G4*J4 -> #REF! | O4: B | P4: 철거 50%감
F5: 변전전공 | G5: =VLOOKUP(F5,#REF!,23,0) -> #REF! | H5: 6.85 | I5: 1.8 | J5: 1 | K5: =H5*I5*G5*J5 -> #REF! | O5: B | P5: 철거시 동판,동봉 미 설치시 90%감
D6: 소 계 | G6: =VLOOKUP(F6,#REF!,23,0) -> #REF! | K6: =SUM(K3:K5) -> #REF! | O6: B | P6: 접지봉 3본 연결을 초과한 1본연결 증가마다 0.07공(내선전공), 0.05공 (보통인부) 별도 계상
G7: =VLOOKUP(F7,#REF!,23,0) -> #REF!
A8: 품4-A2 | C8: 강재류 가공 및 조립 | D8: 현장제작설치 | E8: TON | F8: 철판공 | G8: =VLOOKUP(F8,#REF!,23,0) -> #REF! | H8: 27.4 | I8: 1.8 | J8: 1 | K8: =H8*I8*G8*J8 -> #REF!
F9: 플랜트용접공 | G9: =VLOOKUP(F9,#REF!,23,0) -> #REF! | H9: 3.6 | I9: 1.8 | J9: 1 | K9: =H9*I9*G9*J9 -> #REF!
F10: 보통인부 | G10: =VLOOKUP(F10,#REF!,23,0) -> #REF! | H10: 0.34 | I10: 1.8 | J10: 1 | K10: =H10*I10*G10*J10 -> #REF!
D11: 소 계 | G11: =VLOOKUP(F11,#REF!,23,0) -> #REF! | K11: =SUM(K8:K10) -> #REF!
G12: =VLOOKUP(F12,#REF!,23,0) -> #REF!
A13: W8611 | C13: < 접지 신설 > | G13: =VLOOKUP(F13,#REF!,23,0) -> #REF!
A14: 품4-A3 | C14: 접지봉 | D14: 길이 1~2M (3본) | E14: 개소 | F14: 통신외선공 | G14: =VLOOKUP(F14,#REF!,23,0) -> #REF! | H14: 0.45 | I14: 1 | J14: 1 | K14: =H14*I14*G14*J14 -> #REF!
F15: 보통인부 | G15: =VLOOKUP(F15,#REF!,23,0) -> #REF! | H15: 0.23 | I15: 1 | J15: 1 | K15: =H15*I15*G15*J15 -> #REF!
D16: 소 계 | G16: =VLOOKUP(F16,#REF!,23,0) -> #REF! | K16: =SUM(K14:K15) -> #REF!
G17: =VLOOKUP(F17,#REF!,23,0) -> #REF!
A18: 품4-A4 | C18: 동반매설 | D18: 1~1.5ㅡ 1매 | E18: EA | F18: 통신외선공 | G18: =VLOOKUP(F18,#REF!,23,0) -> #REF! | H18: 0.5 | I18: 1 | J18: 1 | K18: =H18*I18*G18*J18 -> #REF!
F19: 보통인부 | G19: =VLOOKUP(F19,#REF!,23,0) -> #REF! | H19: 0.5 | I19: 1 | J19: 1 | K19: =H19*I19*G19*J19 -> #REF!
D20: 소 계 | G20: =VLOOKUP(F20,#REF!,23,0) -> #REF! | K20: =SUM(K18:K19) -> #REF!
G21: =VLOOKUP(F21,#REF!,23,0) -> #REF!
A22: 품4-A5 | C22: 접지선 매설 | D22: 80mm 이하 | E22: M | F22: 통신외선공 | G22: =VLOOKUP(F22,#REF!,23,0) -> #REF! | H22: 0.015 | I22: 1 | J22: 1 | K22: =H22*I22*G22*J22 -> #REF!
G23: =VLOOKUP(F23,#REF!,23,0) -> #REF!
C24: 접지선 매설 | D24: 150mm 이하 | E24: M | F24: 통신외선공 | G24: =VLOOKUP(F24,#REF!,23,0) -> #REF! | H24: 0.02 | I24: 1 | J24: 1 | K24: =H24*I24*G24*J24 -> #REF!
G25: =VLOOKUP(F25,#REF!,23,0) -> #REF!
C26: < 컨테이너 신설 > | G26: =VLOOKUP(F26,#REF!,23,0) -> #REF!
A27: 품4-A6 | C27: 콘테이너형 가설 건축물 | D27: 6M | E27: EA | F27: 비계공 | G27: =VLOOKUP(F27,#REF!,23,0) -> #REF! | H27: 0.5 | I27: 1 | J27: 1 | K27: =H27*I27*G27*J27 -> #REF!
F28: 특별인부 | G28: =VLOOKUP(F28,#REF!,23,0) -> #REF! | H28: 0.25 | I28: 1 | J28: 1 | K28: =H28*I28*G28*J28 -> #REF!
D29: 소 계 | G29: =VLOOKUP(F29,#REF!,23,0) -> #REF! | K29: =SUM(K27:K28) -> #REF!
G30: =VLOOKUP(F30,#REF!,23,0) -> #REF!
A31: 품4-A7 | C31: 콘테이너형 가설 건축물 | D31: 12M | E31: EA | F31: 비계공 | G31: =VLOOKUP(F31,#REF!,23,0) -> #REF! | H31: 0.67 | I31: 1 | J31: 1 | K31: =H31*I31*G31*J31 -> #REF!
F32: 특별인부 | G32: =VLOOKUP(F32,#REF!,23,0) -> #REF! | H32: 0.33 | I32: 1 | J32: 1 | K32: =H32*I32*G32*J32 -> #REF!
D33: 소 계 | K33: =SUM(K31:K32) -> #REF!

Sheet pullbox, LCP
A1: No. | B1: 구분 | C1: 품명 | D1: 규격 | E1: 단위 | F1: 공종 | G1: 단가 | H1: 공수 | I1: 할증 | J1: 지역할증 | K1: 금액 | L1: 비고
A2: W7342 | C2: < Pull box > | N2: 적용구분 | O2: 할증구분 | P2: 할증사항
C3: PULL BOX 설치 | D3: 100 x 100 x 100 mm이하 | E3: EA | F3: 내선전공 | G3: =VLOOKUP(F3,#REF!,23,0) -> #REF! | H3: 0.17 | I3: 1.25 | J3: 1 | K3: =H3*I3*G3*J3 -> #REF! | N3: Pullbox | P3: 벽면 취부기준
G4: =VLOOKUP(F4,#REF!,23,0) -> #REF! | P4: Size는 Panel Size를 그대로 적용
C5: PULL BOX 설치 | D5: 250 x 250 x 200 mm이하 | E5: EA | F5: 내선전공 | G5: =VLOOKUP(F5,#REF!,23,0) -> #REF! | H5: 0.55 | I5: 1.25 | J5: 1 | K5: =H5*I5*G5*J5 -> #REF! | O5: A | P5: Block 벽체의 공동내 설치 20%증
G6: =VLOOKUP(F6,#REF!,23,0) -> #REF! | O6: A | P6: 철강조 노출설치 25%증
C7: PULL BOX 설치 | D7: 400 x 400 x 300 mm이하 | E7: EA | F7: 내선전공 | G7: =VLOOKUP(F7,#REF!,23,0) -> #REF! | H7: 0.66 | I7: 1.25 | J7: 1.1 | K7: =H7*I7*G7*J7 -> #REF! | O7: B | P7: 철거 70%감
G8: =VLOOKUP(F8,#REF!,23,0) -> #REF! | O8: A | P8: 방폭 및 방수형 200% 증
C9: PULL BOX 설치 | D9: 700 x 700 x 400 mm이하 | E9: EA | F9: 내선전공 | G9: =VLOOKUP(F9,#REF!,23,0) -> #REF! | H9: 0.95 | I9: 1.25 | J9: 1 | K9: =H9*I9*G9*J9 -> #REF! | P9: 통신공사시 통신내선공 적용
G10: =VLOOKUP(F10,#REF!,23,0) -> #REF! | N10: LCP, LCB 등 Local Box | P10: 천정면 적용
C11: PULL BOX 설치 | D11: 1000 x 1000 x 150 mm이하 | E11: EA | F11: 내선전공 | G11: =VLOOKUP(F11,#REF!,23,0) -> #REF! | H11: 1.23 | I11: 1.25 | J11: 1 | K11: =H11*I11*G11*J11 -> #REF!
G12: =VLOOKUP(F12,#REF!,23,0) -> #REF!
C13: PULL BOX 설치 | D13: 1200 x 1200 x 150 mm이하 | E13: EA | F13: 내선전공 | G13: =VLOOKUP(F13,#REF!,23,0) -> #REF! | H13: 1.56 | I13: 1.25 | J13: 1 | K13: =H13*I13*G13*J13 -> #REF!
G14: =VLOOKUP(F14,#REF!,23,0) -> #REF!
C15: < LCP > | G15: =VLOOKUP(F15,#REF!,23,0) -> #REF!
C16: LCP 설치 | D16: 100 x 100 x 100 mm이하 | E16: EA | F16: 내선전공 | G16: =VLOOKUP(F16,#REF!,23,0) -> #REF! | H16: 0.04 | I16: 1.25 | J16: 1 | K16: =H16*I16*G16*J16 -> #REF!
G17: =VLOOKUP(F17,#REF!,23,0) -> #REF!
C18: LCP 설치 | D18: 250 x 250 x 200 mm이하 | E18: EA | F18: 내선전공 | G18: =VLOOKUP(F18,#REF!,23,0) -> #REF! | H18: 0.22 | I18: 1.25 | J18: 1 | K18: =H18*I18*G18*J18 -> #REF!
G19: =VLOOKUP(F19,#REF!,23,0) -> #REF!
C20: LCP 설치 | D20: 400 x 400 x 300 mm이하 | E20: EA | F20: 내선전공 | G20: =VLOOKUP(F20,#REF!,23,0) -> #REF! | H20: 0.35 | I20: 1.25 | J20: 1 | K20: =H20*I20*G20*J20 -> #REF!
G21: =VLOOKUP(F21,#REF!,23,0) -> #REF!
C22: LCP 설치 | D22: 700 x 700 x 400 mm이하 | E22: EA | F22: 내선전공 | G22: =VLOOKUP(F22,#REF!,23,0) -> #REF! | H22: 0.66 | I22: 1.25 | J22: 1.1 | K22: =H22*I22*G22*J22 -> #REF!
G23: =VLOOKUP(F23,#REF!,23,0) -> #REF!
C24: LCP 설치 | D24: 1000 x 1000 x 150 mm이하 | E24: EA | F24: 내선전공 | G24: =VLOOKUP(F24,#REF!,23,0) -> #REF! | H24: 0.95 | I24: 1.25 | J24: 1 | K24: =H24*I24*G24*J24 -> #REF!
G25: =VLOOKUP(F25,#REF!,23,0) -> #REF!
C26: LCP 설치 | D26: 1200 x 1200 x 150 mm이하 | E26: EA | F26: 내선전공 | G26: =VLOOKUP(F26,#REF!,23,0) -> #REF! | H26: 1.3 | I26: 1.25 | J26: 1 | K26: =H26*I26*G26*J26 -> #REF!
G27: =VLOOKUP(F27,#REF!,23,0) -> #REF!
D28: 700 x 700 x 400 mm이하 | E28: EA | F28: 내선전공 | G28: =VLOOKUP(F28,#REF!,23,0) -> #REF! | H28: 0.66 | I28: =1.25*0.3 -> 0.375 | J28: 1.1 | K28: =H28*I28*G28*J28 -> #REF! | N28: 철거

Sheet 잡공사
A1: No. | B1: 구분 | C1: 품명 | D1: 규격 | E1: 단위 | F1: 공종 | G1: 단가 | H1: 공수 | I1: 할증 | J1: 지역할증 | K1: 금액 | L1: 비고
A2: W7344 | N2: 적용구분 | O2: 할증구분 | P2: 할증사항
A3: 품04-A3 | C3: 벽관통 구멍파기 | D3: 50cm | E3: 개소 | F3: 보통인부 | G3: =VLOOKUP(F3,#REF!,23,0) -> #REF! | H3: 2.3 | I3: 1 | J3: 1 | K3: =H3*I3*G3*J3 -> #REF! | N3: 벽관통 구멍파기 | O3: A | P3: 천정 50%증
G4: =VLOOKUP(F4,#REF!,23,0) -> #REF! | O4: A | P4: 방폭형 100%증
G5: =VLOOKUP(F5,#REF!,23,0) -> #REF!
A6: 품04-A7 | C6: 헐기 및 부수기 | D6: 콘크리트 | E6: M3 | F6: 할석공 | G6: =VLOOKUP(F6,#REF!,23,0) -> #REF! | H6: 2 | I6: 1 | J6: 1 | K6: =H6*I6*G6*J6 -> #REF!
G7: =VLOOKUP(F7,#REF!,23,0) -> #REF!
A8: 품04-A8 | C8: 비빔 콘크리트 타설(인력) | D8: 무근 | E8: M3 | F8: 보통인부 | G8: =VLOOKUP(F8,#REF!,23,0) -> #REF! | H8: 0.82 | I8: 1 | J8: 1 | K8: =H8*I8*G8*J8 -> #REF!
E9: M3 | F9: 콘크리트공 | G9: =VLOOKUP(F9,#REF!,23,0) -> #REF! | H9: 0.85 | I9: 1 | J9: 1 | K9: =H9*I9*G9*J9 -> #REF!
D10: 소 계 | G10: =VLOOKUP(F10,#REF!,23,0) -> #REF! | K10: =SUM(K8:K9) -> #REF!
G11: =VLOOKUP(F11,#REF!,23,0) -> #REF!
A12: 품04-A9 | C12: 인력터파기 | E12: M3 | F12: 보통인부 | G12: =VLOOKUP(F12,#REF!,23,0) -> #REF! | H12: 0.54 | I12: 1 | J12: 1 | K12: =H12*I12*G12*J12 -> #REF!
G13: =VLOOKUP(F13,#REF!,23,0) -> #REF!
A14: 품04-A10 | C14: 인력되묻기 | E14: M3 | F14: 보통인부 | G14: =VLOOKUP(F14,#REF!,23,0) -> #REF! | H14: 0.1 | I14: 1 | J14: 1 | K14: =H14*I14*G14*J14 -> #REF!
G15: =VLOOKUP(F15,#REF!,23,0) -> #REF!
A16: 품04-A11 | C16: 인력잔토처리 | E16: M3 | F16: 보통인부 | G16: =VLOOKUP(F16,#REF!,23,0) -> #REF! | H16: 0.2 | I16: 1 | J16: 1 | K16: =H16*I16*G16*J16 -> #REF!
G17: =VLOOKUP(F17,#REF!,23,0) -> #REF!
A18: 품04-A12 | C18: CORE DRILL D200 | E18: EA | F18: 활석공 | G18: =VLOOKUP(F18,#REF!,23,0) -> #REF! | H18: 0.65 | I18: 1 | K18: =H18*I18*G18 -> #REF!
C19: 300mm 기준 | G19: =VLOOKUP(F19,#REF!,23,0) -> #REF!
D20: 소 계 | G20: =VLOOKUP(F20,#REF!,23,0) -> #REF! | K20: =SUM(K18:K19) -> #REF!
A21: 품04-A13 | C21: CORE DRILL D100 | E21: EA | F21: 활석공 | G21: =VLOOKUP(F21,#REF!,23,0) -> #REF! | H21: 0.51 | I21: 1 | K21: =H21*I21*G21 -> #REF!
C22: 300mm 기준 | G22: =VLOOKUP(F22,#REF!,23,0) -> #REF!
D23: 소 계 | K23: =SUM(K21:K22) -> #REF!

Sheet Cable 단말처리
A1: No. | B1: 구분 | C1: 품명 | D1: 규격 | E1: 단위 | F1: 공종 | G1: 단가 | H1: 공수 | I1: 할증 | J1: 지역할증 | K1: 금액 | L1: 비고
A2: W7238
A3: 품02-L1 | C3: 전력 CABLE 단말처리(1C) | D3: 6/10KV F-CV 1C x 400SQ | E3: M | F3: 고압케이블전공 | G3: =VLOOKUP(F3,#REF!,23,0) -> #REF! | H3: 1.47 | I3: 1.2 | J3: 1 | K3: =H3*I3*G3*J3 -> #REF! | N3: 적용구분 | O3: 할증구분 | P3: 할증사항
A4: 품02-L2 | D4: 6/10KV F-CV 1C x 300SQ | E4: M | F4: 고압케이블전공 | G4: =VLOOKUP(F4,#REF!,23,0) -> #REF! | H4: 1.28 | I4: 1.2 | J4: 1 | K4: =H4*I4*G4*J4 -> #REF! | N4: 고압케이블 | P4: 저압적용하지않음
A5: 품02-L3 | D5: 6/10KV F-CV 1C x 240SQ | E5: M | F5: 고압케이블전공 | G5: =VLOOKUP(F5,#REF!,23,0) -> #REF! | H5: 1.17 | I5: 1.2 | J5: 1 | K5: =H5*I5*G5*J5 -> #REF! | O5: B | P5: 철거30%감, 이설60%감 (내압시험은 적용안함)
A6: 품02-L4 | D6: 6/10KV F-CV 1C x 185SQ | E6: M | F6: 고압케이블전공 | G6: =VLOOKUP(F6,#REF!,23,0) -> #REF! | H6: 1.06 | I6: 1.2 | J6: 1 | K6: =H6*I6*G6*J6 -> #REF!
A7: 품02-L5 | D7: 6/10KV F-CV 1C x 150SQ | E7: M | F7: 고압케이블전공 | G7: =VLOOKUP(F7,#REF!,23,0) -> #REF! | H7: 1.06 | I7: 1.2 | J7: 1 | K7: =H7*I7*G7*J7 -> #REF!
A8: 품02-L6 | D8: 6/10KV F-CV 1C x 120SQ | E8: M | F8: 고압케이블전공 | G8: =VLOOKUP(F8,#REF!,23,0) -> #REF! | H8: 0.83 | I8: 1.2 | J8: 1 | K8: =H8*I8*G8*J8 -> #REF!
A10: 품02-L7 | C10: 전력 CABLE 단말처리(3C) | D10: 6/10KV F-CV 3C x 300SQ | E10: M | F10: 고압케이블전공 | G10: =VLOOKUP(F10,#REF!,23,0) -> #REF! | H10: 2.02 | I10: 1.2 | J10: 1 | K10: =H10*I10*G10*J10 -> #REF!
A11: 품02-L8 | D11: 6/10KV F-CV 3C x 240SQ | E11: M | F11: 고압케이블전공 | G11: =VLOOKUP(F11,#REF!,23,0) -> #REF! | H11: 1.95 | I11: 1.2 | J11: 1 | K11: =H11*I11*G11*J11 -> #REF!
A12: 품02-L9 | D12: 6/10KV F-CV 3C x 185SQ | E12: M | F12: 고압케이블전공 | G12: =VLOOKUP(F12,#REF!,23,0) -> #REF! | H12: 1.76 | I12: 1.2 | J12: 1 | K12: =H12*I12*G12*J12 -> #REF!
A13: 품02-L10 | D13: 6/10KV F-CV 3C x 150SQ | E13: M | F13: 고압케이블전공 | G13: =VLOOKUP(F13,#REF!,23,0) -> #REF! | H13: 1.38 | I13: 1.2 | J13: 1.1 | K13: =H13*I13*G13*J13*1.6 -> #REF! | L13: 이설
A14: 품02-L11 | D14: 6/10KV F-CV 3C x 120SQ | E14: M | F14: 고압케이블전공 | G14: =VLOOKUP(F14,#REF!,23,0) -> #REF! | H14: 1.38 | I14: 1.2 | J14: 1 | K14: =H14*I14*G14*J14 -> #REF!
A15: 품02-L12 | D15: 6/10KV F-CV 3C x 95SQ | E15: M | F15: 고압케이블전공 | G15: =VLOOKUP(F15,#REF!,23,0) -> #REF! | H15: 1.27 | I15: 1.2 | J15: 1 | K15: =H15*I15*G15*J15 -> #REF!
A16: 품02-L13 | D16: 6/10KV F-CV 3C x 70SQ | E16: M | F16: 고압케이블전공 | G16: =VLOOKUP(F16,#REF!,23,0) -> #REF! | H16: 1.22 | I16: 1.2 | J16: 1 | K16: =H16*I16*G16*J16 -> #REF!
A17: 품02-L14 | D17: 6/10KV F-CV 3C x 50SQ | E17: M | F17: 고압케이블전공 | G17: =VLOOKUP(F17,#REF!,23,0) -> #REF! | H17: 1.07 | I17: 1.2 | J17: 1 | K17: =H17*I17*G17*J17 -> #REF!
A18: 품02-L15 | D18: 6/10KV F-CV 3C x 35SQ | E18: M | F18: 고압케이블전공 | G18: =VLOOKUP(F18,#REF!,23,0) -> #REF! | H18: 0.91 | I18: 1.2 | J18: 1 | K18: =H18*I18*G18*J18 -> #REF!
A20: 품02-L16 | C20: 전력 CABLE 직선접속(3C) | D20: 6/10KV F-CV 1C x 300SQ | E20: M | F20: 고압케이블전공 | G20: =VLOOKUP(F20,#REF!,23,0) -> #REF! | H20: 0.78 | I20: 1.2 | J20: 1 | K20: =H20*I20*G20*J20 -> #REF!
A21: 품02-L17 | D21: 6/10KV F-CV 1C x 240SQ | E21: M | F21: 고압케이블전공 | G21: =VLOOKUP(F21,#REF!,23,0) -> #REF! | H21: 0.73 | I21: 1.2 | J21: 1 | K21: =H21*I21*G21*J21 -> #REF!
A22: 품02-L18 | D22: 6/10KV F-CV 1C x 185SQ | E22: M | F22: 고압케이블전공 | G22: =VLOOKUP(F22,#REF!,23,0) -> #REF! | H22: 0.64 | I22: 1.2 | J22: 1 | K22: =H22*I22*G22*J22 -> #REF!
A23: 품02-L19 | D23: 6/10KV F-CV 1C x 150SQ | E23: M | F23: 고압케이블전공 | G23: =VLOOKUP(F23,#REF!,23,0) -> #REF! | H23: 0.5 | I23: 1.2 | J23: 1 | K23: =H23*I23*G23*J23 -> #REF!
A24: 품02-L20 | D24: 6/10KV F-CV 1C x 120SQ | E24: M | F24: 고압케이블전공 | G24: =VLOOKUP(F24,#REF!,23,0) -> #REF! | H24: 0.5 | I24: 1.2 | J24: 1 | K24: =H24*I24*G24*J24 -> #REF!
A25: 품02-L21 | D25: 6/10KV F-CV 1C x 95SQ | E25: M | F25: 고압케이블전공 | G25: =VLOOKUP(F25,#REF!,23,0) -> #REF! | H25: 0.46 | I25: 1.2 | J25: 1 | K25: =H25*I25*G25*J25 -> #REF!
A26: 품02-L22 | D26: 6/10KV F-CV 1C x 70SQ | E26: M | F26: 고압케이블전공 | G26: =VLOOKUP(F26,#REF!,23,0) -> #REF! | H26: 0.43 | I26: 1.2 | J26: 1 | K26: =H26*I26*G26*J26 -> #REF!
A28: 품02-L23 | C28: 전력 CABLE 직선접속(3C) | D28: 6/10KV F-CV 3C x 300SQ | E28: M | F28: 고압케이블전공 | G28: =VLOOKUP(F28,#REF!,23,0) -> #REF! | H28: 0.84 | I28: 1.2 | J28: 1 | K28: =H28*I28*G28*J28 -> #REF!
A29: 품02-L24 | D29: 6/10KV F-CV 3C x 240SQ | E29: M | F29: 고압케이블전공 | G29: =VLOOKUP(F29,#REF!,23,0) -> #REF! | H29: 0.77 | I29: 1.2 | J29: 1 | K29: =H29*I29*G29*J29 -> #REF!
A30: 품02-L25 | D30: 6/10KV F-CV 3C x 185SQ | E30: M | F30: 고압케이블전공 | G30: =VLOOKUP(F30,#REF!,23,0) -> #REF! | H30: 0.68 | I30: 1.2 | J30: 1 | K30: =H30*I30*G30*J30 -> #REF!
A31: 품02-L26 | D31: 6/10KV F-CV 3C x 150SQ | E31: M | F31: 고압케이블전공 | G31: =VLOOKUP(F31,#REF!,23,0) -> #REF! | H31: 0.57 | I31: 1.2 | J31: 1 | K31: =H31*I31*G31*J31 -> #REF!
A32: 품02-L27 | D32: 6/10KV F-CV 3C x 120SQ | E32: M | F32: 고압케이블전공 | G32: =VLOOKUP(F32,#REF!,23,0) -> #REF! | H32: 0.57 | I32: 1.2 | J32: 1 | K32: =H32*I32*G32*J32 -> #REF!
A33: 품02-L28 | D33: 6/10KV F-CV 3C x 95SQ | E33: M | F33: 고압케이블전공 | G33: =VLOOKUP(F33,#REF!,23,0) -> #REF! | H33: 0.5 | I33: 1.2 | J33: 1 | K33: =H33*I33*G33*J33 -> #REF!
A34: 품02-L29 | D34: 6/10KV F-CV 3C x 70SQ | E34: M | F34: 고압케이블전공 | G34: =VLOOKUP(F34,#REF!,23,0) -> #REF! | H34: 0.46 | I34: 1.2 | J34: 1 | K34: =H34*I34*G34*J34 -> #REF!
A36: 품02-L30 | C36: CABLE CLEAT | D36: 개소당 | E36: M | F36: 고압케이블전공 | G36: =VLOOKUP(F36,#REF!,23,0) -> #REF! | H36: 0.05 | I36: 1 | J36: 1 | K36: =H36*I36*G36*J36 -> #REF!
A38: 품02-L31 | C38: 앵커볼트(16~19) | D38: 개소당 | E38: M | F38: 내선전공 | G38: =VLOOKUP(F38,#REF!,23,0) -> #REF! | H38: 0.12 | I38: 1 | J38: 1 | K38: =H38*I38*G38*J38 -> #REF!

Sheet 강재제작설치
A1: No. | B1: 구분 | C1: 품명 | D1: 규격 | E1: 단위 | F1: 공종 | G1: 단가 | H1: 공수 | I1: 할증 | J1: 지역할증 | K1: 금액 | L1: 비고
A2: W7600 | B2: 강재제작설치 | N2: 적용구분 | O2: 할증구분 | P2: 할증사항
C3: < 전선관 SUPPORT 신설 > | N3: Bracket, Support | P3: 현장제작설치 기준
A4: 품02-K17 | C4: 강재류 가공 및 조립 | D4: 완제품설치 | E4: TON | F4: 보통인부 | G4: =VLOOKUP(F4,#REF!,23,0) -> #REF! | H4: 0.085 | I4: 1 | J4: 1 | K4: =H4*I4*G4*J4 -> #REF! | O4: B | P4: 철거 50%감, 재사용 철거 20%감
F5: 비계공 | G5: =VLOOKUP(F5,#REF!,23,0) -> #REF! | H5: 0.9 | I5: 1 | J5: 1 | K5: =H5*I5*G5*J5 -> #REF!
F6: 변전전공 | G6: =VLOOKUP(F6,#REF!,23,0) -> #REF! | H6: 6.85 | I6: 1 | J6: 1 | K6: =H6*I6*G6*J6 -> #REF!
D7: 소 계 | K7: =SUM(K4:K6) -> #REF!
A9: 품02-K18 | C9: 강재류 가공 및 조립 | D9: 현장제작설치 | E9: TON | F9: 철판공 | G9: =VLOOKUP(F9,#REF!,23,0) -> #REF! | H9: 27.4 | I9: 1 | J9: 1 | K9: =H9*I9*G9*J9 -> #REF!
F10: 용접공 | G10: =VLOOKUP(F10,#REF!,23,0) -> #REF! | H10: 3.6 | I10: 1 | J10: 1 | K10: =H10*I10*G10*J10 -> #REF!
F11: 보통인부 | G11: =VLOOKUP(F11,#REF!,23,0) -> #REF! | H11: 0.34 | I11: 1 | J11: 1 | K11: =H11*I11*G11*J11 -> #REF!
D12: 소 계 | K12: =SUM(K9:K11) -> #REF!

Sheet 통신Cable
A1: No. | B1: 구분 | C1: 품명 | D1: 규격 | E1: 단위 | F1: 공종 | G1: 단가 | H1: 공수 | I1: 할증 | J1: 지역할증 | K1: 금액 | L1: 비고
C2: 0.6KV~1KV | D2: OPTICAL CABLE
A3: 품02-F01 | C3: UTP CABLE | D3: UTP CABLE CAT.6 | E3: M | F3: 통신내선공 | G3: =VLOOKUP(F3,#REF!,23,0) -> #REF! | H3: 0.015 | I3: 1 | J3: 1 | K3: =H3*I3*G3*J3 -> #REF!
F4: RACK 설치 20%증 | H4: 0.2 | I4: 1 | J4: 1 | K4: =H4*I4*G4*J4 -> 0
D5: 소 계 | K5: =SUM(K3:K4) -> #REF!
A7: 품02-F02 | C7: OPTICAL CABLE | D7: 지중, 인력 | E7: M | F7: 광케이블설치사 | G7: =VLOOKUP(F7,#REF!,23,0) -> #REF! | H7: 0.0083 | I7: 1 | J7: 1 | K7: =H7*I7*G7*J7 -> #REF!
F8: 보통인부 | G8: =VLOOKUP(F8,#REF!,23,0) -> #REF! | H8: 0.021 | I8: 1 | J8: 1 | K8: =H8*I8*G8*J8 -> #REF!
D9: 소 계 | K9: =SUM(K7:K8) -> #REF!
A11: 품02-F03 | C11: OPTICAL CABLE | D11: 광케이블 코아접속 | E11: 코아당 | F11: 광케이블설치사 | G11: =VLOOKUP(F11,#REF!,23,0) -> #REF! | H11: 0.06 | I11: 1 | J11: 1 | K11: =H11*I11*G11*J11 -> #REF!
F12: 특별인부 | G12: =VLOOKUP(F12,#REF!,23,0) -> #REF! | H12: 0.06 | I12: 1 | J12: 1 | K12: =H12*I12*G12*J12 -> #REF!
K13: =SUM(K11:K12) -> #REF!
A15: 품02-F04 | C15: OPTICAL CABLE | D15: 외피접속 | E15: M | F15: 광케이블설치사 | G15: =VLOOKUP(F15,#REF!,23,0) -> #REF! | H15: 0.67 | I15: 1 | J15: 1 | K15: =H15*I15*G15*J15 -> #REF!
F16: 보통인부 | G16: =VLOOKUP(F16,#REF!,23,0) -> #REF! | H16: 0.31 | I16: 1 | J16: 1 | K16: =H16*I16*G16*J16 -> #REF!
D17: 소 계 | K17: =SUM(K15:K16) -> #REF!
A19: 품02-F05 | C19: OPTICAL CABLE | D19: 광케이블시험/측정(접속후) | E19: M | F19: 광케이블설치사 | G19: =VLOOKUP(F19,#REF!,23,0) -> #REF! | H19: 0.15 | I19: 1 | J19: 1 | K19: =H19*I19*G19*J19 -> #REF!
F20: 보통인부 | G20: =VLOOKUP(F20,#REF!,23,0) -> #REF! | H20: 0.13 | I20: 1 | J20: 1 | K20: =H20*I20*G20*J20 -> #REF!
D21: 소 계 | K21: =SUM(K19:K20) -> #REF!
A23: 품02-F06 | C23: OPTICAL CABLE | D23: 광케이블시험/측정(최종) | E23: M | F23: 광케이블설치사 | G23: =VLOOKUP(F23,#REF!,23,0) -> #REF! | H23: 0.25 | I23: 1 | J23: 1 | K23: =H23*I23*G23*J23 -> #REF!
F24: 보통인부 | G24: =VLOOKUP(F24,#REF!,23,0) -> #REF! | H24: 0.2 | I24: 1 | J24: 1 | K24: =H24*I24*G24*J24 -> #REF!
D25: 소 계 | K25: =SUM(K23:K24) -> #REF!

Sheet 전선관
A1: No. | B1: 구분 | C1: 품명 | D1: 규격 | E1: 단위 | F1: 공종 | G1: 단가 | H1: 공수 | I1: 할증 | J1: 지역할증 | K1: 금액 | L1: 비고
A2: W7311 | B2: 전선관로 | N2: 적용구분 | O2: 할증구분 | P2: 할증사항
C3: < 전선관 배관 > | O3: A | P3: 방폭 20%증, 콘크리트 노출 & 부럭칸막이 벽내 20%증
C4: 전선관 신설 | D4: 후강전선관 | O4: A | P4: 철강조 노출 25%증, 천정, 마루밑 공사30%증, 철거 70%감
C5: 전선관 포설 | D5: 22C | E5: M | F5: 내선전공 | G5: =VLOOKUP(F5,#REF!,23,0) -> #REF! | H5: 0.11 | I5: 1.25 | J5: 1 | K5: =H5*I5*G5 -> #REF! | O5: B | P5: 재사용철거 60%감,지중매설 30%감
C6: 전선관 포설 | D6: 28C | E6: M | F6: 내선전공 | G6: =VLOOKUP(F6,#REF!,23,0) -> #REF! | H6: 0.14 | I6: 1.25 | J6: 1 | K6: =H6*I6*G6 -> #REF! | P6: 전선관 부속품율 17.5%
C7: 전선관 포설 | D7: 36C | E7: M | F7: 내선전공 | G7: =VLOOKUP(F7,#REF!,23,0) -> #REF! | H7: 0.2 | I7: 1.25 | J7: 1 | K7: =H7*I7*G7 -> #REF! | N7: 후강전선관 | P7: W7311
C8: 전선관 포설 | D8: 42C | E8: M | F8: 내선전공 | G8: =VLOOKUP(F8,#REF!,23,0) -> #REF! | H8: 0.25 | I8: 1.25 | J8: 1 | K8: =H8*I8*G8 -> #REF! | N8: Flexible 전선관 | P8: W7311, 금속가요전선관
C9: 전선관 포설 | D9: 54C | E9: M | F9: 내선전공 | G9: =VLOOKUP(F9,#REF!,23,0) -> #REF! | H9: 0.34 | I9: 1.25 | J9: 1.1 | K9: =H9*I9*G9 -> #REF! | N9: ELP 전선관 | O9: A | P9: 2열동시 80%증, 3열 160%증, 4열 240%증, 6열 320%증, 8열 400%증, 10열 480%증, 12열 560%증, 14열 640%증, 16열 720%증
C10: 전선관 포설 | D10: 70C | E10: M | F10: 내선전공 | G10: =VLOOKUP(F10,#REF!,23,0) -> #REF! | H10: 0.44 | I10: 1.25 | J10: 1 | K10: =H10*I10*G10 -> #REF! | O10: B | P10: 철거 50%감, 재사용철거 20%감
C11: 전선관 포설 | D11: 82C | E11: M | F11: 내선전공 | G11: =VLOOKUP(F11,#REF!,23,0) -> #REF! | H11: 0.54 | I11: 1.25 | J11: 1 | K11: =H11*I11*G11 -> #REF!
C12: 전선관 포설 | D12: 104C | E12: M | F12: 내선전공 | G12: =VLOOKUP(F12,#REF!,23,0) -> #REF! | H12: 0.71 | I12: 1.25 | J12: 1 | K12: =H12*I12*G12 -> #REF!
C14: FLEXIBLE 포설 | D14: 22C | E14: M | F14: 내선전공 | G14: =VLOOKUP(F14,#REF!,23,0) -> #REF! | H14: 0.059 | I14: 1.25 | J14: 1 | K14: =H14*I14*G14 -> #REF!
C15: FLEXIBLE 포설 | D15: 28C | E15: M | F15: 내선전공 | G15: =VLOOKUP(F15,#REF!,23,0) -> #REF! | H15: 0.072 | I15: 1.25 | J15: 1 | K15: =H15*I15*G15 -> #REF!
C16: FLEXIBLE 포설 | D16: 36C | E16: M | F16: 내선전공 | G16: =VLOOKUP(F16,#REF!,23,0) -> #REF! | H16: 0.087 | I16: 1.25 | J16: 1 | K16: =H16*I16*G16 -> #REF!
C17: FLEXIBLE 포설 | D17: 42C | E17: M | F17: 내선전공 | G17: =VLOOKUP(F17,#REF!,23,0) -> #REF! | H17: 0.104 | I17: 1.25 | J17: 1 | K17: =H17*I17*G17 -> #REF!
C18: FLEXIBLE 포설 | D18: 54C | E18: M | F18: 내선전공 | G18: =VLOOKUP(F18,#REF!,23,0) -> #REF! | H18: 0.136 | I18: 1.25 | J18: 1 | K18: =H18*I18*G18 -> #REF!
C19: FLEXIBLE 포설 | D19: 70C | E19: M | F19: 내선전공 | G19: =VLOOKUP(F19,#REF!,23,0) -> #REF! | H19: 0.156 | I19: 1.25 | J19: 1 | K19: =H19*I19*G19 -> #REF!
C20: FLEXIBLE 포설 | D20: 82C | E20: M | F20: 내선전공 | G20: =VLOOKUP(F20,#REF!,23,0) -> #REF! | H20: 0.156 | I20: 1.25 | J20: 1 | K20: =H20*I20*G20 -> #REF!
C21: FLEXIBLE 포설 | D21: 104C | E21: M | F21: 내선전공 | G21: =VLOOKUP(F21,#REF!,23,0) -> #REF! | H21: 0.156 | I21: 1.25 | J21: 1 | K21: =H21*I21*G21 -> #REF!
A23: 품04-A4 | C23: ELP | D23: 150Ø | E23: M | F23: 배관공 | G23: =VLOOKUP(F23,#REF!,23,0) -> #REF! | H23: 0.019 | I23: 1 | J23: 1 | K23: =H23*I23*G23 -> #REF!
E24: M | F24: 보통인부 | G24: =VLOOKUP(F24,#REF!,23,0) -> #REF! | H24: 0.062 | I24: 1 | J24: 1 | K24: =H24*I24*G24 -> #REF!
D25: 소 계 | K25: =SUM(K23:K24) -> #REF!
A27: 품04-A5 | C27: ELP | D27: 100Ø | E27: M | F27: 배관공 | G27: 226771 | H27: 0.012 | I27: 1 | J27: 1 | K27: =H27*I27*G27 -> 2721.252
E28: M | F28: 보통인부 | G28: 157068 | H28: 0.036 | I28: 1 | J28: 1 | K28: =H28*I28*G28 -> 5654.448
D29: 소 계 | K29: =SUM(K27:K28) -> 8375.7
A31: 품04-A6 | C31: ELP | D31: 40Ø | E31: M | F31: 배관공 | G31: 226771 | H31: 0.007 | I31: 1 | J31: 1 | K31: =H31*I31*G31 -> 1587.397
E32: M | F32: 보통인부 | G32: 157068 | H32: 0.018 | I32: 1 | J32: 1 | K32: =H32*I32*G32 -> 2827.224
D33: 소 계 | K33: =SUM(K31:K32) -> 4414.621

Sheet Cable
A1: No. | B1: 구분 | C1: 품명 | D1: 규격 | E1: 단위 | F1: 공종 | G1: 단가 | H1: 공수 | I1: 할증 | J1: 지역할증 | K1: 금액 | L1: 비고
A2: W7239 | B2: 모선 배선 | N2: 적용구분 | O2: 할증구분 | P2: 할증사항
C3: < CABLE 신설 > | N3: 저압 Cable | O3: A | P3: 직매시 20%감
C4: 3.3~6.6KV | D4: 고압 POWER CABLE 1C | O4: A | P4: 2심 40%증, 3심 100%증, 4심 160%증
A5: 품02-A01 | C5: POWER CABLE(HV) | D5: 6/10KV F-CV 1C x 1000SQ | E5: M | F5: 저압케이블전공 | G5: =VLOOKUP(F5,#REF!,23,0) -> #REF! | H5: 0.394 | I5: 1.15 | J5: 1 | K5: =H5*I5*G5 -> #REF! | O5: B | P5: 철거 50%감, 이설 40%증
A6: 품02-A02 | C6: POWER CABLE(HV) | D6: 6/10KV F-CV 1C x 630SQ | E6: M | F6: 저압케이블전공 | G6: =VLOOKUP(F6,#REF!,23,0) -> #REF! | H6: 0.27 | I6: 1.15 | J6: 1 | K6: =H6*I6*G6 -> #REF! | P6: * 600V 8㎟이하 : Control Cable 준용
A7: 품02-A03 | C7: POWER CABLE(HV) | D7: 6/10KV F-CV 1C x 500SQ | E7: M | F7: 저압케이블전공 | G7: =VLOOKUP(F7,#REF!,23,0) -> #REF! | H7: 0.228 | I7: 1.15 | J7: 1 | K7: =H7*I7*G7 -> #REF! | N7: 고압 Cable & 전기실 ~ 전기실 | P7: W7236 적용(작성필요)
A8: 품02-A04 | C8: POWER CABLE(HV) | D8: 6/10KV F-CV 1C x 400SQ | E8: M | F8: 저압케이블전공 | G8: =VLOOKUP(F8,#REF!,23,0) -> #REF! | H8: 0.195 | I8: 1.15 | J8: 1 | K8: =H8*I8*G8 -> #REF! | N8: 고압 Cable & 전기실 to Motor | P8: W7239 적용
A9: 품02-A05 | C9: POWER CABLE(HV) | D9: 6/10KV F-CV 1C x 325SQ | E9: M | F9: 저압케이블전공 | G9: =VLOOKUP(F9,#REF!,23,0) -> #REF! | H9: 0.163 | I9: 1.15 | J9: 1 | K9: =H9*I9*G9 -> #REF! | N9: 고압 Cable 공통 | O9: A | P9: 직매시 20%감
A10: 품02-A06 | C10: POWER CABLE(HV) | D10: 6/10KV F-CV 1C x 300SQ | E10: M | F10: 저압케이블전공 | G10: =VLOOKUP(F10,#REF!,23,0) -> #REF! | H10: 0.151 | I10: 1.15 | J10: 1 | K10: =H10*I10*G10 -> #REF! | O10: A | P10: 2열동시80%증,3열동시160%증
A11: 품02-A07 | C11: POWER CABLE(HV) | D11: 6/10KV F-CV 1C x 250SQ | E11: M | F11: 저압케이블전공 | G11: =VLOOKUP(F11,#REF!,23,0) -> #REF! | H11: 0.135 | I11: 1.15 | J11: 1 | K11: =H11*I11*G11 -> #REF! | O11: A | P11: 4열동시240%증,5열동시320%증
A12: 품02-A08 | C12: POWER CABLE(HV) | D12: 6/10KV F-CV 1C x 240SQ | E12: M | F12: 저압케이블전공 | G12: =VLOOKUP(F12,#REF!,23,0) -> #REF! | H12: 0.129 | I12: 1.15 | J12: 1 | K12: =H12*I12*G12 -> #REF! | O12: A | P12: 단심케이블을 동일 2조이상 포설시 1조 추가시마다 본품의 80%씩가산
A13: 품02-A09 | C13: POWER CABLE(HV) | D13: 6/10KV F-CV 1C x 200SQ | E13: M | F13: 저압케이블전공 | G13: =VLOOKUP(F13,#REF!,23,0) -> #REF! | H13: 0.111 | I13: 1.15 | J13: 1 | K13: =H13*I13*G13 -> #REF! | O13: A | P13: 배전전력케이블 포설시구내부설부문 전력케이블은 50%증(기본적용)
A14: 품02-A10 | C14: POWER CABLE(HV) | D14: 6/10KV F-CV 1C x 185SQ | E14: M | F14: 저압케이블전공 | G14: =VLOOKUP(F14,#REF!,23,0) -> #REF! | H14: 0.103 | I14: 1.15 | J14: 1 | K14: =H14*I14*G14 -> #REF! | O14: A | P14: 공동구(전력구,Cable Truss,공동가대 포함)의 경우 이품의 25%증(기본적용)
A15: 품02-A11 | C15: POWER CABLE(HV) | D15: 6/10KV F-CV 1C x 150SQ | E15: M | F15: 저압케이블전공 | G15: =VLOOKUP(F15,#REF!,23,0) -> #REF! | H15: 0.092 | I15: 1.15 | J15: 1.1 | K15: =H15*I15*G15 -> #REF! | O15: B | P15: 철거 50%감, 이설 40%증
A16: 품02-A12 | C16: POWER CABLE(HV) | D16: 6/10KV F-CV 1C x 120SQ | E16: M | F16: 저압케이블전공 | G16: =VLOOKUP(F16,#REF!,23,0) -> #REF! | H16: 0.08 | I16: 1.15 | J16: 1 | K16: =H16*I16*G16 -> #REF! | P16: * 600V 8㎟이하 : Control Cable 준용
D17: 6/10KV F-CV 1C x 95SQ | E17: M | F17: 저압케이블전공 | G17: =VLOOKUP(F17,#REF!,23,0) -> #REF! | H17: 0.08 | I17: 1.15 | J17: 1.1 | K17: =H17*I17*G17 -> #REF! | N17: Control Cable | O17: A | P17: 직매시 20%감
C18: 3.3~6.6KV | D18: 고압 POWER CABLE 3C | O18: A | P18: 쉴드케이블 20%증
A19: 품02-A13 | C19: POWER CABLE(HV) | D19: 6/10KV F-CV 3C x 1000SQ | E19: M | F19: 저압케이블전공 | G19: =VLOOKUP(F19,#REF!,23,0) -> #REF! | H19: 0.394 | I19: 2.15 | J19: 1 | K19: =H19*I19*G19 -> #REF! | O19: B
A20: 품02-A14 | C20: POWER CABLE(HV) | D20: 6/10KV F-CV 3C x 630SQ | E20: M | F20: 저압케이블전공 | G20: =VLOOKUP(F20,#REF!,23,0) -> #REF! | H20: 0.27 | I20: 2.15 | J20: 1 | K20: =H20*I20*G20 -> #REF!
A21: 품02-A15 | C21: POWER CABLE(HV) | D21: 6/10KV F-CV 3C x 500SQ | E21: M | F21: 저압케이블전공 | G21: =VLOOKUP(F21,#REF!,23,0) -> #REF! | H21: 0.228 | I21: 2.15 | J21: 1 | K21: =H21*I21*G21 -> #REF!
A22: 품02-A16 | C22: POWER CABLE(HV) | D22: 6/10KV F-CV 3C x 400SQ | E22: M | F22: 저압케이블전공 | G22: =VLOOKUP(F22,#REF!,23,0) -> #REF! | H22: 0.195 | I22: 2.15 | J22: 1 | K22: =H22*I22*G22 -> #REF!
A23: 품02-A17 | C23: POWER CABLE(HV) | D23: 6/10KV F-CV 3C x 325SQ | E23: M | F23: 저압케이블전공 | G23: =VLOOKUP(F23,#REF!,23,0) -> #REF! | H23: 0.163 | I23: 2.15 | J23: 1 | K23: =H23*I23*G23 -> #REF!
A24: 품02-A18 | C24: POWER CABLE(HV) | D24: 6/10KV F-CV 3C x 300SQ | E24: M | F24: 저압케이블전공 | G24: =VLOOKUP(F24,#REF!,23,0) -> #REF! | H24: 0.151 | I24: 2.15 | J24: 1 | K24: =H24*I24*G24 -> #REF!
A25: 품02-A19 | C25: POWER CABLE(HV) | D25: 6/10KV F-CV 3C x 250SQ | E25: M | F25: 저압케이블전공 | G25: =VLOOKUP(F25,#REF!,23,0) -> #REF! | H25: 0.135 | I25: 2.15 | J25: 1 | K25: =H25*I25*G25 -> #REF!
A26: 품02-A20 | C26: POWER CABLE(HV) | D26: 6/10KV F-CV 3C x 240SQ | E26: M | F26: 저압케이블전공 | G26: =VLOOKUP(F26,#REF!,23,0) -> #REF! | H26: 0.129 | I26: 2.15 | J26: 1 | K26: =H26*I26*G26 -> #REF!
A27: 품02-A21 | C27: POWER CABLE(HV) | D27: 6/10KV F-CV 3C x 200SQ | E27: M | F27: 저압케이블전공 | G27: =VLOOKUP(F27,#REF!,23,0) -> #REF! | H27: 0.111 | I27: 2.15 | J27: 1 | K27: =H27*I27*G27 -> #REF!
A28: 품02-A22 | C28: POWER CABLE(HV) | D28: 6/10KV F-CV 3C x 185SQ | E28: M | F28: 저압케이블전공 | G28: =VLOOKUP(F28,#REF!,23,0) -> #REF! | H28: 0.103 | I28: 2.15 | J28: 1 | K28: =H28*I28*G28 -> #REF!
A29: 품02-A23 | C29: POWER CABLE(HV) | D29: 6/10KV F-CV 3C x 150SQ | E29: M | F29: 저압케이블전공 | G29: =VLOOKUP(F29,#REF!,23,0) -> #REF! | H29: 0.092 | I29: 2.15 | J29: 1.1 | K29: =H29*I29*G29 -> #REF!
A30: 품02-A24 | C30: POWER CABLE(HV) | D30: 6/10KV F-CV 3C x 125SQ | E30: M | F30: 저압케이블전공 | G30: =VLOOKUP(F30,#REF!,23,0) -> #REF! | H30: 0.08 | I30: 2.15 | J30: 1 | K30: =H30*I30*G30 -> #REF!
A31: 품02-A25 | C31: POWER CABLE(HV) | D31: 6/10KV F-CV 3C x 100SQ | E31: M | F31: 저압케이블전공 | G31: =VLOOKUP(F31,#REF!,23,0) -> #REF! | H31: 0.068 | I31: 2.15 | J31: 1.1 | K31: =H31*I31*G31 -> #REF!
... A38: 품02-A32 | C38: POWER CABLE(HV) | D38: 6/10KV F-CV 3C x 16SQ | E38: M | F38: 저압케이블전공 | G38: =VLOOKUP(F38,#REF!,23,0) -> #REF! | H38: 0.022 | I38: 2.15 | J38: 1 | K38: =H38*I38*G38 -> #REF!
C40: 0.6KV~1KV | D40: 저압 POWER CABLE 1C
A41: 품02-B01 | C41: POWER CABLE(LV) | D41: 0.6/1KV F-CV 1C x 1000SQ | E41: M | F41: 저압케이블전공 | G41: =VLOOKUP(F41,#REF!,23,0) -> #REF! | H41: 0.394 | I41: 1 | J41: 1 | K41: =H41*I41*G41 -> #REF!
A42: 품02-B02 | C42: POWER CABLE(LV) | D42: 0.6/1KV F-CV 1C x 630SQ | E42: M | F42: 저압케이블전공 | G42: =VLOOKUP(F42,#REF!,23,0) -> #REF! | H42: 0.27 | I42: 1 | J42: 1 | K42: =H42*I42*G42 -> #REF!
A43: 품02-B03 | C43: POWER CABLE(LV) | D43: 0.6/1KV F-CV 1C x 500SQ | E43: M | F43: 저압케이블전공 | G43: =VLOOKUP(F43,#REF!,23,0) -> #REF! | H43: 0.228 | I43: 1 | J43: 1 | K43: =H43*I43*G43 -> #REF!
A44: 품02-B04 | C44: POWER CABLE(LV) | D44: 0.6/1KV F-CV 1C x 400SQ | E44: M | F44: 저압케이블전공 | G44: =VLOOKUP(F44,#REF!,23,0) -> #REF! | H44: 0.195 | I44: 1 | J44: 1 | K44: =H44*I44*G44 -> #REF!
A45: 품02-B05 | C45: POWER CABLE(LV) | D45: 0.6/1KV F-CV 1C x 325SQ | E45: M | F45: 저압케이블전공 | G45: =VLOOKUP(F45,#REF!,23,0) -> #REF! | H45: 0.163 | I45: 1 | J45: 1 | K45: =H45*I45*G45 -> #REF!
A46: 품02-B06 | C46: POWER CABLE(LV) | D46: 0.6/1KV F-CV 1C x 300SQ | E46: M | F46: 저압케이블전공 | G46: =VLOOKUP(F46,#REF!,23,0) -> #REF! | H46: 0.151 | I46: 1 | J46: 1 | K46: =H46*I46*G46 -> #REF!
A47: 품02-B07 | C47: POWER CABLE(LV) | D47: 0.6/1KV F-CV 1C x 250SQ | E47: M | F47: 저압케이블전공 | G47: =VLOOKUP(F47,#REF!,23,0) -> #REF! | H47: 0.135 | I47: 1 | J47: 1 | K47: =H47*I47*G47 -> #REF!
A48: 품02-B08 | C48: POWER CABLE(LV) | D48: 0.6/1KV F-CV 1C x 240SQ | E48: M | F48: 저압케이블전공 | G48: =VLOOKUP(F48,#REF!,23,0) -> #REF! | H48: 0.129 | I48: 1 | J48: 1 | K48: =H48*I48*G48 -> #REF!
A49: 품02-B09 | C49: POWER CABLE(LV) | D49: 0.6/1KV F-CV 1C x 200SQ | E49: M | F49: 저압케이블전공 | G49: =VLOOKUP(F49,#REF!,23,0) -> #REF! | H49: 0.111 | I49: 1 | J49: 1 | K49: =H49*I49*G49 -> #REF!
A50: 품02-B10 | C50: POWER CABLE(LV) | D50: 0.6/1KV F-CV 1C x 185SQ | E50: M | F50: 저압케이블전공 | G50: =VLOOKUP(F50,#REF!,23,0) -> #REF! | H50: 0.103 | I50: 1 | J50: 1 | K50: =H50*I50*G50 -> #REF!
A51: 품02-B11 | C51: POWER CABLE(LV) | D51: 0.6/1KV F-CV 1C x 150SQ | E51: M | F51: 저압케이블전공 | G51: =VLOOKUP(F51,#REF!,23,0) -> #REF! | H51: 0.092 | I51: 1 | J51: 1 | K51: =H51*I51*G51 -> #REF!
A52: 품02-B12 | C52: POWER CABLE(LV) | D52: 0.6/1KV F-CV 1C x 125SQ | E52: M | F52: 저압케이블전공 | G52: =VLOOKUP(F52,#REF!,23,0) -> #REF! | H52: 0.08 | I52: 1 | J52: 1 | K52: =H52*I52*G52 -> #REF!
C54: 0.6KV~1KV | D54: 저압 POWER CABLE 2C
A55: 품02-B01 | C55: POWER CABLE(LV) | D55: 0.6/1KV F-CV 2C x 1000SQ | E55: M | F55: 저압케이블전공 | G55: =VLOOKUP(F55,#REF!,23,0) -> #REF! | H55: 0.394 | I55: 1.4 | J55: 1 | K55: =H55*I55*G55 -> #REF!
A56: 품02-B02 | C56: POWER CABLE(LV) | D56: 0.6/1KV F-CV 2C x 630SQ | E56: M | F56: 저압케이블전공 | G56: =VLOOKUP(F56,#REF!,23,0) -> #REF! | H56: 0.27 | I56: 1.4 | J56: 1 | K56: =H56*I56*G56 -> #REF!
A57: 품02-B03 | C57: POWER CABLE(LV) | D57: 0.6/1KV F-CV 2C x 500SQ | E57: M | F57: 저압케이블전공 | G57: =VLOOKUP(F57,#REF!,23,0) -> #REF! | H57: 0.228 | I57: 1.4 | J57: 1 | K57: =H57*I57*G57 -> #REF!
A58: 품02-B04 | C58: POWER CABLE(LV) | D58: 0.6/1KV F-CV 2C x 400SQ | E58: M | F58: 저압케이블전공 | G58: =VLOOKUP(F58,#REF!,23,0) -> #REF! | H58: 0.195 | I58: 1.4 | J58: 1 | K58: =H58*I58*G58 -> #REF!
A59: 품02-B05 | C59: POWER CABLE(LV) | D59: 0.6/1KV F-CV 2C x 325SQ | E59: M | F59: 저압케이블전공 | G59: =VLOOKUP(F59,#REF!,23,0) -> #REF! | H59: 0.163 | I59: 1.4 | J59: 1 | K59: =H59*I59*G59 -> #REF!
A60: 품02-B06 | C60: POWER CABLE(LV) | D60: 0.6/1KV F-CV 2C x 300SQ | E60: M | F60: 저압케이블전공 | G60: =VLOOKUP(F60,#REF!,23,0) -> #REF! | H60: 0.151 | I60: 1.4 | J60: 1 | K60: =H60*I60*G60 -> #REF!
A61: 품02-B07 | C61: POWER CABLE(LV) | D61: 0.6/1KV F-CV 2C x 250SQ | E61: M | F61: 저압케이블전공 | G61: =VLOOKUP(F61,#REF!,23,0) -> #REF! | H61: 0.135 | I61: 1.4 | J61: 1 | K61: =H61*I61*G61 -> #REF!
A62: 품02-B08 | C62: POWER CABLE(LV) | D62: 0.6/1KV F-CV 2C x 240SQ | E62: M | F62: 저압케이블전공 | G62: =VLOOKUP(F62,#REF!,23,0) -> #REF! | H62: 0.129 | I62: 1.4 | J62: 1 | K62: =H62*I62*G62 -> #REF!
A63: 품02-B09 | C63: POWER CABLE(LV) | D63: 0.6/1KV F-CV 2C x 200SQ | E63: M | F63: 저압케이블전공 | G63: =VLOOKUP(F63,#REF!,23,0) -> #REF! | H63: 0.111 | I63: 1.4 | J63: 1 | K63: =H63*I63*G63 -> #REF!
A64: 품02-B10 | C64: POWER CABLE(LV) | D64: 0.6/1KV F-CV 2C x 185SQ | E64: M | F64: 저압케이블전공 | G64: =VLOOKUP(F64,#REF!,23,0) -> #REF! | H64: 0.103 | I64: 1.4 | J64: 1 | K64: =H64*I64*G64 -> #REF!
A65: 품02-B11 | C65: POWER CABLE(LV) | D65: 0.6/1KV F-CV 2C x 150SQ | E65: M | F65: 저압케이블전공 | G65: =VLOOKUP(F65,#REF!,23,0) -> #REF! | H65: 0.092 | I65: 1.4 | J65: 1 | K65: =H65*I65*G65 -> #REF!
A66: 품02-B12 | C66: POWER CABLE(LV) | D66: 0.6/1KV F-CV 2C x 125SQ | E66: M | F66: 저압케이블전공 | G66: =VLOOKUP(F66,#REF!,23,0) -> #REF! | H66: 0.08 | I66: 1.4 | J66: 1 | K66: =H66*I66*G66 -> #REF!
... A78: 품02-B24 | C78: POWER CABLE(LV) | D78: 0.6/1KV F-CV 2C x 2.5SQ | E78: M | F78: 저압케이블전공 | G78: =VLOOKUP(F78,#REF!,23,0) -> #REF! | H78: 0.013 | I78: 1 | J78: 1 | K78: =H78*I78*G78 -> #REF!
C80: 0.6KV~1KV | D80: 저압 POWER CABLE 3C
A81: 품02-B25 | C81: POWER CABLE(LV) | D81: 0.6/1KV F-CV 3C x 1000SQ | E81: M | F81: 저압케이블전공 | G81: =VLOOKUP(F81,#REF!,23,0) -> #REF! | H81: 0.394 | I81: 2 | J81: 1 | K81: =H81*I81*G81 -> #REF!
A82: 품02-B26 | C82: POWER CABLE(LV) | D82: 0.6/1KV F-CV 3C x 630SQ | E82: M | F82: 저압케이블전공 | G82: =VLOOKUP(F82,#REF!,23,0) -> #REF! | H82: 0.27 | I82: 2 | J82: 1 | K82: =H82*I82*G82 -> #REF!
A83: 품02-B27 | C83: POWER CABLE(LV) | D83: 0.6/1KV F-CV 3C x 500SQ | E83: M | F83: 저압케이블전공 | G83: =VLOOKUP(F83,#REF!,23,0) -> #REF! | H83: 0.228 | I83: 2 | J83: 1 | K83: =H83*I83*G83 -> #REF!
A84: 품02-B28 | C84: POWER CABLE(LV) | D84: 0.6/1KV F-CV 3C x 400SQ | E84: M | F84: 저압케이블전공 | G84: =VLOOKUP(F84,#REF!,23,0) -> #REF! | H84: 0.195 | I84: 2 | J84: 1 | K84: =H84*I84*G84 -> #REF!
A85: 품02-B29 | C85: POWER CABLE(LV) | D85: 0.6/1KV F-CV 3C x 325SQ | E85: M | F85: 저압케이블전공 | G85: =VLOOKUP(F85,#REF!,23,0) -> #REF! | H85: 0.163 | I85: 2 | J85: 1 | K85: =H85*I85*G85 -> #REF!
A86: 품02-B30 | C86: POWER CABLE(LV) | D86: 0.6/1KV F-CV 3C x 300SQ | E86: M | F86: 저압케이블전공 | G86: =VLOOKUP(F86,#REF!,23,0) -> #REF! | H86: 0.151 | I86: 2 | J86: 1 | K86: =H86*I86*G86 -> #REF!
A87: 품02-B31 | C87: POWER CABLE(LV) | D87: 0.6/1KV F-CV 3C x 250SQ | E87: M | F87: 저압케이블전공 | G87: =VLOOKUP(F87,#REF!,23,0) -> #REF! | H87: 0.135 | I87: 2 | J87: 1 | K87: =H87*I87*G87 -> #REF!
A88: 품02-B32 | C88: POWER CABLE(LV) | D88: 0.6/1KV F-CV 3C x 240SQ | E88: M | F88: 저압케이블전공 | G88: =VLOOKUP(F88,#REF!,23,0) -> #REF! | H88: 0.129 | I88: 2 | J88: 1 | K88: =H88*I88*G88 -> #REF!
A89: 품02-B33 | C89: POWER CABLE(LV) | D89: 0.6/1KV F-CV 3C x 200SQ | E89: M | F89: 저압케이블전공 | G89: =VLOOKUP(F89,#REF!,23,0) -> #REF! | H89: 0.111 | I89: 2 | J89: 1 | K89: =H89*I89*G89 -> #REF!
A90: 품02-B34 | C90: POWER CABLE(LV) | D90: 0.6/1KV F-CV 3C x 185SQ | E90: M | F90: 저압케이블전공 | G90: =VLOOKUP(F90,#REF!,23,0) -> #REF! | H90: 0.103 | I90: 2 | J90: 1 | K90: =H90*I90*G90 -> #REF!
A91: 품02-B35 | C91: POWER CABLE(LV) | D91: 0.6/1KV F-CV 3C x 150SQ | E91: M | F91: 저압케이블전공 | G91: =VLOOKUP(F91,#REF!,23,0) -> #REF! | H91: 0.092 | I91: 2 | J91: 1 | K91: =H91*I91*G91 -> #REF!
A92: 품02-B36 | C92: POWER CABLE(LV) | D92: 0.6/1KV F-CV 3C x 125SQ | E92: M | F92: 저압케이블전공 | G92: =VLOOKUP(F92,#REF!,23,0) -> #REF! | H92: 0.08 | I92: 2 | J92: 1 | K92: =H92*I92*G92 -> #REF!
... A104: 품02-B48 | C104: POWER CABLE(LV) | D104: 0.6/1KV F-CV 3C x 2.5SQ | E104: M | F104: 저압케이블전공 | G104: =VLOOKUP(F104,#REF!,23,0) -> #REF! | H104: 0.018 | I104: 1 | J104: 1 | K104: =H104*I104*G104 -> #REF!
C106: 0.6KV~1KV | D106: 저압 POWER CABLE 4C
A107: 품02-B49 | C107: POWER CABLE(LV) | D107: 0.6/1KV F-CV 4C x 1000SQ | E107: M | F107: 저압케이블전공 | G107: =VLOOKUP(F107,#REF!,23,0) -> #REF! | H107: 0.394 | I107: 2.6 | J107: 1 | K107: =H107*I107*G107 -> #REF!
A108: 품02-B50 | C108: POWER CABLE(LV) | D108: 0.6/1KV F-CV 4C x 630SQ | E108: M | F108: 저압케이블전공 | G108: =VLOOKUP(F108,#REF!,23,0) -> #REF! | H108: 0.27 | I108: 2.6 | J108: 1 | K108: =H108*I108*G108 -> #REF!
A109: 품02-B51 | C109: POWER CABLE(LV) | D109: 0.6/1KV F-CV 4C x 500SQ | E109: M | F109: 저압케이블전공 | G109: =VLOOKUP(F109,#REF!,23,0) -> #REF! | H109: 0.228 | I109: 2.6 | J109: 1 | K109: =H109*I109*G109 -> #REF!
A110: 품02-B52 | C110: POWER CABLE(LV) | D110: 0.6/1KV F-CV 4C x 400SQ | E110: M | F110: 저압케이블전공 | G110: =VLOOKUP(F110,#REF!,23,0) -> #REF! | H110: 0.195 | I110: 2.6 | J110: 1 | K110: =H110*I110*G110 -> #REF!
A111: 품02-B53 | C111: POWER CABLE(LV) | D111: 0.6/1KV F-CV 4C x 325SQ | E111: M | F111: 저압케이블전공 | G111: =VLOOKUP(F111,#REF!,23,0) -> #REF! | H111: 0.163 | I111: 2.6 | J111: 1 | K111: =H111*I111*G111 -> #REF!
A112: 품02-B54 | C112: POWER CABLE(LV) | D112: 0.6/1KV F-CV 4C x 300SQ | E112: M | F112: 저압케이블전공 | G112: =VLOOKUP(F112,#REF!,23,0) -> #REF! | H112: 0.151 | I112: 2.6 | J112: 1 | K112: =H112*I112*G112 -> #REF!
A113: 품02-B55 | C113: POWER CABLE(LV) | D113: 0.6/1KV F-CV 4C x 250SQ | E113: M | F113: 저압케이블전공 | G113: =VLOOKUP(F113,#REF!,23,0) -> #REF! | H113: 0.135 | I113: 2.6 | J113: 1 | K113: =H113*I113*G113 -> #REF!
A114: 품02-B56 | C114: POWER CABLE(LV) | D114: 0.6/1KV F-CV 4C x 240SQ | E114: M | F114: 저압케이블전공 | G114: =VLOOKUP(F114,#REF!,23,0) -> #REF! | H114: 0.129 | I114: 2.6 | J114: 1 | K114: =H114*I114*G114 -> #REF!
A115: 품02-B57 | C115: POWER CABLE(LV) | D115: 0.6/1KV F-CV 4C x 200SQ | E115: M | F115: 저압케이블전공 | G115: =VLOOKUP(F115,#REF!,23,0) -> #REF! | H115: 0.111 | I115: 2.6 | J115: 1 | K115: =H115*I115*G115 -> #REF!
A116: 품02-B58 | C116: POWER CABLE(LV) | D116: 0.6/1KV F-CV 4C x 185SQ | E116: M | F116: 저압케이블전공 | G116: =VLOOKUP(F116,#REF!,23,0) -> #REF! | H116: 0.103 | I116: 2.6 | J116: 1 | K116: =H116*I116*G116 -> #REF!
A117: 품02-B59 | C117: POWER CABLE(LV) | D117: 0.6/1KV F-CV 4C x 150SQ | E117: M | F117: 저압케이블전공 | G117: =VLOOKUP(F117,#REF!,23,0) -> #REF! | H117: 0.092 | I117: 2.6 | J117: 1 | K117: =H117*I117*G117 -> #REF!
A118: 품02-B60 | C118: POWER CABLE(LV) | D118: 0.6/1KV F-CV 4C x 125SQ | E118: M | F118: 저압케이블전공 | G118: =VLOOKUP(F118,#REF!,23,0) -> #REF! | H118: 0.08 | I118: 2.6 | J118: 1 | K118: =H118*I118*G118 -> #REF!
... A126: 품02-B68 | C126: POWER CABLE(LV) | D126: 0.6/1KV F-CV 4C x 16SQ | E126: M | F126: 저압케이블전공 | G126: =VLOOKUP(F126,#REF!,23,0) -> #REF! | H126: 0.022 | I126: 2.6 | J126: 1 | K126: =H126*I126*G126 -> #REF!
C128: 0.6KV~1KV | D128: 저압 POWER CABLE 3C/S
A129: 품02-B69 | C129: POWER CABLE(LV) | D129: 0.6/1KV F-CVS 3C x 1000SQ | E129: M | F129: 저압케이블전공 | G129: =VLOOKUP(F129,#REF!,23,0) -> #REF! | H129: 0.394 | I129: 2.2 | J129: 1 | K129: =H129*I129*G129 -> #REF!
A130: 품02-B70 | C130: POWER CABLE(LV) | D130: 0.6/1KV F-CVS 3C x 630SQ | E130: M | F130: 저압케이블전공 | G130: =VLOOKUP(F130,#REF!,23,0) -> #REF! | H130: 0.27 | I130: 2.2 | J130: 1 | K130: =H130*I130*G130 -> #REF!
A131: 품02-B71 | C131: POWER CABLE(LV) | D131: 0.6/1KV F-CVS 3C x 500SQ | E131: M | F131: 저압케이블전공 | G131: =VLOOKUP(F131,#REF!,23,0) -> #REF! | H131: 0.228 | I131: 2.2 | J131: 1 | K131: =H131*I131*G131 -> #REF!
A132: 품02-B72 | C132: POWER CABLE(LV) | D132: 0.6/1KV F-CVS 3C x 400SQ | E132: M | F132: 저압케이블전공 | G132: =VLOOKUP(F132,#REF!,23,0) -> #REF! | H132: 0.195 | I132: 2.2 | J132: 1 | K132: =H132*I132*G132 -> #REF!
A133: 품02-B73 | C133: POWER CABLE(LV) | D133: 0.6/1KV F-CVS 3C x 325SQ | E133: M | F133: 저압케이블전공 | G133: =VLOOKUP(F133,#REF!,23,0) -> #REF! | H133: 0.163 | I133: 2.2 | J133: 1 | K133: =H133*I133*G133 -> #REF!
A134: 품02-B74 | C134: POWER CABLE(LV) | D134: 0.6/1KV F-CVS 3C x 300SQ | E134: M | F134: 저압케이블전공 | G134: =VLOOKUP(F134,#REF!,23,0) -> #REF! | H134: 0.151 | I134: 2.2 | J134: 1 | K134: =H134*I134*G134 -> #REF!
A135: 품02-B75 | C135: POWER CABLE(LV) | D135: 0.6/1KV F-CVS 3C x 250SQ | E135: M | F135: 저압케이블전공 | G135: =VLOOKUP(F135,#REF!,23,0) -> #REF! | H135: 0.135 | I135: 2.2 | J135: 1 | K135: =H135*I135*G135 -> #REF!
A136: 품02-B76 | C136: POWER CABLE(LV) | D136: 0.6/1KV F-CVS 3C x 240SQ | E136: M | F136: 저압케이블전공 | G136: =VLOOKUP(F136,#REF!,23,0) -> #REF! | H136: 0.129 | I136: 2.2 | J136: 1 | K136: =H136*I136*G136 -> #REF!
A137: 품02-B77 | C137: POWER CABLE(LV) | D137: 0.6/1KV F-CVS 3C x 200SQ | E137: M | F137: 저압케이블전공 | G137: =VLOOKUP(F137,#REF!,23,0) -> #REF! | H137: 0.111 | I137: 2.2 | J137: 1 | K137: =H137*I137*G137 -> #REF!
A138: 품02-B78 | C138: POWER CABLE(LV) | D138: 0.6/1KV F-CVS 3C x 185SQ | E138: M | F138: 저압케이블전공 | G138: =VLOOKUP(F138,#REF!,23,0) -> #REF! | H138: 0.103 | I138: 2.2 | J138: 1 | K138: =H138*I138*G138 -> #REF!
A139: 품02-B79 | C139: POWER CABLE(LV) | D139: 0.6/1KV F-CVS 3C x 150SQ | E139: M | F139: 저압케이블전공 | G139: =VLOOKUP(F139,#REF!,23,0) -> #REF! | H139: 0.092 | I139: 2.2 | J139: 1 | K139: =H139*I139*G139 -> #REF!
A140: 품02-B80 | C140: POWER CABLE(LV) | D140: 0.6/1KV F-CVS 3C x 125SQ | E140: M | F140: 저압케이블전공 | G140: =VLOOKUP(F140,#REF!,23,0) -> #REF! | H140: 0.08 | I140: 2.2 | J140: 1 | K140: =H140*I140*G140 -> #REF!
...

Sheet 전동기
A1: No. | B1: 구분 | C1: 품명 | D1: 규격 | E1: 단위 | F1: 공종 | G1: 단가 | H1: 공수 | I1: 할증 | J1: 지역할증 | K1: 금액 | L1: 비고
A2: W7129 | C2: 저압 | D2: 2,4극 기준 | O2: 할증구분 | P2: 할증사항
C3: 전동기 설치 | D3: 0.75kW 이하 | E3: 대 | F3: 플랜트전공 | G3: =VLOOKUP(F3,#REF!,23,0) -> #REF! | H3: 0.44 | I3: 1 | J3: 1 | K3: =H3*I3*G3 -> #REF! | O3: A | P3: AC,6P, or DC 전동기 1150RPM이하3%증
C4: 전동기 설치 | D4: 1.5kW 이하 | E4: 대 | F4: 플랜트전공 | G4: =VLOOKUP(F4,#REF!,23,0) -> #REF! | H4: 0.55 | I4: 1 | J4: 1 | K4: =H4*I4*G4 -> #REF! | O4: A | P4: AC,8P, or DC 전동기 850RPM이하 6%증
C5: 전동기 설치 | D5: 2.2kW 이하 | E5: 대 | F5: 플랜트전공 | G5: =VLOOKUP(F5,#REF!,23,0) -> #REF! | H5: 0.55 | I5: 1 | J5: 1 | K5: =H5*I5*G5 -> #REF! | O5: A | P5: AC,10P, or DC 전동기 690RPM이하9%증
C6: 전동기 설치 | D6: 3.7kW 이하 | E6: 대 | F6: 플랜트전공 | G6: =VLOOKUP(F6,#REF!,23,0) -> #REF! | H6: 0.66 | I6: 1 | J6: 1 | K6: =H6*I6*G6 -> #REF! | O6: A | P6: AC,12P, or DC 전동기575RPM이하12%증
C7: 전동기 설치 | D7: 5.5kW 이하 | E7: 대 | F7: 플랜트전공 | G7: =VLOOKUP(F7,#REF!,23,0) -> #REF! | H7: 0.77 | I7: 1 | J7: 1 | K7: =H7*I7*G7 -> #REF! | O7: A | P7: 1500KW 초과시 매 750KW의 증가마다750KW의 50%증
C8: 전동기 설치 | D8: 7.5kW 이하 | E8: 대 | F8: 플랜트전공 | G8: =VLOOKUP(F8,#REF!,23,0) -> #REF! | H8: 0.99 | I8: 1 | J8: 1 | K8: =H8*I8*G8 -> #REF! | O8: B | P8: 철거 60%감, 재사용철거 30%감, 이설 50%증
C9: 전동기 설치 | D9: 11kW 이하 | E9: 대 | F9: 플랜트전공 | G9: =VLOOKUP(F9,#REF!,23,0) -> #REF! | H9: 1.21 | I9: 1 | J9: 1 | K9: =H9*I9*G9 -> #REF!
C10: 전동기 설치 | D10: 15kW 이하 | E10: 대 | F10: 플랜트전공 | G10: =VLOOKUP(F10,#REF!,23,0) -> #REF! | H10: 1.54 | I10: 1 | J10: 1 | K10: =H10*I10*G10 -> #REF!
C11: 전동기 설치 | D11: 22kW 이하 | E11: 대 | F11: 플랜트전공 | G11: =VLOOKUP(F11,#REF!,23,0) -> #REF! | H11: 2.19 | I11: 1 | J11: 1 | K11: =H11*I11*G11 -> #REF!
C12: 전동기 설치 | D12: 30kW 이하 | E12: 대 | F12: 플랜트전공 | G12: =VLOOKUP(F12,#REF!,23,0) -> #REF! | H12: 2.85 | I12: 1 | J12: 1 | K12: =H12*I12*G12 -> #REF!
C13: 전동기 설치 | D13: 37kW 이하 | E13: 대 | F13: 플랜트전공 | G13: =VLOOKUP(F13,#REF!,23,0) -> #REF! | H13: 3.29 | I13: 1 | J13: 1 | K13: =H13*I13*G13 -> #REF!
C14: 전동기 설치 | D14: 40kW 이하 | E14: 대 | F14: 플랜트전공 | G14: =VLOOKUP(F14,#REF!,23,0) -> #REF! | H14: 3.46 | I14: 1 | J14: 1 | K14: =H14*I14*G14 -> #REF!
C15: 전동기 설치 | D15: 45kW 이하 | E15: 대 | F15: 플랜트전공 | G15: =VLOOKUP(F15,#REF!,23,0) -> #REF! | H15: 3.73 | I15: 1 | J15: 1 | K15: =H15*I15*G15 -> #REF!
C16: 전동기 설치 | D16: 50kW 이하 | E16: 대 | F16: 플랜트전공 | G16: =VLOOKUP(F16,#REF!,23,0) -> #REF! | H16: 4.06 | I16: 1 | J16: 1 | K16: =H16*I16*G16 -> #REF!
C17: 전동기 설치 | D17: 55kW 이하 | E17: 대 | F17: 플랜트전공 | G17: =VLOOKUP(F17,#REF!,23,0) -> #REF! | H17: 4.39 | I17: 1 | J17: 1 | K17: =H17*I17*G17 -> #REF!
C18: 전동기 설치 | D18: 75kW 이하 | E18: 대 | F18: 플랜트전공 | G18: =VLOOKUP(F18,#REF!,23,0) -> #REF! | H18: 5.26 | I18: 1 | J18: 1 | K18: =H18*I18*G18 -> #REF!
C19: 전동기 설치 | D19: 95kW 이하 | E19: 대 | F19: 플랜트전공 | G19: =VLOOKUP(F19,#REF!,23,0) -> #REF! | H19: 5.26 | I19: 1 | J19: 1 | K19: =H19*I19*G19 -> #REF!
C20: 전동기 설치 | D20: 100kW 이하 | E20: 대 | F20: 플랜트전공 | G20: =VLOOKUP(F20,#REF!,23,0) -> #REF! | H20: 5.41 | I20: 1 | J20: 1 | K20: =H20*I20*G20 -> #REF!
... C37: 전동기 설치 | D37: 1500kW 이하 | E37: 대 | F37: 플랜트전공 | G37: =VLOOKUP(F37,#REF!,23,0) -> #REF! | H37: 29.33 | I37: 1 | J37: 1 | K37: =H37*I37*G37 -> #REF!
C38: 전동기 설치 | D38: 3000kW 이하 | E38: 대 | F38: 플랜트전공 | G38: =VLOOKUP(F38,#REF!,23,0) -> #REF! | H38: =H33 -> 19.55 | I38: 2 | J38: 1 | K38: =H38*I38*G38 -> #REF!
C40: 고압(3.3kV) | D40: 2,4극 기준
C41: 전동기 설치 | D41: 0.75kW 이하 | E41: 대 | F41: 플랜트전공 | G41: =VLOOKUP(F41,#REF!,23,0) -> #REF! | H41: 0.48 | I41: 1 | J41: 1 | K41: =H41*I41*G41 -> #REF!
C42: 전동기 설치 | D42: 1.5kW 이하 | E42: 대 | F42: 플랜트전공 | G42: =VLOOKUP(F42,#REF!,23,0) -> #REF! | H42: 0.61 | I42: 1 | J42: 1 | K42: =H42*I42*G42 -> #REF!
C43: 전동기 설치 | D43: 2.2kW 이하 | E43: 대 | F43: 플랜트전공 | G43: =VLOOKUP(F43,#REF!,23,0) -> #REF! | H43: 0.61 | I43: 1 | J43: 1 | K43: =H43*I43*G43 -> #REF!
C44: 전동기 설치 | D44: 3.7kW 이하 | E44: 대 | F44: 플랜트전공 | G44: =VLOOKUP(F44,#REF!,23,0) -> #REF! | H44: 0.73 | I44: 1 | J44: 1 | K44: =H44*I44*G44 -> #REF!
C45: 전동기 설치 | D45: 5.5kW 이하 | E45: 대 | F45: 플랜트전공 | G45: =VLOOKUP(F45,#REF!,23,0) -> #REF! | H45: 0.85 | I45: 1 | J45: 1 | K45: =H45*I45*G45 -> #REF!
C46: 전동기 설치 | D46: 7.5kW 이하 | E46: 대 | F46: 플랜트전공 | G46: =VLOOKUP(F46,#REF!,23,0) -> #REF! | H46: 1.09 | I46: 1 | J46: 1 | K46: =H46*I46*G46 -> #REF!
C47: 전동기 설치 | D47: 11kW 이하 | E47: 대 | F47: 플랜트전공 | G47: =VLOOKUP(F47,#REF!,23,0) -> #REF! | H47: 1.33 | I47: 1 | J47: 1 | K47: =H47*I47*G47 -> #REF!
C48: 전동기 설치 | D48: 15kW 이하 | E48: 대 | F48: 플랜트전공 | G48: =VLOOKUP(F48,#REF!,23,0) -> #REF! | H48: 1.69 | I48: 1 | J48: 1 | K48: =H48*I48*G48 -> #REF!
C49: 전동기 설치 | D49: 22kW 이하 | E49: 대 | F49: 플랜트전공 | G49: =VLOOKUP(F49,#REF!,23,0) -> #REF! | H49: 2.41 | I49: 1 | J49: 1 | K49: =H49*I49*G49 -> #REF!
C50: 전동기 설치 | D50: 30kW 이하 | E50: 대 | F50: 플랜트전공 | G50: =VLOOKUP(F50,#REF!,23,0) -> #REF! | H50: 3.14 | I50: 1 | J50: 1 | K50: =H50*I50*G50 -> #REF!
C51: 전동기 설치 | D51: 37kW 이하 | E51: 대 | F51: 플랜트전공 | G51: =VLOOKUP(F51,#REF!,23,0) -> #REF! | H51: 3.62 | I51: 1 | J51: 1 | K51: =H51*I51*G51 -> #REF!
C52: 전동기 설치 | D52: 40kW 이하 | E52: 대 | F52: 플랜트전공 | G52: =VLOOKUP(F52,#REF!,23,0) -> #REF! | H52: 3.81 | I52: 1 | J52: 1 | K52: =H52*I52*G52 -> #REF!
... C75: 전동기 설치 | D75: 1500kW 이하 | E75: 대 | F75: 플랜트전공 | G75: =VLOOKUP(F75,#REF!,23,0) -> #REF! | H75: 32.26 | I75: 1 | J75: 1 | K75: =H75*I75*G75 -> #REF!
C76: 전동기 설치 | D76: 3000kW 이하 | E76: 대 | F76: 플랜트전공 | G76: =VLOOKUP(F76,#REF!,23,0) -> #REF! | H76: =H71 -> 21.51 | I76: 2 | J76: 1 | K76: =H76*I76*G76 -> #REF!

Sheet LED
A2: 순번 | B2: 구 분 | C2: 품질 및 규격 | D2: 단위 | E2: 공수 | F2: AB 할증 | G2: C 할증 | H2: 노임 | I2: 금 액 | J2: 품 근 | K2: 노임단가 근거 | L2: 할증 및 비고
A3: 1 | B3: LED 공장등(400W이하) | C3: LED 400W | D3: EA | E3: 0.348 | F3: 1 | G3: 1 | H3: 212226 | I3: =E3*F3*G3*H3 -> 73854.648 | J3: 전품5-25-3(W7525) | K3: 내선전공
A4: 2 | B4: LED 공장등(400W이하) | C4: LED 350W | D4: EA | E4: 0.348 | F4: 1 | G4: 1 | H4: =H3 -> 212226 | I4: =E4*F4*G4*H4 -> 73854.648 | J4: 전품5-25-3(W7525) | K4: 내선전공
A5: 3 | B5: LED 공장등(250W이하) | C5: LED 176W | D5: EA | E5: 0.325 | F5: 1 | G5: 1 | H5: =H4 -> 212226 | I5: =E5*F5*G5*H5 -> 68973.45 | J5: 전품5-25-3(W7525) | K5: 내선전공
B6: LED 공장등(150W이하) | C6: LED 110W | D6: EA | E6: 0.269 | F6: 1 | G6: 1 | H6: =H5 -> 212226 | I6: =E6*F6*G6*H6 -> 57088.794 | J6: 전품5-25-3(W7525) | K6: 내선전공
A7: 4 | B7: LED 공장등 | C7: LED 88W | D7: EA | E7: 0.208 | F7: 1 | G7: 1 | H7: =H5 -> 212226 | I7: =E7*F7*G7*H7 -> 44143.008 | J7: 전품5-25-3(W7525) | K7: 내선전공
A8: 5 | B8: LED 공장등 | C8: LED 70W | D8: EA | E8: 0.208 | F8: 1 | G8: 1 | H8: =H7 -> 212226 | I8: =E8*F8*G8*H8 -> 44143.008 | J8: 전품5-25-3(W7525) | K8: 내선전공
A9: 6 | B9: LED 방폭등 | C9: LED 60W | D9: EA | E9: 0.208 | F9: 2 | G9: 1 | H9: =H8 -> 212226 | I9: =E9*F9*G9*H9 -> 88286.016 | J9: 전품5-25-3(W7525) | K9: 내선전공 | L9: 방폭
A10: 7 | B10: LED 방폭등(펜던트) | C10: LED 형광방폭등 (18W X 2) | D10: EA | E10: 0.213 | F10: 2 | G10: 1 | H10: =H9 -> 212226 | I10: =E10*F10*G10*H10 -> 90408.276 | J10: 전품5-25-2(W7522) | K10: 내선전공 | L10: 방폭
A11: 8 | B11: LED 방폭등(펜던트) | C11: LED 형광방폭등 (18W X 1) | D11: EA | E11: 0.163 | F11: 2 | G11: 1 | H11: =H10 -> 212226 | I11: =E11*F11*G11*H11 -> 69185.676 | J11: 전품5-25-2(W7522) | K11: 내선전공 | L11: 방폭
A12: 9 | B12: LED 직부등 | C12: LED 28W | D12: EA | E12: 0.163 | F12: 1 | G12: 1 | H12: =H9 -> 212226 | I12: =E12*F12*G12*H12 -> 34592.838 | J12: 전품5-25-2(W7522) | K12: 내선전공
A13: 10 | B13: LED 직부등 | C13: LED 18W | D13: EA | E13: 0.138 | F13: 1 | G13: 1 | H13: =H12 -> 212226 | I13: =E13*F13*G13*H13 -> 29287.188 | J13: 전품5-25-2(W7522) | K13: 내선전공
A14: 11 | B14: LED 면조명(1200X300) | C14: LED 40W | D14: EA | E14: 0.263 | F14: 1 | G14: 1 | H14: =H13 -> 212226 | I14: =E14*F14*G14*H14 -> 55815.438 | J14: 전품5-25-2(W7522) | K14: 내선전공
A15: 12 | B15: LED 면조명(600X600) | C15: LED 40W | D15: EA | E15: 0.263 | F15: 1 | G15: 1 | H15: =H14 -> 212226 | I15: =E15*F15*G15*H15 -> 55815.438 | J15: 전품5-25-2(W7522) | K15: 내선전공
A16: 13 | B16: LED 면조명(600X300) | C16: LED 26W | D16: EA | E16: 0.242 | F16: 1 | G16: 1 | H16: =H15 -> 212226 | I16: =E16*F16*G16*H16 -> 51358.692 | J16: 전품5-25-2(W7522) | K16: 내선전공
A17: 14 | B17: LED 다운라이트 6인치 | C17: LED 15W | D17: EA | E17: 0.155 | F17: 1 | G17: 1 | H17: =H16 -> 212226 | I17: =E17*F17*G17*H17 -> 32895.03 | J17: 전품5-25-2(W7522) | K17: 내선전공
A18: 15 | B18: LED 가로등 | C18: LED 50W | D18: EA | E18: 0.204 | F18: 1 | G18: 1 | H18: =H17 -> 212226 | I18: =E18*F18*G18*H18 -> 43294.104 | J18: 전품5-26-1(W7524) | K18: 내선전공
B19: LED 가로등 | C19: LED 100W | D19: EA | E19: 0.204 | F19: 1 | G19: 1 | H19: =H18 -> 212226 | I19: =E19*F19*G19*H19 -> 43294.104 | J19: 전품5-26-1(W7524) | K19: 내선전공
B20: LED 가로등 | C20: LED 150W | D20: EA | E20: 0.213 | F20: 1 | G20: 1 | H20: =H19 -> 212226 | I20: =E20*F20*G20*H20 -> 45204.138 | J20: 전품5-26-1(W7524) | K20: 내선전공
A21: 16 | B21: LED 보안등 | C21: LED 43W | D21: EA | E21: 0.183 | F21: 1 | G21: 1 | H21: =H18 -> 212226 | I21: =E21*F21*G21*H21 -> 38837.358 | J21: 전품5-25-4(W7526) | K21: 내선전공

Sheet Cubicle
A1: No. | B1: 구분 | C1: 품명 | D1: 규격 | E1: 단위 | F1: 공종 | G1: 단가 | H1: 공수 | I1: 할증 | J1: 지역할증 | K1: 금액 | L1: 비고
B2: [전기부문]
A3: W7100 | B3: 전기기기 설치 | O3: 적용구분 | P3: 할증구분 | Q3: 할증사항 | R3: 비고
C4: < CUBICLE 신설 > | O4: MCC Panel ,Distribution Panel, PLC, Inverter BUS Connection Panel | Q4: 체적 1.0이하, 500Kg 이하 품 적용
C5: 500kg이하 | O5: ACB Panel | Q5: 체적 3.5이하, 500Kg 이하 품 적용
A6: 품01-01 | C6: CUBICLE 설치 | D6: 1.0 이하(체적) | E6: 면 | F6: 변전전공 | G6: =VLOOKUP(F6,#REF!,23,0) -> #REF! | H6: 1.5 | I6: 1 | J6: 1 | K6: =H6*I6*G6 -> #REF! | O6: VCB Incoming & GPT,VCB Feeder 1단적 | Q6: 체적 6.0이하 500Kg 이하 품 적용
E7: 면 | F7: 비계공 | G7: =VLOOKUP(F7,#REF!,23,0) -> #REF! | H7: 0.65 | I7: 1 | J7: 1 | K7: =H7*I7*G7 -> #REF! | O7: VCB Feeder 2단적 | Q7: 체적 6.0이하 1,000Kg 이하 품 적용
D8: 공기식제어장치만 계상(기계) | E8: 면 | F8: 기계설비공 | G8: =VLOOKUP(F8,#REF!,23,0) -> #REF! | H8: 0.32 | J8: 1 | K8: =H8*I8*G8 -> #REF! | O8: GCB Incoming & GPT | Q8: 체적 10이하 500Kg 이하 품 적용
E9: 면 | F9: 보통인부 | G9: =VLOOKUP(F9,#REF!,23,0) -> #REF! | H9: 1.2 | I9: 1 | J9: 1 | K9: =H9*I9*G9 -> #REF! | P9: A | Q9: 단일 수전설비 공사시 20%증
D10: 소 계 | K10: =SUM(K6:K9) -> #REF! | P10: B | Q10: 철거70%감,재사용철거60%감,이설40%증
Q11: 조작Cable 포설결선은 불포함
A12: 품01-02 | C12: CUBICLE 설치 | D12: 1.5 이하(체적) | E12: 면 | F12: 변전전공 | G12: =VLOOKUP(F12,#REF!,23,0) -> #REF! | H12: 1.7 | I12: 1 | J12: 1 | K12: =H12*I12*G12 -> #REF! | Q12: 기계설치공 제외
E13: 면 | F13: 비계공 | G13: =VLOOKUP(F13,#REF!,23,0) -> #REF! | H13: 0.7 | I13: 1 | J13: 1 | K13: =H13*I13*G13 -> #REF!
D14: 공기식제어장치만 계상(기계) | E14: 면 | F14: 기계설비공 | G14: =VLOOKUP(F14,#REF!,23,0) -> #REF! | H14: 0.35 | J14: 1 | K14: =H14*I14*G14 -> #REF!
E15: 면 | F15: 보통인부 | G15: =VLOOKUP(F15,#REF!,23,0) -> #REF! | H15: 1.35 | I15: 1 | J15: 1 | K15: =H15*I15*G15 -> #REF!
D16: 소 계 | K16: =SUM(K12:K15) -> #REF!
A18: 품01-03 | C18: CUBICLE 설치 | D18: 2.5 이하(체적) | E18: 면 | F18: 변전전공 | G18: =VLOOKUP(F18,#REF!,23,0) -> #REF! | H18: 2.1 | I18: 1 | J18: 1 | K18: =H18*I18*G18 -> #REF!
E19: 면 | F19: 비계공 | G19: =VLOOKUP(F19,#REF!,23,0) -> #REF! | H19: 0.8 | I19: 1 | J19: 1 | K19: =H19*I19*G19 -> #REF!
D20: 공기식제어장치만 계상(기계) | E20: 면 | F20: 기계설비공 | G20: =VLOOKUP(F20,#REF!,23,0) -> #REF! | H20: 0.4 | J20: 1 | K20: =H20*I20*G20 -> #REF!
E21: 면 | F21: 보통인부 | G21: =VLOOKUP(F21,#REF!,23,0) -> #REF! | H21: 1.5 | I21: 1 | J21: 1 | K21: =H21*I21*G21 -> #REF!
D22: 소 계 | K22: =SUM(K18:K21) -> #REF!
A24: 품01-04 | C24: CUBICLE 설치 | D24: 3.5 이하(체적) | E24: 면 | F24: 변전전공 | G24: =VLOOKUP(F24,#REF!,23,0) -> #REF! | H24: 2.25 | I24: 1 | J24: 1 | K24: =H24*I24*G24 -> #REF!
E25: 면 | F25: 비계공 | G25: =VLOOKUP(F25,#REF!,23,0) -> #REF! | H25: 0.95 | I25: 1 | J25: 1 | K25: =H25*I25*G25 -> #REF!
D26: 공기식제어장치만 계상(기계) | E26: 면 | F26: 기계설비공 | G26: =VLOOKUP(F26,#REF!,23,0) -> #REF! | H26: 0.45 | J26: 1 | K26: =H26*I26*G26 -> #REF!
E27: 면 | F27: 보통인부 | G27: =VLOOKUP(F27,#REF!,23,0) -> #REF! | H27: 1.7 | I27: 1 | J27: 1 | K27: =H27*I27*G27 -> #REF!
D28: 소 계 | K28: =SUM(K24:K27) -> #REF!
A30: 품01-05 | C30: CUBICLE 설치 | D30: 6.0 이하(체적) | E30: 면 | F30: 변전전공 | G30: =VLOOKUP(F30,#REF!,23,0) -> #REF! | H30: 2.45 | I30: 1 | J30: 1 | K30: =H30*I30*G30 -> #REF!
E31: 면 | F31: 비계공 | G31: =VLOOKUP(F31,#REF!,23,0) -> #REF! | H31: 1.2 | I31: 1 | J31: 1 | K31: =H31*I31*G31 -> #REF!
D32: 공기식제어장치만 계상(기계) | E32: 면 | F32: 기계설비공 | G32: =VLOOKUP(F32,#REF!,23,0) -> #REF! | H32: 0.5 | J32: 1 | K32: =H32*I32*G32 -> #REF!
E33: 면 | F33: 보통인부 | G33: =VLOOKUP(F33,#REF!,23,0) -> #REF! | H33: 2.1 | I33: 1 | J33: 1 | K33: =H33*I33*G33 -> #REF!
D34: 소 계 | K34: =SUM(K30:K33) -> #REF!
A36: 품01-06 | C36: CUBICLE 설치 | D36: 10.0 이하(체적) | E36: 면 | F36: 변전전공 | G36: =VLOOKUP(F36,#REF!,23,0) -> #REF! | H36: 3 | I36: 1 | J36: 1 | K36: =H36*I36*G36 -> #REF!
E37: 면 | F37: 비계공 | G37: =VLOOKUP(F37,#REF!,23,0) -> #REF! | H37: 1.7 | I37: 1 | J37: 1 | K37: =H37*I37*G37 -> #REF!
D38: 공기식제어장치만 계상(기계) | E38: 면 | F38: 기계설비공 | G38: =VLOOKUP(F38,#REF!,23,0) -> #REF! | H38: 0.6 | J38: 1 | K38: =H38*I38*G38 -> #REF!
E39: 면 | F39: 보통인부 | G39: =VLOOKUP(F39,#REF!,23,0) -> #REF! | H39: 2.65 | I39: 1 | J39: 1 | K39: =H39*I39*G39 -> #REF!
D40: 소 계 | K40: =SUM(K36:K39) -> #REF!
A42: 품01-07 | C42: CUBICLE 설치 | D42: 10.0 초과(체적) | E42: 면 | F42: 변전전공 | G42: =VLOOKUP(F42,#REF!,23,0) -> #REF! | H42: 3.6 | I42: 1 | J42: 1 | K42: =H42*I42*G42 -> #REF!
E43: 면 | F43: 비계공 | G43: =VLOOKUP(F43,#REF!,23,0) -> #REF! | H43: 2.5 | I43: 1 | J43: 1 | K43: =H43*I43*G43 -> #REF!
D44: 공기식제어장치만 계상(기계) | E44: 면 | F44: 기계설비공 | G44: =VLOOKUP(F44,#REF!,23,0) -> #REF! | H44: 0.7 | J44: 1 | K44: =H44*I44*G44 -> #REF!
E45: 면 | F45: 보통인부 | G45: =VLOOKUP(F45,#REF!,23,0) -> #REF! | H45: 3.2 | I45: 1 | J45: 1 | K45: =H45*I45*G45 -> #REF!
D46: 소 계 | K46: =SUM(K42:K45) -> #REF!
C62: 1,000kg이하
A63: 품01-08 | C63: CUBICLE 설치 | D63: 1.0 이하(체적) | E63: 면 | F63: 변전전공 | G63: =VLOOKUP(F63,#REF!,23,0) -> #REF! | H63: 2.1 | I63: 1 | K63: =H63*I63*G63 -> #REF!
E64: 면 | F64: 비계공 | G64: =VLOOKUP(F64,#REF!,23,0) -> #REF! | H64: 0.85 | I64: 1 | K64: =H64*I64*G64 -> #REF!
D65: 공기식제어장치만 계상(기계) | E65: 면 | F65: 기계설비공 | G65: =VLOOKUP(F65,#REF!,23,0) -> #REF! | H65: 0.4 | K65: =H65*I65*G65 -> #REF!
E66: 면 | F66: 보통인부 | G66: =VLOOKUP(F66,#REF!,23,0) -> #REF! | H66: 1.6 | I66: 1 | K66: =H66*I66*G66 -> #REF!
D67: 소 계 | K67: =SUM(K63:K66) -> #REF!
A69: 품01-09 | C69: CUBICLE 설치 | D69: 1.5 이하(체적) | E69: 면 | F69: 변전전공 | G69: =VLOOKUP(F69,#REF!,23,0) -> #REF! | H69: 2.25 | I69: 1 | K69: =H69*I69*G69 -> #REF!
E70: 면 | F70: 비계공 | G70: =VLOOKUP(F70,#REF!,23,0) -> #REF! | H70: 0.95 | I70: 1 | K70: =H70*I70*G70 -> #REF!
D71: 공기식제어장치만 계상(기계) | E71: 면 | F71: 기계설비공 | G71: =VLOOKUP(F71,#REF!,23,0) -> #REF! | H71: 0.5 | K71: =H71*I71*G71 -> #REF!
E72: 면 | F72: 보통인부 | G72: =VLOOKUP(F72,#REF!,23,0) -> #REF! | H72: 1.65 | I72: 1 | K72: =H72*I72*G72 -> #REF!
D73: 소 계 | K73: =SUM(K69:K72) -> #REF!
A75: 품01-10 | C75: CUBICLE 설치 | D75: 2.5 이하(체적) | E75: 면 | F75: 변전전공 | G75: =VLOOKUP(F75,#REF!,23,0) -> #REF! | H75: 2.5 | I75: 1 | K75: =H75*I75*G75 -> #REF!
E76: 면 | F76: 비계공 | G76: =VLOOKUP(F76,#REF!,23,0) -> #REF! | H76: 1 | I76: 1 | K76: =H76*I76*G76 -> #REF!
D77: 공기식제어장치만 계상(기계) | E77: 면 | F77: 기계설비공 | G77: =VLOOKUP(F77,#REF!,23,0) -> #REF! | H77: 0.55 | K77: =H77*I77*G77 -> #REF!
E78: 면 | F78: 보통인부 | G78: =VLOOKUP(F78,#REF!,23,0) -> #REF! | H78: 2 | I78: 1 | K78: =H78*I78*G78 -> #REF!
D79: 소 계 | K79: =SUM(K75:K78) -> #REF!
A81: 품01-11 | C81: CUBICLE 설치 | D81: 3.5 이하(체적) | E81: 면 | F81: 변전전공 | G81: =VLOOKUP(F81,#REF!,23,0) -> #REF! | H81: 2.7 | I81: 1 | K81: =H81*I81*G81 -> #REF!
E82: 면 | F82: 비계공 | G82: =VLOOKUP(F82,#REF!,23,0) -> #REF! | H82: 1.1 | I82: 1 | K82: =H82*I82*G82 -> #REF!
D83: 공기식제어장치만 계상(기계) | E83: 면 | F83: 기계설비공 | G83: =VLOOKUP(F83,#REF!,23,0) -> #REF! | H83: 0.65 | K83: =H83*I83*G83 -> #REF!
E84: 면 | F84: 보통인부 | G84: =VLOOKUP(F84,#REF!,23,0) -> #REF! | H84: 2.2 | I84: 1 | K84: =H84*I84*G84 -> #REF!
D85: 소 계 | K85: =SUM(K81:K84) -> #REF!
A87: 품01-12 | C87: CUBICLE 설치 | D87: 6.0 이하(체적) | E87: 면 | F87: 변전전공 | G87: =VLOOKUP(F87,#REF!,23,0) -> #REF! | H87: 2.95 | I87: 1 | K87: =H87*I87*G87 -> #REF!
E88: 면 | F88: 비계공 | G88: =VLOOKUP(F88,#REF!,23,0) -> #REF! | H88: 1.45 | I88: 1 | K88: =H88*I88*G88 -> #REF!
D89: 공기식제어장치만 계상(기계) | E89: 면 | F89: 기계설비공 | G89: =VLOOKUP(F89,#REF!,23,0) -> #REF! | H89: 0.75 | K89: =H89*I89*G89 -> #REF!
E90: 면 | F90: 보통인부 | G90: =VLOOKUP(F90,#REF!,23,0) -> #REF! | H90: 2.65 | I90: 1 | K90: =H90*I90*G90 -> #REF!
D91: 소 계 | K91: =SUM(K87:K90) -> #REF!
A93: 품01-13 | C93: CUBICLE 설치 | D93: 10.0 이하(체적) | E93: 면 | F93: 변전전공 | G93: =VLOOKUP(F93,#REF!,23,0) -> #REF! | H93: 3.5 | I93: 1 | K93: =H93*I93*G93 -> #REF!
E94: 면 | F94: 비계공 | G94: =VLOOKUP(F94,#REF!,23,0) -> #REF! | H94: 2 | I94: 1 | K94: =H94*I94*G94 -> #REF!
D95: 공기식제어장치만 계상(기계) | E95: 면 | F95: 기계설비공 | G95: =VLOOKUP(F95,#REF!,23,0) -> #REF! | H95: 0.9 | K95: =H95*I95*G95 -> #REF!
E96: 면 | F96: 보통인부 | G96: =VLOOKUP(F96,#REF!,23,0) -> #REF! | H96: 3.1 | I96: 1 | K96: =H96*I96*G96 -> #REF!
D97: 소 계 | K97: =SUM(K93:K96) -> #REF!
A99: 품01-14 | C99: CUBICLE 설치 | D99: 10.0 초과(체적) | E99: 면 | F99: 변전전공 | G99: =VLOOKUP(F99,#REF!,23,0) -> #REF! | H99: 4.6 | I99: 1 | K99: =H99*I99*G99 -> #REF!
E100: 면 | F100: 비계공 | G100: =VLOOKUP(F100,#REF!,23,0) -> #REF! | H100: 3 | I100: 1 | K100: =H100*I100*G100 -> #REF!
D101: 공기식제어장치만 계상(기계) | E101: 면 | F101: 기계설비공 | G101: =VLOOKUP(F101,#REF!,23,0) -> #REF! | H101: 1.2 | K101: =H101*I101*G101 -> #REF!
E102: 면 | F102: 보통인부 | G102: =VLOOKUP(F102,#REF!,23,0) -> #REF! | H102: 4.4 | I102: 1 | K102: =H102*I102*G102 -> #REF!
D103: 소 계 | K103: =SUM(K99:K102) -> #REF!
C122: 1,500kg이하
A123: 품01-15 | C123: CUBICLE 설치 | D123: 1.0 이하(체적) | E123: 면 | F123: 변전전공 | G123: =VLOOKUP(F123,#REF!,23,0) -> #REF! | H123: 3.2 | I123: 1 | K123: =H123*I123*G123 -> #REF!
E124: 면 | F124: 비계공 | G124: =VLOOKUP(F124,#REF!,23,0) -> #REF! | H124: 1.35 | I124: 1 | K124: =H124*I124*G124 -> #REF!
D125: 공기식제어장치만 계상(기계) | E125: 면 | F125: 기계설비공 | G125: =VLOOKUP(F125,#REF!,23,0) -> #REF! | H125: 0.67 | K125: =H125*I125*G125 -> #REF!
E126: 면 | F126: 보통인부 | G126: =VLOOKUP(F126,#REF!,23,0) -> #REF! | H126: 2.4 | I126: 1 | K126: =H126*I126*G126 -> #REF!
D127: 소 계 | K127: =SUM(K123:K126) -> #REF!
A129: 품01-16 | C129: CUBICLE 설치 | D129: 1.5 이하(체적) | E129: 면 | F129: 변전전공 | G129: =VLOOKUP(F129,#REF!,23,0) -> #REF! | H129: 3.4 | I129: 1 | K129: =H129*I129*G129 -> #REF!
E130: 면 | F130: 비계공 | G130: =VLOOKUP(F130,#REF!,23,0) -> #REF! | H130: 1.4 | I130: 1 | K130: =H130*I130*G130 -> #REF!
D131: 공기식제어장치만 계상(기계) | E131: 면 | F131: 기계설비공 | G131: =VLOOKUP(F131,#REF!,23,0) -> #REF! | H131: 0.7 | K131: =H131*I131*G131 -> #REF!
E132: 면 | F132: 보통인부 | G132: =VLOOKUP(F132,#REF!,23,0) -> #REF! | H132: 2.6 | I132: 1 | K132: =H132*I132*G132 -> #REF!
D133: 소 계 | K133: =SUM(K129:K132) -> #REF!
A135: 품01-17 | C135: CUBICLE 설치 | D135: 2.5 이하(체적) | E135: 면 | F135: 변전전공 | G135: =VLOOKUP(F135,#REF!,23,0) -> #REF! | H135: 3.7 | I135: 1 | K135: =H135*I135*G135 -> #REF!
E136: 면 | F136: 비계공 | G136: =VLOOKUP(F136,#REF!,23,0) -> #REF! | H136: 1.5 | I136: 1 | K136: =H136*I136*G136 -> #REF!
D137: 공기식제어장치만 계상(기계) | E137: 면 | F137: 기계설비공 | G137: =VLOOKUP(F137,#REF!,23,0) -> #REF! | H137: 0.8 | K137: =H137*I137*G137 -> #REF!
E138: 면 | F138: 보통인부 | G138: =VLOOKUP(F138,#REF!,23,0) -> #REF! | H138: 2.85 | I138: 1 | K138: =H138*I138*G138 -> #REF!
D139: 소 계 | K139: =SUM(K135:K138) -> #REF!
A141: 품01-18 | C141: CUBICLE 설치 | D141: 3.5 이하(체적) | E141: 면 | F141: 변전전공 | G141: =VLOOKUP(F141,#REF!,23,0) -> #REF! | H141: 3.9 | I141: 1 | K141: =H141*I141*G141 -> #REF!
E142: 면 | F142: 비계공 | G142: =VLOOKUP(F142,#REF!,23,0) -> #REF! | H142: 1.6 | I142: 1 | K142: =H142*I142*G142 -> #REF!
D143: 공기식제어장치만 계상(기계) | E143: 면 | F143: 기계설비공 | G143: =VLOOKUP(F143,#REF!,23,0) -> #REF! | H143: 0.9 | K143: =H143*I143*G143 -> #REF!
E144: 면 | F144: 보통인부 | G144: =VLOOKUP(F144,#REF!,23,0) -> #REF! | H144: 3.05 | I144: 1 | K144: =H144*I144*G144 -> #REF!
D145: 소 계 | K145: =SUM(K141:K144) -> #REF!
A147: 품01-19 | C147: CUBICLE 설치 | D147: 6.0 이하(체적) | E147: 면 | F147: 변전전공 | G147: =VLOOKUP(F147,#REF!,23,0) -> #REF! | H147: 4.05 | I147: 1 | K147: =H147*I147*G147 -> #REF!
E148: 면 | F148: 비계공 | G148: =VLOOKUP(F148,#REF!,23,0) -> #REF! | H148: 2 | I148: 1 | K148: =H148*I148*G148 -> #REF!
...

Sheet Cable 할증표 (2)
A1: Cable 길이 설계
A3: 길이 | B3: 전기실내(%) | C3: 현장(%)
A4: 0~20 | B4: 40 | C4: 15
A5: 21~50 | B5: 16 | C5: 15
A6: 51~100 | B6: 10 | C6: 7
A7: 101~200 | B7: 10 | C7: 6
A8: 201이상 | B8: 10 | C8: 2
A9: 실 Cable 포설 길이 * 표%(예 현장에 20m 포설시 필요량 23m)
A11: 전선관 길이 설계
A12: 실 배관 길이 * 1.05

Sheet Cable Tray
B2: 순번 | C2: 품명코드 | D2: 품명 | E2: 사양 | F2: 도면번호1
B3: 1 | C3: Q4221888 | D3: Cable Tray | E3: TRAY (I),POSMAC KS D 3030,150Wx100Hx2400Lx2.3t,WITH FULLSET(COVER+COVER BAND(2EA)+JOINT CONNECTOR(2EA)+BONDING JUMPER(1EA)+H/D CLAMP(4EA)+BOLT),FOR 3COKE PLANT | F3: 01PAC39E01178/1,4,8
B4: 2 | C4: Q4221961 | D4: Cable Tray | E4: TRAY (I),POSMAC KS D 3030,200Wx100Hx2400Lx2.3t,WITH FULLSET(COVER+COVER BAND(2EA)+JOINT CONNECTOR(2EA)+BONDING JUMPER(1EA)+H/D CLAMP(4EA)+BOLT),FOR 3COKE PLANT | F4: 01PAC39E01178/1,4,8
B5: 3 | C5: Q4221962 | D5: Cable Tray | E5: TRAY (I),POSMAC KS D 3030,300Wx100Hx2400Lx2.3t,WITH FULLSET(COVER+COVER BAND(2EA)+JOINT CONNECTOR(2EA)+BONDING JUMPER(1EA)+H/D CLAMP(4EA)+BOLT),FOR 3COKE PLANT | F5: 01PAC39E01178/1,4,8
B6: 4 | C6: Q4221963 | D6: Cable Tray | E6: TRAY (I),POSMAC KS D 3030,400Wx100Hx2400Lx2.3t,WITH FULLSET(COVER+COVER BAND(2EA)+JOINT CONNECTOR(2EA)+BONDING JUMPER(1EA)+H/D CLAMP(4EA)+BOLT),FOR 3COKE PLANT | F6: 01PAC39E01178/1.4,8
B7: 5 | C7: Q4221964 | D7: Cable Tray | E7: TRAY (I),POSMAC KS D 3030,500Wx100Hx2400Lx2.3t,WITH FULLSET(COVER+COVER BAND(2EA)+JOINT CONNECTOR(2EA)+BONDING JUMPER(1EA)+H/D CLAMP(4EA)+BOLT),FOR 3COKE PLANT | F7: 01PAC39E01178/1,4,8
B8: 6 | C8: Q4221965 | D8: Cable Tray | E8: TRAY (I),POSMAC KS D 3030,600Wx100Hx2400Lx2.3t,WITH FULLSET(COVER+COVER BAND(2EA)+JOINT CONNECTOR(2EA)+BONDING JUMPER(1EA)+H/D CLAMP(4EA)+BOLT),FOR 3COKE PLANT | F8: 01PAC39E01178/1,4,8
B9: 7 | C9: Q4221966 | D9: Cable Tray | E9: TRAY (I),POSMAC KS D 3030,700Wx100Hx2400Lx2.3t,WITH FULLSET(COVER+COVER BAND(2EA)+JOINT CONNECTOR(2EA)+BONDING JUMPER(1EA)+H/D CLAMP(4EA)+BOLT),FOR 3COKE PLANT | F9: 01PAC39E01178/1,4,8
B10: 8 | C10: Q4221967 | D10: Cable Tray | E10: TRAY (I),POSMAC KS D 3030,800Wx100Hx2400Lx2.3t,WITH FULLSET(COVER+COVER BAND(2EA)+JOINT CONNECTOR(2EA)+BONDING JUMPER(1EA)+H/D CLAMP(4EA)+BOLT),FOR 3COKE PLANT | F10: 01PAC39E01178/1,4,8
B11: 9 | C11: Q4221968 | D11: Cable Tray | E11: TRAY (I),POSMAC KS D 3030,900Wx100Hx2400Lx2.3t,WITH FULLSET(COVER+COVER BAND(2EA)+JOINT CONNECTOR(2EA)+BONDING JUMPER(1EA)+H/D CLAMP(4EA)+BOLT),FOR 3COKE PLANT | F11: 01PAC39E01178/1,4,8
B12: 10 | C12: Q4221969 | D12: Cable Tray | E12: TRAY (I),POSMAC KS D 3030,1000Wx100Hx2400Lx2.3t,WITH FULLSET(COVER+COVER BAND(2EA)+JOINT CONNECTOR(2EA)+BONDING JUMPER(1EA)+H/D CLAMP(4EA)+BOLT),FOR 3COKE PLANT | F12: 01PAC39E01178/1,4,8
B13: 11 | C13: Q4221970 | D13: Cable Tray | E13: TRAY (I),POSMAC KS D 3030,150Wx150Hx2400Lx2.3t,WITH FULLSET(COVER+COVER BAND(2EA)+JOINT CONNECTOR(2EA)+BONDING JUMPER(1EA)+H/D CLAMP(4EA)+BOLT),FOR 3COKE PLANT | F13: 01PAC39E01178/2
B14: 12 | C14: Q4221972 | D14: Cable Tray | E14: TRAY (I),POSMAC KS D 3030,200Wx150Hx2400Lx2.3t,WITH FULLSET(COVER+COVER BAND(2EA)+JOINT CONNECTOR(2EA)+BONDING JUMPER(1EA)+H/D CLAMP(4EA)+BOLT),FOR 3COKE PLANT | F14: 01PAC39E01178/2
... B32: 30 | C32: Q4221991 | D32: Cable Tray | E32: TRAY (I),POSMAC KS D 3030,1000Wx200Hx2400Lx2.3t,WITH FULLSET(COVER+COVER BAND(2EA)+JOINT CONNECTOR(2EA)+BONDING JUMPER(1EA)+H/D CLAMP(4EA)+BOLT),FOR 3COKE PLANT | F32: 01PAC39E01178/3
D44: Q4362665 | E44: 750W x 100H x 2400L x 2.3T PosMAC

Sheet Cable 할증표
A1: Cable 길이 설계
A3: 길이 | B3: 전기실내(%) | C3: 현장(%)
A4: 0~20 | B4: 40 | C4: 15
A5: 21~50 | B5: 16 | C5: 15
A6: 51~100 | B6: 10 | C6: 7
A7: 101~200 | B7: 10 | C7: 6
A8: 201이상 | B8: 10 | C8: 2
A9: 실 Cable 포설 길이 * 표%(예 현장에 20m 포설시 필요량 23m)
A11: 전선관 길이 설계
A12: 실 배관 길이 * 1.05
