Workbook
Name _: #REF!
Name _: #REF!
Name _: #REF!
Name _: #REF!
Name _??±?????³?¿ª: #REF!
Name ____________sn0001: [1]도!#REF!
Name ___________A70000: '[2]4-3 보온 기본물량집계'!#REF!
Name ___________A70001: '[2]4-3 보온 기본물량집계'!#REF!
Name ___________o12111: '[3]#REF'!#REF!
Name ___________sn0001: [1]도!#REF!
Name __________A70000: #REF!
Name __________A70000: #REF!
Name __________A70001: '[2]4-3 보온 기본물량집계'!#REF!
Name __________o12111: '[3]#REF'!#REF!
Name __________sn0001: [1]도!#REF!
Name _________A70000: #REF!
Name _________A70000: #REF!
Name _________A70001: #REF!
Name _________A70001: #REF!
Name _________o12111: #REF!
Name _________o12111: #REF!
Name _________sn0001: #REF!
Name _________sn0001: #REF!
Name ________A1: #REF!
Name ________A70000: #REF!
Name ________A70000: #REF!
Name ________A70001: #REF!
Name ________A70001: #REF!
Name ________LPB1: [4]부하계산서!#REF!
Name ________LPK1: [4]부하계산서!#REF!
Name ________LU1: '[5]부하(성남)'!#REF!
Name ________LU2: '[5]부하(성남)'!#REF!
Name ________LV01: '[5]부하(성남)'!#REF!
Name ________o12111: #REF!
Name ________o12111: #REF!
Name ________sn0001: #REF!
Name ________sn0001: #REF!
Name ________UP1: [4]부하계산서!#REF!
Name ________UP2: [4]부하계산서!#REF!
Name _______A1: #REF!
Name _______A70000: #REF!
Name _______A70000: #REF!
Name _______A70001: #REF!
Name _______A70001: #REF!
Name _______aaa01: #REF!
Name _______aaa02: #REF!
Name _______aaa03: #REF!
Name _______aaa04: #REF!
Name _______aaa97: #REF!
Name _______aaa98: #REF!
Name _______aaa99: #REF!
Name _______ELL45: #REF!
Name _______ELL90: #REF!
Name _______LP1: #REF!
Name _______LP2: #REF!
Name _______NEW1: ROUND([0]!_______NEW1*0.0254,3)
Name _______o12111: #REF!
Name _______o12111: #REF!
Name _______QQ1: #REF!
Name _______QQ1: #REF!

Sheet VXXXXX

Sheet 내역비교(이앤씨, 플랜텍)
B4: 플랜텍 견적 | L4: 포스코 이앤씨 견적 | V4: 최종 투자비
B7: [ 재료비 ] | I7: ( 단위 : 원, 단가/금액) | L7: [ 재료비 ] | S7: ( 단위 : 원, 단가/금액) | V7: [ 재료비 ] | AC7: ( 단위 : 원, 단가/금액)
B8: 항목 | C8: 수량 | D8: 단위 | E8: 재료비 | F8: 노무비 | G8: 경 비 | H8: 계 | I8: 비고 | L8: 항목 | M8: 수량 | N8: 단위 | O8: 재료비 | P8: 노무비 | Q8: 경 비 | R8: 계 | S8: 비고 | V8: 항목 | W8: 수량 | X8: 단위 | Y8: 재료비 | Z8: 노무비 | AA8: 경 비 | AB8: 계 | AC8: 비고
B9: GIRDER 제작 | C9: 1 | D9: 식 | E9: 0 | F9: 0 | G9: 228200000 | H9: 228200000 | I9: A | L9: Idler(B-315) | M9: 2.31 | N9: Ton | O9: - | R9: - | V9: Frame
B10: GRIZZLY BAR 제작 | C10: 15 | D10: Ton | E10: 0 | F10: 0 | G10: 700800000 | H10: 700800000 | I10: A | L10: C/Self Align | M10: 0.16 | N10: Ton | O10: - | R10: - | V10: Walkway
B11: Duct 제작 | C11: 1 | D11: 식 | E11: 0 | F11: 0 | G11: 228200000 | I11: A | L11: R/Self Align | M11: 0.16 | N11: Ton | O11: - | R11: - | V11: Grizzly Bar
B12: DAMPER 제작(Manual 및 Auto) | C12: 1 | D12: 식 | E12: 0 | F12: 0 | G12: 68700000 | I12: A | L12: Tripper Car Frame | M12: 26 | N12: Ton | O12: 4812500 | R12: =M12*O12 -> 125125000 | V12: Safety Fence
B13: RAIL 제작 | C13: 1 | D13: 식 | E13: 0 | F13: 0 | G13: 27600000 | H13: 27600000 | I13: A | L13: Tripper Rail | M13: 3.43 | N13: Ton | O13: 1687500 | R13: =O13*M13 -> 5788125 | V13: Rail
L14: Grizzly Bar | M14: 13.39 | N14: Ton | O14: 13750000 | R14: =O14*M14 -> 184112500
L15: Safety Fence | M15: 7.7 | N15: Ton | O15: 5000000 | R15: =O15*M15 -> 38500000
L16: Idler(B-415) | M16: 2.31 | N16: Ton | O16: - | R16: -
L17: C/Self Align | M17: 0.16 | N17: Ton | O17: - | R17: -
L18: R/Self Align | M18: 0.16 | N18: Ton | O18: - | R18: -
L19: Tripper Car Frame | M19: 26 | N19: Ton | O19: 4812500 | R19: =M19*O19 -> 125125000
L20: Tripper Rail | M20: 3.43 | N20: Ton | O20: 1687500 | R20: =O20*M20 -> 5788125
L21: Grizzly Bar | M21: 13.39 | N21: Ton | O21: 13750000 | R21: =O21*M21 -> 184112500
L22: Safety Fence | M22: 7.7 | N22: Ton | O22: 5000000 | R22: =O22*M22 -> 38500000
L23: WalkWay | M23: 5 | N23: Ton | O23: 4500000 | R23: =M23*O23 -> 22500000
B24: 합계 | H24: =SUM(H9:H23) -> 956600000 | L24: 합계 | R24: =SUM(R9:R23) -> 729551250 | V24: 합계 | AB24: =SUM(AB9:AB23) -> 0
H26: =H24+H51+H78+H91 -> 2.695488e+09 | R26: =R24+S50+S69+S77 -> 1.9822711e+09
B30: 플랜텍 견적 | L30: 포스코 이앤씨 견적
B33: [ 기계공사 ] | I33: ( 단위 : 원, 단가/금액) | L33: [ 기계공사 ] | S33: ( 단위 : 원, 단가/금액)
B34: 항목 | C34: 수량 | D34: 단위 | E34: 재료비 | F34: 노무비 | G34: 경 비 | H34: 계 | I34: 비고 | L34: 항목 | M34: 수량 | N34: 단위 | O34: 재료비 | P34: 노무비 | Q34: 경 비 | R34: 단가 | S34: 총액
B35: 강재류 조립설치 | C35: 76.153 | D35: Ton | E35: 201957 | F35: 275055724 | G35: 6975185 | H35: 282232866 | L35: 기기 강재류 철거 | M35: 98.582 | N35: Ton | R35: 657885 | S35: =M35*R35 -> 64855619
B36: Duct 설치 | C36: 31.272 | D36: Ton | E36: 82933 | F36: 89058653 | G36: 2258432 | L36: 강재류 조립 설치 0.5Ton 미만 | M36: 46.852 | N36: Ton | R36: 5420440 | S36: =M36*R36 -> 2.5395845e+08
B37: 강재Stand 설치 | C37: 2.85 | D37: Ton | E37: 7558 | F37: 3581352 | G37: 90818 | H37: 3679728 | L37: 강재류 조립 설치 5~10Ton | M37: 52 | N37: Ton | R37: 3336809 | S37: =M37*R37 -> 173514068
B38: Rail 설치 | C38: 3.624 | D38: Ton | E38: 226666 | F38: 9505723 | G38: 475298 | H38: 10207687 | L38: 가설강재 제작 | M38: 10 | N38: Ton | R38: 5251831 | S38: =M38*R38 -> 52518310
B39: 강재류 이설 | C39: 10 | D39: Ton | E39: 26520 | F39: 50819960 | G39: 1288750 | H39: 52135230 | L39: 가설강재 설치 | M39: 10 | N39: Ton | R39: 3753072 | S39: =M39*R39 -> 37530720
B40: 강재류 제작 | C40: 37.482 | D40: Ton | E40: 3520400 | F40: 180247484 | G40: 6752744 | H40: 190520628 | L40: 가설강재 철거 | M40: 10 | N40: Ton | R40: 657885 | S40: =M40*R40 -> 6578850
B41: 도장공사 | C41: 1 | D41: 식 | E41: 1173240 | F41: 28031084 | G41: 509730 | H41: 29714054 | L41: 200 Ton H/C | M41: 5 | N41: 개월 | R41: 45000000 | S41: =M41*R41 -> 225000000
B42: 가설공사(강관비계 포함) | C42: 1 | D42: 식 | E42: 793263 | F42: 19180463 | G42: 228313455 | H42: 248287181 | L42: 100 Ton H/C | M42: 2 | N42: 개월 | R42: 30000000 | S42: =M42*R42 -> 60000000
B43: 전담안전관리자 | C43: 30 | D43: MD | G43: 9029400 | H43: 9029400 | I43: A | L43: 25Ton Cargo | M43: 8 | N43: 개월 | R43: 15000000 | S43: =M43*R43 -> 120000000
B44: 장비비(300톤 크레인 외) | C44: 1 | D44: 식 | E44: 0 | F44: 0 | G44: 484812500 | H44: 484812500 | I44: A | L44: 화재감시자 | M44: 200 | N44: MD | R44: 164387 | S44: =M44*R44 -> 32877400
B45: 기계기타 | C45: 1 | D45: 식 | E45: 2996752 | F45: 7032112 | G45: 4970160 | H45: 14999024 | L45: 장비신호수 | M45: 400 | N45: MD | R45: 164387 | S45: =M45*R45 -> 65754800
B46: 강재류 조립철거 | C46: 76.153 | D46: Ton | E46: 201957 | F46: 68763872 | G46: 1743795 | H46: 70709624 | L46: 강관비계매기(3개월) | M46: 2000 | N46: MD | R46: 19013 | S46: =M46*R46 -> 38026000
B47: Duct 철거 | C47: 31.272 | D47: Ton | E47: 82933 | F47: 22264632 | G47: 564584 | L47: 안전발판 400×1,829(3개월) | M47: 300 | N47: 장 | R47: 7938 | S47: =M47*R47 -> 2381400
B48: 기기강재류 철거 | C48: 2.85 | D48: Ton | E48: 5759 | F48: 349438 | G48: 8860 | H48: 364057 | L48: 가설형강류/철판 | M48: 10 | N48: Ton | R48: 1200000 | S48: =M48*R48 -> 12000000
B49: Rail 철거 | C49: 3.624 | D49: Ton | E49: 226666 | F49: 3544790 | G49: 324134 | H49: 4095590 | L49: 기타 재료비 | M49: 1 | N49: 식 | R49: 2000000 | S49: =M49*R49 -> 2000000
B50: 철거재 운반 등 | C50: 113.9 | D50: Ton | E50: 52279 | F50: 6863895 | G50: 7770939 | H50: 14687113 | L50: (공종 도급계) | S50: =SUM(S35:S49) -> 1.1469956e+09
B51: (공종 도급계) | E51: =SUM(E35:E50) -> 9598883 | F51: =SUM(F35:F50) -> 764299182 | G51: =SUM(G35:G50) -> 755888784 | H51: =SUM(H35:H50) -> 1415474682
B54: [ 전기공사 ] | I54: ( 단위 : 원, 단가/금액) | L54: [ 건축공사 ] | S54: ( 단위 : 원, 단가/금액)
B55: 항목 | C55: 수량 | D55: 단위 | E55: 재료비 | F55: 노무비 | G55: 경 비 | H55: 계 | I55: 비고 | L55: 항목 | M55: 수량 | N55: 단위 | O55: 재료비 | P55: 노무비 | Q55: 경 비 | R55: 단가 | S55: 총액
B56: Belt Sway Switch | C56: 4 | D56: Set | E56: 2000000 | F56: 0 | G56: 0 | H56: 2000000 | L56: 철골가공조립 | M56: 6.05 | N56: Ton | R56: 2796442 | S56: =M56*R56 -> 16918474
B57: Pull Cord Switch | C57: 6 | D57: Set | E57: 3000000 | H57: 3000000 | L57: 철골세우기 | M57: 6.05 | N57: Ton | R57: 960850 | S57: =M57*R57 -> 5813142.5
B58: Proxity Switch | C58: 10 | D58: Lot | E58: 5000000 | H58: 5000000 | L58: 부대철골가공설치 | M58: 5.56 | N58: Ton | R58: 2653000 | S58: =M58*R58 -> 14750680
B59: Limit Switch | C59: 4 | D59: Lot | E59: 2000000 | H59: 2000000 | L59: 철물제작설치 | M59: 1.62 | N59: Ton | R59: 6180000 | S59: =M59*R59 -> 10011600
B60: Line Check 확인 | C60: 1 | D60: Lot | E60: 20000000 | H60: 20000000 | L60: Color Sheet 설치 | M60: 133.8 | N60: ㎡ | R60: 49150 | S60: =M60*R60 -> 6576270
B61: CCTV 이설 | C61: 1 | D61: Lot | E61: 10000000 | H61: 10000000 | L61: 도장 | M61: 42 | N61: ㎡ | R61: 12022 | S61: =M61*R61 -> 504924
B62: CABLE 포설 | C62: 1 | D62: 식 | E62: 7900005 | F62: 45616620 | H62: 53516626 | L62: 철골철거 | M62: 11.61 | N62: Ton | R62: 1142744 | S62: =M62*R62 -> 13267258
B63: CONDUIT PIPE | C63: 1 | D63: Lot | E63: 2040680 | F63: 22070482 | H63: 24111162 | L63: Color Sheet 철거 | M63: 133.8 | N63: ㎡ | R63: 27008 | S63: =M63*R63 -> 3613670.4
B64: FLEXIBLE TUBE | C64: 1 | D64: Lot | E64: 234950 | F64: 1193206.3 | H64: 1428156.3 | L64: 200 Ton H/C | M64: 0.3 | N64: 개월 | R64: 45000000 | S64: =M64*R64 -> 13500000
B65: FLEXIBLE CONNECTOR | C65: 1 | D65: Lot | E65: 681480 | H65: 681480 | L65: 고소작업차 | M65: 0.2 | N65: MM | R65: 18700000 | S65: =M65*R65 -> 3740000
B66: Tray | C66: 1 | D66: Lot | E66: 3143809 | F66: 7995002.4 | H66: 11138811 | L66: 화재감시자 | M66: 11 | N66: MD | R66: 164387 | S66: =M66*R66 -> 1808257
B67: 조명 | C67: 1 | D67: Lot | E67: 7700000 | F67: 615274 | H67: 8315274 | L67: 신호수 | M67: 22 | N67: MD | R67: 164387 | S67: =M67*R67 -> 3616514
B68: 도장 등 기타 | C68: 1 | D68: 식 | E68: 970980 | F68: 11663975 | H68: 12634955 | L68: 추락방지망 설치 | M68: 133.8 | N68: ㎡ | R68: 7700 | S68: =M68*R68 -> 1030260
B69: Sensor 설치 | C69: 34 | D69: Set | F69: 4601639.9 | H69: 4601639.9 | L69: (공종 도급계) | S69: =SUM(S56:S68) -> 95151050
B70: 가설컨테이너 등 | C70: 1 | D70: 식 | G70: 3197332.6 | H70: 3197332.6
B71: Sensor 철거 | C71: 34 | D71: Set | F71: 1380491.2 | H71: 1380491.2
B72: CABLE 철거 | C72: 1 | D72: 식 | F72: 13684986 | H72: 13684986
B73: CONDUIT PIPE 철거 | C73: 1 | D73: 식 | F73: 6621144.2 | H73: 6621144.2 | L73: [ 전기공사 ] | S73: ( 단위 : 원, 단가/금액)
B74: FLEXIBLE TUBE 철거 | C74: 1 | D74: 식 | F74: 357960.9 | H74: 357960.9 | L74: 항목 | M74: 수량 | N74: 단위 | O74: 재료비 | P74: 노무비 | Q74: 경 비 | R74: 단가 | S74: 총액
B75: Tray 철거 | C75: 1 | D75: 식 | F75: 2398500.5 | H75: 2398500.5 | L75: 센서 취외 및 재설치 전선관 취외 및 재설치 Tray Cover 탈부착 / Cleaning, | M75: 36 | R75: 280000 | S75: =M75*R75 -> 10080000
B76: 조명 철거 | C76: 10 | D76: EA | F76: 184582.2 | H76: 184582.2 | L76: 화재감시자 | M76: 3 | R76: 164387 | S76: =M76*R76 -> 493161
B77: 도장 등 기타 철거 | C77: 1 | D77: 식 | F77: 3499191.3 | H77: 3499191.3 | L77: (공종 도급계) | S77: =SUM(S75:S76) -> 10573161
B78: (공종 도급계) | E78: 64671904 | F78: 1.2188306e+08 | G78: 3197332.6 | H78: 1.8975229e+08
B81: [ 건축공사 ] | I81: ( 단위 : 원, 단가/금액)
B82: 항목 | C82: 수량 | D82: 단위 | E82: 재료비 | F82: 노무비 | G82: 경 비 | H82: 계 | I82: 비고
B83: 가설공사(비계외) | C83: 1 | D83: 식 | E83: 1922618 | F83: 10209802 | G83: 3229470 | H83: 15361890
B84: 건축인허가 및 구조검토(대수선 포함) | C84: 1 | D84: 식 | G84: 28000000 | H84: 28000000
B85: 안전관리자 | C85: 20 | D85: MD | G85: 6019600 | H85: 6019600
B86: 도장공사 | C86: 432.98 | D86: M2 | E86: 936536 | F86: 14047603 | G86: 297890 | H86: 15282029
B87: 철물공사 | C87: 7.15 | D87: Ton | F87: 21680281 | G87: 650408 | H87: 22330689
B88: 200Ton Crane | C88: 15 | D88: Hr | E88: 753060 | F88: 746640 | G88: 4620150 | H88: 6119850
B89: 지붕공사(Roof V-115 C/S 0.8T외) | C89: 1 | D89: 식 | E89: 7546696 | F89: 18632964 | G89: 372204 | H89: 26551864
B90: 철거공사 | C90: 7.15 | D90: Ton | E90: 405589 | F90: 13379197 | G90: 210349 | H90: 13995135
B91: (공종 도급계) | E91: 11564499 | F91: 78696487 | G91: 43400071 | H91: 133661057
H94: =H91+H78+H51 -> 1.738888e+09 | I94: * 공사 원가기준

Sheet 검토 내역_포스코 이앤씨
A2: [투자비 검토 내역] | I2: 포스코이앤씨 | K2: 플랜텍 | N2: 공급사 (3) | Q2: 검토 적용가 | T2: (단위 : 원, VAT별도)
A3: 구분 | B3: No. | C3: 품목 | D3: Spec. | E3: 중량(Ton) | F3: 단위 | G3: 수량 | H3: 단가 | I3: 합계 | J3: 비고 | K3: 단가 | L3: 합계 | M3: 비고 | N3: 단가 | O3: 합계 | P3: 비고 | Q3: 단가 | R3: 합계 | S3: 비고 | T3: 비고
A4: 설비비 | B4: 1) | C4: Idler(B-315 B.C, B-416 B.C) | E4: =SUM(E5:E8) -> 5.42 | F4: Set | G4: =SUM(G5:G8) -> 162 | H4: =SUM(H5:H8) -> 0 | I4: =SUM(I5:I8) -> 0 | J4: 사급자재 | K4: =SUM(K5:K8) -> 0 | L4: =SUM(L5:L8) -> 0 | M4: 사급자재
B5: 1 | C5: Carrier | E5: 4.62 | F5: Set | G5: 110
B6: 2 | C6: Return | E6: 0.48 | F6: Set | G6: 44
B7: 3 | C7: C/SELF ALIGN | E7: 0.16 | F7: Set | G7: 4
B8: 4 | C8: R/SELF ALIGN | E8: 0.16 | F8: Set | G8: 4
A9: 설비비 | B9: 2) | C9: Steel Structure(B-315 B.C, B-416 B.C) | E9: =SUM(E10:E13) -> 76.52 | F9: Set | G9: 8 | H9: =SUM(H10:H13) -> 25250000 | I9: =SUM(I10:I13) -> 707051250
B10: 1 | C10: Tripper Girder Frame | D10: SS275 | E10: 52 | F10: Set | G10: 10 | H10: 4812500 | I10: =H10*E10 -> 250250000
C11: Tripper Rail(22kg) | E11: 3.43 | F11: Lot | G11: 2 | H11: 1687500 | I11: =E11*H11*G11 -> 11576250
C12: Grizzly Bar(Hard Facing 5t) | E12: 13.39 | F12: Lot | G12: 2 | H12: 13750000 | I12: =E12*H12*G12 -> 368225000
C13: Safety Fence | E13: 7.7 | F13: Lot | G13: 2 | H13: 5000000 | I13: =E13*H13*G13 -> 77000000
A14: 설비비 | B14: 3) | C14: 기타 | E14: 5 | F14: Lot | G14: 1 | H14: =SUM(H15:H18) -> 4500000 | I14: =SUM(I15:I18) -> 22500000
B15: 1 | C15: Roof Walkway | E15: 5 | F15: Lot | G15: 1 | H15: 4500000 | I15: =E15*H15 -> 22500000
A19: 설비비 | B19: 4) | C19: 기타설비 | F19: Set | G19: 1
B20: 1 | C20: Safety Fence | E20: 7.7 | F20: Ton | G20: 2 | H20: 5000000 | I20: =H20*E20*G20 -> 77000000
A35: 설비비 합계 | I35: =I9+I4+I14+I19 -> 729551250 | L35: =L9+L4+L14+L19 -> 0 | O35: =O9+O4+O14+O19 -> 0 | R35: =R9+R4+R14+R19 -> 0
A36: 공사비 | B36: 5) | C36: 설치공사 | F36: 식 | G36: 1 | I36: =I37+I49+I64 -> 1.2906148e+09 | L36: =SUM(L37:L47) -> 0 | O36: =SUM(O37:O47) -> 0
B37: 1 | C37: 기계공사 | F37: 식 | G37: 1 | I37: =SUM(I38:I48)*1.1 -> 1.1796985e+09 | J37: 재경비 10% 반영
C38: Tripper Car 및 간섭구조물 철거 후 신설 | D38: 기기강재류 철거 | E38: 98.582 | F38: Ton | H38: 657885 | I38: =E38*H38 -> 64855619
D39: 강재류 조립 설치 0.5Ton 미만 | E39: 46.582 | F39: Ton | H39: 5420440 | I39: =E39*H39 -> 2.5249494e+08
D40: 강재류 조립 설치 5~10Ton | E40: 52 | F40: Ton | H40: 3336809 | I40: =E40*H40 -> 173514068
C41: 장비비 | D41: 200Ton/ H/C | E41: 5 | F41: 월 | H41: 45000000 | I41: =E41*H41 -> 225000000
D42: 100Ton H/C | E42: 2 | F42: 월 | H42: 30000000 | I42: =E42*H42 -> 60000000
D43: 25Ton 카고 | E43: 8 | F43: 월 | H43: 15000000 | I43: =E43*H43 -> 120000000
C44: 안전관리비 | D44: 화재감시자 | E44: 200 | F44: MD | H44: 164387 | I44: =E44*H44 -> 32877400
D45: 신호수 | E45: 400 | F45: MD | H45: 164387 | I45: =E45*H45 -> 65754800
D46: 전담안전관리자 | E46: 400 | F46: MD | H46: 164387 | I46: =E46*H46 -> 65754800
C47: 가설비계(배관/기계용) | D47: 강관비계매기(3개월) | E47: 600 | F47: ㎡ | H47: 19013 | I47: =E47*H47 -> 11407800
D48: 안전발판 400×1,829(3개월) | E48: 100 | F48: 장 | H48: 7938 | I48: =E48*H48 -> 793800
B49: 2 | C49: 건축공사 | I49: =SUM(I50:I63) -> 98863649
C50: 철골가공조립 | E50: 6.05 | F50: Ton | H50: 2796442 | I50: =E50*H50 -> 16918474
C51: 철골세우기 | E51: 6.15 | F51: Ton | H51: 960850 | I51: =E51*H51 -> 5909227.5
C52: 부대철골가공설치 | E52: 5.56 | F52: Ton | H52: 2653000 | I52: =E52*H52 -> 14750680
C53: 철물제작설치 | E53: 1.62 | F53: Ton | H53: 6180000 | I53: =E53*H53 -> 10011600
C54: Color Sheet 신설 | E54: 133.8 | F54: ㎡ | H54: 49150 | I54: =E54*H54 -> 6576270
C55: 도장 | E55: 42 | F55: ㎡ | H55: 12022 | I55: =E55*H55 -> 504924
C56: 철골철거 | D56: Purlin 철거 포함 | E56: 11.61 | F56: Ton | H56: 1142744 | I56: =E56*H56 -> 13267258
C57: Color Sheet 철거 | E57: 133.8 | F57: ㎡ | H57: 27008 | I57: =E57*H57 -> 3613670.4
C58: 장비비 | D58: 200Ton H/C | E58: 0.3 | F58: 월 | H58: 45000000 | I58: =E58*H58 -> 13500000
D59: 고소작업차 | E59: 0.2 | F59: M/M | H59: 18700000 | I59: =E59*H59 -> 3740000
C60: 안전관리비 | D60: 화재감시자 | E60: 11 | F60: M/D | H60: 164387 | I60: =E60*H60 -> 1808257
D61: 장비신호수 | E61: 22 | F61: M/D | H61: 164387 | I61: =E61*H61 -> 3616514
D62: 전담안전관리자 | E62: 22 | F62: M/D | H62: 164387 | I62: =E62*H62 -> 3616514
C63: 가설작업 | D63: 안전망설치 | E63: 133.8 | F63: ㎡ | H63: 7700 | I63: =E63*H63 -> 1030260
B64: 3 | C64: 전기공사 | I64: =SUM(I65:I77) -> 12052644
C65: 센서 취외 및 재설치, 전선관 취회 및 재설치 | D65: 플랜트 전공 | E65: 36 | F65: M/D | H65: 280000 | I65: =E65*H65 -> 10080000
C66: 안전관리비 | D66: 화재감시자 | E66: 3 | F66: M/D | H66: 164387 | I66: =E66*H66 -> 493161
D67: 전담안전관리자 | E67: 9 | F67: M/D | H67: 164387 | I67: =E67*H67 -> 1479483
A78: 공사비 합계 | I78: =I36 -> 1.2906148e+09 | J78: 견적 내역서 | L78: =L36 -> 0 | M78: 견적 내역서 | O78: =O36 -> 0 | P78: 견적 내역서 | R78: =R36 -> 0
A79: 합 계 | H79: \ | I79: =I35+I78 -> 2.0201661e+09 | K79: \ | L79: =L35+L78 -> 0 | N79: \ | O79: =O35+O78 -> 0 | Q79: \ | R79: =R35+R78 -> 0
A1048570: Made By 제선화성섹션 강순혁('25.4.19)
A1048571: Made By 제선화성섹션 강순혁('25.4.19)

Sheet 도면 비교 검토
B2: 기계공사
B3: 구분(대분류) | C3: 구분(하위) | D3: Ton | E3: 개소 | F3: 물량(m,Ton 등) | G3: 단가 | H3: 투자비 | I3: 비고
B4: Idler(B-315 B.C, B-416 B.C) | C4: 1. Belt Idler
C5: - (자재비) Cariier | D5: 4.62 | E5: 110 | F5: - | G5: - | H5: - | I5: 사급자재로, 운전부서에서 자재 제공 → 설치/철거비만 반영
C6: - (자재비) Return | D6: 0.96 | E6: 44 | F6: - | G6: - | H6: -
C7: - (자재비) C/Self Align | D7: 0.32 | E7: 4 | F7: - | G7: - | H7: -
C8: - (자재비) R/Self Align | D8: 0.32 | E8: 4 | F8: - | G8: - | H8: -
C9: - 철거비 | D9: 6.22 | E9: 162 | F9: 6.22 | G9: ='#설치품'!L17 -> 3369748.6 | H9: =F9*G9 -> 20959836 | I9: *강재류 조립설치(0.5~1Ton 미만)
C10: - 설치비 | D10: 6.22 | E10: 162 | F10: 6.22 | G10: ='#설치품'!L96 -> 499752.35 | H10: =F10*G10 -> 3108459.6 | I10: *기기 강재류 철거
C11: 합계 | H11: =SUM(H5:H10) -> 24068296
B12: Steel Structure(B-315 B.C, B-416 B.C) | C12: 1. Tripper Girder Frame | H12: =SUM(H13:H16) -> 3.3603451e+08
C13: - 자재비 | D13: 3.15 | E13: 10 | F13: =D13*E13 -> 31.5 | G13: 1300000 | H13: =F13*G13 -> 40950000 | I13: *도면상에는,1EA 3.15Ton 가량으로 산출 // SS275 기준
C14: - 제작비 | D14: 3.15 | E14: 10 | F14: =D14*E14 -> 31.5 | G14: ='#제작품'!M20 -> 5937793.7 | H14: =F14*G14 -> 1.870405e+08 | I14: *제작공사 Frame류 2.5~5.0Ton
C15: - 설치비 | D15: 3.15 | E15: 10 | F15: =D15*E15 -> 31.5 | G15: ='#설치품'!L18 -> 2930216.2 | H15: =F15*G15 -> 92301809 | I15: *강재류조립설치 (1~5Ton 미만)
C16: - 철거비 | D16: 3.15 | E16: 10 | F16: =D16*E16 -> 31.5 | G16: ='#설치품'!L96 -> 499752.35 | H16: =F16*G16 -> 15742199
C17: 2. Tripper Rail(22kg/m) | H17: =SUM(H18:H20) -> 1.8668718e+08
C18: - 자재비 | D18: 4.84 | E18: =55*4 -> 220 | F18: =E18 -> 220 | G18: 720790 | H18: =G18*F18 -> 158573800 | I18: * Q-Code 산출 (Q1114110, 720,790원)
C19: - 설치비 | D19: 4.84 | E19: =55*4 -> 220 | F19: =E19 -> 220 | G19: ='#설치품'!L85 -> 5308796.4 | H19: =D19*G19 -> 25694575
C20: - 철거비 | D20: 4.84 | E20: =55*4 -> 220 | F20: =E20 -> 220 | G20: ='#설치품'!L96 -> 499752.35 | H20: =D20*G20 -> 2418801.4
C21: 3. Grizzly Bar(Hard Facing 5t) | H21: =SUM(H22:H24) -> 4.9186739e+08
C22: - 자재비 | D22: 0.1429 | E22: 220 | F22: =D22*E22 -> 31.438 | G22: =1620000 -> 1620000 | H22: =E22*G22 -> 356400000 | I22: * Q-Code 산출 (Q4027673, 1,620,000원)
C23: - 설치비 | D23: 0.1429 | E23: 220 | F23: =D23*E23 -> 31.438 | G23: ='#설치품'!L16 -> 3809281 | H23: =F23*G23 -> 1.1975618e+08
C24: - 철거비 | D24: 0.1429 | E24: 220 | F24: =D24*E24 -> 31.438 | G24: ='#설치품'!L96 -> 499752.35 | H24: =F24*G24 -> 15711214
C25: 4. Safety Fence | H25: =D26*G26 -> 28305888
C26: - 이설비(철거 후 재설치) | D26: 9.24 | E26: 1 | F26: 1 | G26: ='#설치품'!L92 -> 3063407.8 | H26: =D26*G26 -> 28305888 | I26: * 강재류 조립설치(5~10 Ton 미만)
C27: 합계 | H27: =H25+H21+H17+H12 -> 1.042895e+09
B28: Duct(B-315 B.C, B-416 B.C) | C28: 1. Duct Assembley
C29: - 자재 및 제작비
C30: - 설치비
C31: - 철거비
C32: - Damper 제작(Manual 및 Auto)
C33: 합계
B34: Safety Fence | C34: 1. Safety Fence
C35: - 이설(철거 후 재설치) | D35: 10 | E35: 1 | F35: =D35*E35 -> 10 | G35: ='#설치품'!L92 -> 3063407.8 | H35: =G35*F35 -> 30634078 | I35: *강재류 조립설치 (5~10ton 미만)
C36: 합계 | H36: =H35 -> 30634078
B37: 공사비(장비, 안전관리비 등) | C37: 1 . 장비비 | H37: =SUM(H38:H40) -> 405000000
C38: - 200Ton H/C | D38: 45000000 | E38: 5 | F38: 월 | H38: =D38*E38 -> 225000000
C39: - 100Ton H/C | D39: 30000000 | E39: 2 | F39: 월 | H39: =D39*E39 -> 60000000
C40: - 25Ton 카고 | D40: 15000000 | E40: 8 | F40: 월 | H40: =D40*E40 -> 120000000
C41: 2. 안전관리비 | H41: =SUM(H42:H44) -> 164387000
C42: - 화재감시자 | D42: 164387 | E42: 200 | F42: 일 | H42: =D42*E42 -> 32877400
C43: - 신호수 | D43: 164387 | E43: 400 | F43: 일 | H43: =D43*E43 -> 65754800
C44: - 전담안전관리자 | D44: 164387 | E44: 400 | F44: 일 | H44: =D44*E44 -> 65754800
C45: 합계 | H45: =H37+H41 -> 569387000
B46: 총합 | H46: =H45+H36+H27+H11 -> 1.6669843e+09

Sheet 내역비교(이앤씨, 플랜텍) (2)
B2: 항목 | C2: 수량 | D2: 단위 | E2: 재료비 | F2: 노무비 | G2: 경 비 | H2: 계 | I2: 비고
B5: 강재Stand 설치 | C5: 2.85 | D5: Ton | E5: 7558 | F5: 3581352 | G5: 90818 | H5: 3679728
B8: 강재류 제작 | C8: 37.482 | D8: Ton | E8: 3520400 | F8: 180247484 | G8: 6752744 | H8: 190520628 | J8: stpper,잔넬, 에이치 빔 덕트 서포트 브라켓 헤드 풀레 프레임 핸드레일 그레이팅 덱크
B9: 도장공사 | C9: 1 | D9: 식 | E9: 1173240 | F9: 28031084 | G9: 509730 | H9: 29714054
B10: 가설공사(강관비계 포함) | C10: 1 | D10: 식 | E10: 793263 | F10: 19180463 | G10: 228313455 | H10: 248287181
B12: DAMPER 제작(Manual 및 Auto) | C12: 1 | D12: 식 | E12: 0 | F12: 0 | G12: 68700000 | H12: 68700000 | I12: A
B15: GRIZZLY BAR 제작 | C15: 15 | D15: Ton | E15: 0 | F15: 0 | G15: 700800000 | H15: 700800000 | I15: A
B16: 전담안전관리자 | C16: 30 | D16: MD | G16: 9029400 | H16: 9029400 | I16: A
B17: 장비비(300톤 크레인 외) | C17: 1 | D17: 식 | E17: 0 | F17: 0 | G17: 484812500 | H17: 484812500 | I17: A
B18: 기계기타 | C18: 1 | D18: 식 | E18: 2996752 | F18: 7032112 | G18: 4970160 | H18: 14999024
B21: 기기강재류 철거 | C21: 2.85 | D21: Ton | E21: 5759 | F21: 349438 | G21: 8860 | H21: 364057
B23: 철거재 운반 등 | C23: 113.9 | D23: Ton | E23: 52279 | F23: 6863895 | G23: 7770939 | H23: 14687113
B24: (공종 도급계) | E24: =SUM(E3:E23) -> 8549251 | F24: =SUM(F3:F23) -> 245285828 | G24: =SUM(G3:G23) -> 1511758606 | H24: =SUM(H3:H23) -> 1765593685
B26: Duct 제작 | C26: 1 | D26: 식 | E26: 0 | F26: 0 | G26: 228200000 | H26: 228200000 | I26: A
B27: Duct 설치 | C27: 31.272 | D27: Ton | E27: 82933 | F27: 89058653 | G27: 2258432 | H27: 91400018
B28: Duct 철거 | C28: 31.272 | D28: Ton | E28: 82933 | F28: 22264632 | G28: 564584 | H28: 22912149
B30: RAIL 제작 | C30: 1 | D30: 식 | E30: 0 | F30: 0 | G30: 27600000 | H30: 27600000 | I30: A
B31: Rail 설치 | C31: 3.624 | D31: Ton | E31: 226666 | F31: 9505723 | G31: 475298 | H31: 10207687
B32: Rail 철거 | C32: 3.624 | D32: Ton | E32: 226666 | F32: 3544790 | G32: 324134 | H32: 4095590
B34: GIRDER 제작 | C34: 1 | D34: 식 | E34: 0 | F34: 0 | G34: 228200000 | H34: 228200000 | I34: A | J34: girder 자재비
B35: 강재류 조립설치 | C35: 76.153 | D35: Ton | E35: 201957 | F35: 275055724 | G35: 6975185 | H35: 282232866 | J35: 아이들러 설치
B36: 강재류 조립철거 | C36: 76.153 | D36: Ton | E36: 201957 | F36: 68763872 | G36: 1743795 | H36: 70709624
B38: 강재류 이설 | C38: 10 | D38: Ton | E38: 26520 | F38: 50819960 | G38: 1288750 | H38: 52135230 | J38: 도면 안전펜스

Sheet 기계_제경비 내역서
B1: '25. 01. 01.부 시행 | Q1: 투자부서에서는 파란색 점선영역과 순공사비내역서 노란색 영역을 기입하여 구매부서로 구매의뢰시 첨부 (File Naming Rule : YYMMDD_부서명_제경비내역서 초안_투자명)
Q2: 산업안전보건관리비를 산출하여 구매부서로 구매의뢰시 첨부 (File Naming Rule : YYMMDD_부서명_제경비내역서 초안_투자명)
B3: ○ 계약건명 : | E3: 포)3FINEX 수처리 RTO 소각로 노후교체 | Q3: 공급사에서 노란색셀에 Data를 제경비요율표 및 가이드라인 확인 후 입력
B4: 제 경 비(설치비) 내 역 서 | P4: 1. 산업안전보건관리비 계산산식 : 대상액 구분 가능여부와 현장 제작설비 여부에 따른 구분, 해당부분에만 숫자 1입력
B5: 구 분 | G5: 계산근거 | N5: 공사비 | P5: 2. 공사기간 : 해당 공사기간입력
B6: 사 업 명 : | P6: 3. 공사구분 : 해당 공사구분에만 숫자 1 입력 (ex) 기계,전기, 토목, 건축 등 복합공종인 경우 주공종 1개에만 숫자 1입력)
B7: 1. 도급 재료비 | P7: 4. 요율 : 제경비 요율표를 참조하여 해당 건설하도급대금지급보증비 요율과 건설기계대여금 지급보증비 요율 합해 %를 제외한 숫자 셋째짜리까지 기입
B8: 재료비 계 | N8: ='기계_순공사비 내역서 '!L54 -> 21219299 | P8: 5. 환경보전비 0.4% 고정(단, 전기,정보통신,소방공사는 0 입력)
B9: 2. 노무비 | V9: [간접노무비 요율표] | AD9: [간접노무비 요율표]
C10: 가) 직접노무비 | N10: ='기계_순공사비 내역서 '!L116 -> 151528900 | P10: [산업안전보건관리비 계산산식] | V10: 금액/개월 | Y10: 토목,건축 | AA10: 기계,전기 | AD10: 토목,건축 | AH10: 기계,전기
C11: 나) 간접노무비 | G11: (직접노무비) × 간접노무비율 | P11: 대상액 구분가능 or 완제품설비 | Q11: 대상액 구분불가 or 현장제작설비 | Y11: 금액 | Z11: 기간 | AA11: 금액 | AB11: 기간 | AD11: 금액 | AE11: 요율 | AF11: 기간 | AG11: 요율 | AH11: 금액 | AI11: 요율 | AJ11: 기간 | AK11: 요율 | AM11: [건설기계대여지급보증비 요율표]
G12: =N10 -> 151528900 | J12: × | K12: =Q35 -> 11 | L12: = | N12: =INT((G12)*K12/100) -> 16668179 | P12: 1 | V12: 5억원미만 / 6개월미만 | Y12: 0.15 | Z12: 0.13 | AA12: 0.12 | AB12: 0.1 | AD12: 0 | AE12: 15 | AF12: 0 | AG12: 13 | AH12: 0 | AI12: 12 | AJ12: 0 | AK12: 10 | AM12: 1. 발주자와 종합건설업자가 계약시 적용요율
P13: [공사기간] | V13: 5억원~20억원미만 / 6~18개월 | Y13: 0.14 | Z13: 0.14 | AA13: 0.11 | AB13: 0.11 | AD13: 500000000 | AE13: 14 | AF13: 6 | AG13: 14 | AH13: 500000000 | AI13: 11 | AJ13: 6 | AK13: 11 | AM13: 토목공사(토목·건축공사 포함) | AU13: 0.004
B14: 노무비 계 | N14: =SUM(N10,N12) -> 168197079 | P14: 3 | Q14: 개월 | V14: 20억원이상 / 18개월이상 | Y14: 0.13 | Z14: 0.15 | AA14: 0.1 | AB14: 0.12 | AD14: 2000000000 | AE14: 13 | AF14: 18 | AG14: 15 | AH14: 2000000000 | AI14: 10 | AJ14: 18 | AK14: 12 | AM14: 건축공사 | AU14: 0.0007
B15: 3. 경비 | P15: [투자구분] | V15: [고용보험료 요율표] | AD15: [고용보험료 요율표] | AE15: 토건 | AG15: 건축 | AM15: 산업·환경설비공사 | AU15: 0.0016
B16: 경비 | N16: ='기계_순공사비 내역서 '!L136 -> 62432867 | P16: 프로젝트성 | Q16: 정비성 | V16: 등 급 별 (추정금액) (단위 : 미만 ~ 이상) | AA16: 2024년도 | AD16: 금액 | AE16: 요율 | AF16: 등급 | AG16: 금액 | AH16: 요율 | AI16: 등급 | AM16: 조경공사 | AU16: 0.0018
C17: 가) 보험료 (산재보험) | G17: (직접노무비 ＋ 간접노무비) × 산재보험율 | Q17: 1 | V17: 1 등급 : | W17: 토목 1400억이상 | Y17: 건축 1200억 이상 | AA17: 0.0157 | AD17: 0 | AE17: 1.01 | AF17: 7 | AG17: 0 | AH17: 1.01 | AI17: 7 | AM17: 2. 발주자와 전문건설업자가 계약시 적용요율
G18: =N10 -> 151528900 | H18: ＋ | I18: =N12 -> 16668179 | J18: × | K18: =Q36 -> 3.56 | L18: = | N18: =INT((G18+I18)*K18/100) -> 5987816 | P18: [공사구분 : 공사비] | V18: 2 등급 : | W18: 토목 1400억~900억 | Y18: 건축 1200억~900억 | AA18: 0.013 | AD18: 14000000000 | AE18: 1.02 | AF18: 6 | AG18: 13000000000 | AH18: 1.02 | AI18: 6 | AM18: A 그룹 : | AN18: 준설공사, 포장공사, 토공사, 비계·구조물해체공사 | AU18: 0.0068
F19: (고용보험) | G19: (직접노무비 ＋ 간접노무비) × 고용보험율 | P19: 토목 | Q19: 건축 | S19: 기계 | T19: 전기 | V19: 3 등급 : | W19: 토목 900억~570억 | Y19: 건축 800억~520억 | AA19: 0.0113 | AD19: 22000000000 | AE19: 1.03 | AF19: 5 | AG19: 21000000000 | AH19: 1.03 | AI19: 5 | AM19: B 그룹 : | AN19: 상·하수도설비공사, 수중공사, 보링·그라우팅공사 | AU19: 0.0051
G20: =N10 -> 151528900 | H20: ＋ | I20: =N12 -> 16668179 | J20: × | K20: =Q37 -> 1.01 | L20: = | N20: =INT((G20+I20)*K20/100) -> 1698790 | S20: 1 | V20: 4 등급 : | W20: 토목 570억~370억 | Y20: 건축 520억~340억 | AA20: 0.01063 | AD20: 37000000000 | AE20: 1.06 | AF20: 4 | AG20: 34000000000 | AH20: 1.06 | AI20: 4 | AM20: C 그룹 : | AN20: 석공사, 시설물유지관리, 철근·콘크리트공사, 가스시설공사(1종) | AU20: 0.0032
F21: (국민연금) | G21: (직접노무비) × 국민연금율 | P21: [공사구분 : 공사비+설비비] | V21: 5 등급 : | W21: 토목 370억~220억 | Y21: 건축 340억~210억 | AA21: 0.0103 | AD21: 57000000000 | AE21: 1.13 | AF21: 3 | AG21: 52000000000 | AH21: 1.13 | AI21: 3 | AM21: D 그룹 : | AN21: 조경시설물설치, 조경식재, 도장공사, 철도궤도, 철강재설치공사 | AU21: 0.0016
G22: =N10 -> 151528900 | J22: × | K22: =Q38 -> 4.5 | L22: = | N22: =INT((G22)*K22/100) -> 6818800 | P22: 토목 | Q22: 건축 | S22: 기계 | T22: 전기 | V22: 6 등급 : | W22: 토목 220억~140억 | Y22: 건축 210억~130억 | AA22: 0.0102 | AD22: 90000000000 | AE22: 1.3 | AF22: 2 | AG22: 80000000000 | AH22: 1.3 | AI22: 2 | AM22: E 그룹 : | AN22: A그룹～D그룹 이외의 공사 | AU22: 0.001
F23: (건강보험) | G23: (직접노무비) × 건강보험율 | S23: 1 | V23: 7 등급 : | W23: 토목 140억~ 7등급 미만 | Y23: 건축 130억~ 7등급 미만 | AA23: 0.0101 | AD23: 140000000000 | AE23: 1.57 | AF23: 1 | AG23: 120000000000 | AH23: 1.57 | AI23: 1
G24: =N10 -> 151528900 | J24: × | K24: =Q39 -> 3.545 | L24: = | N24: =INT((G24)*K24/100) -> 5371699 | P24: [산업안전보건관리비 요율 구분] | AD24: [산업안전보건관리비 요율표] | AM24: [건설 하도급대금지급보증비 요율표]
F25: (요양보험) | G25: (국민건강보험료) × 노인장기요양보험율 | P25: 플랜트 공사 | Q25: 플랜트 外 공사 | V25: [산업안전보건관리비 요율표] | AD25: 건축공사 | AF25: 토목공사 | AM25: 공사규모 (추정가격) | AU25: 2018년도
G26: =N24 -> 5371699 | J26: × | K26: =Q40 -> 12.95 | L26: = | N26: =INT((G26)*K26/100) -> 695635 | Q26: 1 | V26: 구분 | X26: 건축공사 요율/기초액 | Z26: 토목공사 요율/기초액 | AD26: 금액 | AE26: 요율 | AF26: 금액 | AG26: 요율 | AM26: 50억 미만 | AU26: 0.00081
P27: [공종별 추정비율 : 공급사에서 필히 현장조사 후 입찰 준비하시길 바랍니다] | V27: 2천만원 미만 | X27: 3.11 | Z27: 3.15 | AD27: 0 | AE27: 3.11 | AF27: 0 | AG27: 3.15 | AM27: 50억원～100억원 미만 | AU27: 0.0008
C28: 나) 산업안전보건관리비 | G28: =IF(P12=AE66,AF66,AF67) -> (도급재료비 ＋ 발주자재료비 ＋ 직접노무비) × 산업안전보건관리비율 ＋ 기초액 | N28: =IF(P12=AE70,AF70,AF71) -> (설비비 포함) | P28: 기계 : 100%, 전기 : 0% | V28: 2천만원~5억원 미만 | X28: 3.11 | Z28: 3.15 | AD28: 20000000 | AE28: 3.11 | AF28: 20000000 | AG28: 3.15 | AM28: 100억원～300억원 미만 | AU28: 0.00075
G29: =(N8+'기계_순공사비 내역서 '!L184)*P12+Q53*Q12*0.7 -> 1382675299 | H29: ＋ | I29: =N10*P12 -> 151528900 | J29: × | K29: =((IF((G29+I29)="","",VLOOKUP((G29+I29),AD27:AE31,2,1))*Q26+IF((G29+I29)="","",VLOOKUP((G29+I29),AF27:AG31,2,1))*P26)) -> 2.28 | L29: ＋ | M29: =SUMIF(Z27:Z31,K29,AA27:AA31)+SUMIF(X27:X31,K29,Y27:Y31)+SUMIF(AB27:AB31,K29,AC27:AC31) -> 4325000 | N29: =INT((G29+I29)*K29/100+M29) -> 39304855 | P29: [필수면허] | V29: 5억원~50억원 미만 | W29: G2(1.86%+5,349 천원) | X29: 2.28 | Y29: 4325000 | Z29: 2.53 | AA29: 3300000 | AD29: 500000000 | AE29: 2.28 | AF29: 500000000 | AG29: 2.53 | AM29: 300억원 이상 (최저가낙찰 대상공사) | AR29: - 토목및산업설비 | AU29: 0.00071
G30: =IF(P12=AE68,AF68,AF69) -> ((도급재료비 ＋ 직접노무비) × 산업안전보건관리비율 ＋ 기초액) x 1.2 | N30: =IF(P12=AE72,AF72,AF73) -> (설비비 제외) | P30: 기계공사 면허 | V30: 50억원 이상 | W30: G3(1.97%) | X30: 2.37 | Z30: 2.6 | AD30: 5000000000 | AE30: 2.37 | AF30: 5000000000 | AG30: 2.6 | AR30: - 건축 | AU30: 0.00068
G31: =N8*P12+Q53*Q12*0.7 -> 21219299 | H31: ＋ | I31: =N10*P12 -> 151528900 | J31: × | K31: =((IF((G31+I31)="","",VLOOKUP((G31+I31),AF27:AG31,2,1))*P26+IF((G31+I31)="","",VLOOKUP((G31+I31),AD27:AE31,2,1))*Q26)) -> 3.11 | L31: ＋ | M31: =SUMIF(Z27:Z31,K31,AA27:AA31)+SUMIF(X27:X31,K31,Y27:Y31)+SUMIF(AB27:AB31,K31,AC27:AC31) -> 0 | N31: =INT((G31+I31)*K31/100+M31)*1.2 -> 6446961.6 | V31: 800억원 이상 | W31: G3(1.97%) | X31: 2.64 | Z31: 2.73 | AD31: 80000000000 | AE31: 2.64 | AF31: 80000000000 | AG31: 2.73 | AM31: 턴키(대안)공사 | AU31: 0.00084
B32: 산업안전보건관리비 적용 | N32: 14227829
P33: [요율]
C34: 다) 법정경비(퇴직공제비) | G34: (직접노무비) × 퇴직공제비율 | P34: 구분 | Q34: 요율 | S34: 비고
G35: =N10 -> 151528900 | J35: × | K35: =Q42 -> 2.3 | L35: = | N35: =INT((G35)*K35/100) -> 3485164 | P35: 간접노무비 | Q35: =(IF((N8+N10+N16)="","",VLOOKUP((N8+N10+N16),AD12:AE14,2,1))*P20+IF((N8+N10+N16)="","",VLOOKUP((N8+N10+N16),AD12:AE14,2,1))*Q20+IF((N8+N10+N16)="","",VLOOKUP((N8+N10+N16),AH12:AI14,2,1))*S20+IF((N8+N10+N16)="","",VLOOKUP((N8+N10+N16),AH12:AI14,2,1))*T20+IF((P14)="","",VLOOKUP((P14),AF12:AG14,2,1))*P20+IF((P14)="","",VLOOKUP((P14),AF12:AG14,2,1))*Q20+IF((P14)="","",VLOOKUP((P14),AJ12:AK14,2,1))*S20+IF((P14)="","",VLOOKUP((P14),AJ12:AK14,2,1))*T20)/2 -> 11 | R35: %
P36: 산재보험 | Q36: 3.56 | R36: % | S36: 법정요율 | AF36: 설비비포함 | AG36: =IF(N32=N29,1,0) -> 0
C37: 라) 건설기계대여지급보증비 | G37: (도급재료비 ＋ 직접노무비 ＋ 산출경비 ) × 지급보증비율 | P37: 고용보험 | Q37: =IF((N8+N14+N16)="","",VLOOKUP((N8+N14+N16),AD17:AE23,2,1)) -> 1.01 | R37: % | S37: 법정요율 | AF37: 1.2배 | AG37: =IF(N32=N31,1,0) -> 0
G38: =N8 -> 21219299 | H38: ＋ | I38: =N10 -> 151528900 | J38: ＋ | K38: =N16 -> 62432867 | L38: × | M38: =Q43 -> 0.11 | N38: =INT((G38+I38+K38)*M38/100) -> 258699 | P38: 국민연금 | Q38: 4.5 | R38: % | S38: 법정요율
P39: 건강보험 | Q39: 3.545 | R39: % | S39: 법정요율
C40: 마) 환경보전비 | G40: (도급재료비 ＋ 직접노무비 ＋ 산출경비 ) × 지급보증비율 | P40: 요양보험 | Q40: 12.95 | R40: % | S40: 법정요율 | AF40: =Q58 -> 0 | AG40: =IF(AF40>=80000000000,1,0) -> 0
G41: =N8 -> 21219299 | H41: ＋ | I41: =N10 -> 151528900 | J41: ＋ | K41: =N16 -> 62432867 | L41: × | M41: =Q44 -> 0 | N41: =INT((G41+I41+K41)*M41/100) -> 0 | P41: 산업안전보건관리비 | Q41: =K29*AG36+K31*AG37 -> 0 | R41: % | S41: 법정요율 | AG41: =IF(AF40<80000000000,1,0) -> 1
P42: 퇴직공제비 | Q42: 2.3 | R42: % | S42: 법정요율
C43: 바) 기타경비 | G43: (도급재료비 ＋ 노무비 ＋ 대상경비 ) × 기타경비율 | P43: 지급보증비 | Q43: 0.11 | R43: % | S43: 법정요율
G44: =N8 -> 21219299 | H44: ＋ | I44: =N14 -> 168197079 | J44: ＋ | K44: =N16+N18+N20+N22+N24+N26+N32 -> 97233436 | L44: × | M44: =Q45 -> 3.72 | N44: =INT((G44+I44+K44)*M44/100) -> 10663373 | P44: 환경보전비 | Q44: 0 | R44: % | S44: 법정요율
P45: 기타경비 | Q45: 3.72 | R45: %
C46: 사) 안전인력 선임 비용 | G46: 전담안전관리자 | H46: + | I46: 생명지킴이 | P46: 일반관리비 | Q46: =(IF((N8+N14+N52)="","",VLOOKUP((N8+N14+N52),AD55:AE57,2,1)))*P17+(IF((N8+N14+N52)="","",VLOOKUP((N8+N14+N52),AF55:AG57,2,1)))*Q17 -> 5 | R46: %
G47: =T64 -> 18058800 | I47: =T65 -> 0 | N47: =INT(G47+I47) -> 18058800 | P47: 이윤 | Q47: 12 | R47: % | T47: 노란색 셀은 요율표를 참조하여 직접입력
C49: 아) 안전관리비(건설기술진흥법) | N49: ='기계_순공사비 내역서 '!L142 -> 0
C51: 자) 품질관리비(건설기술진흥법) | N51: ='기계_순공사비 내역서 '!L148 -> 0
B52: 경비 계 | N52: =SUM(N16,N18,N20,N22,N24,N26,N32,N35,N38,N41,N44,N47,N49,N51) -> 1.2969947e+08 | P52: ○ 대상액 구분이 되지 않거나 현장제작설비 선택시
B53: 4. 관리비 | P53: 예산금액 | V53: [일반관리비 요율표] | AD53: [일반관리비 요율표]
C54: 가) 일반관리비 | G54: (도급재료비 ＋ 노무비 ＋ 경비 ) × 일반관리비율 | V54: 프로젝트성 투자 | Z54: 정비성 투자 | AD54: 금액 | AE54: 요율 | AF54: 금액 | AG54: 요율
G55: =N8 -> 21219299 | H55: ＋ | I55: =N14 -> 168197079 | J55: ＋ | K55: =N52 -> 1.2969947e+08 | L55: × | M55: =Q46 -> 5 | N55: =INT((G55+I55+K55)*M55/100) -> 15955792 | P55: ○ 산업안전보건관리비 대상금액이 800억원 이상시 기재 | V55: 금액/구분 | Y55: 요율 | Z55: 금액/구분 | AC55: 요율 | AD55: 0 | AE55: 6 | AF55: 0 | AG55: 6
C56: 나) 이윤 | G56: (노무비 ＋ 경비 ＋ 일반관리비 ) × 이윤율 | P56: - 대상액 구분가능 or 완제품설비 : 공사비 예산입력 | V56: 5억원미만 | Y56: 0.06 | Z56: 5천만원미만 | AC56: 0.06 | AD56: 500000000 | AE56: 5.5 | AF56: 50000000 | AG56: 5.5
G57: =N14 -> 168197079 | H57: ＋ | I57: =K55 -> 1.2969947e+08 | J57: ＋ | K57: =N55 -> 15955792 | L57: × | M57: =Q47 -> 12 | N57: =INT((G57+I57+K57)*M57/100) -> 37662281 | P57: - 대상액 구분불가 or 현장제작설비 : 설비비, 공사비 예산입력 | V57: 5억원~30억원미만 | Y57: 0.055 | Z57: 5천만원~3억원미만 | AC57: 0.055 | AD57: 3000000000 | AE57: 5 | AF57: 300000000 | AG57: 5
P58: 대상금액 예산 (800억이상시) | V58: 30억원이상 | Y58: 0.05 | Z58: 3억원이상 | AC58: 0.05
B59: 5. 도급 공사비(설치비) | G59: 도급재료비 ＋ 노무비 ＋ 경비 ＋ 일반관리비 ＋ 이윤 =
B60: 공사비 합계 | N60: =ROUNDDOWN(N8+N14+N52+N55+N57,-3) -> 372733000 | AD60: [이윤 요율표]
V61: [이윤 요율표] | AD61: 토건 | AF61: 기전
B62: ◈. 계상요령 | P62: [안전관리자/지킴이 선임비용] | V62: 금액/구분 | Y62: 토건 | Z62: 기전 | AD62: 금액 | AE62: 요율 | AF62: 금액 | AG62: 요율
C63: 1. 첨부의 <순공사비 내역서 sheet>에 공사내역을 입력 | P63: 구분 | Q63: 노임단가(원) | S63: 설계 M/D | T63: 선임비용(원) | V63: 10억원미만 | Y63: 0.15 | Z63: 0.12 | AD63: 0 | AE63: 15 | AF63: 0 | AG63: 12
C64: - 도급재료비(노란색 부분)에 공사용 자재 내역을 정확히 입력 | P64: 전담안전관리자 | Q64: 300980 | S64: 60 | T64: =Q64*S64 -> 18058800 | V64: 10억원~30억원미만 | Y64: 0.14 | Z64: 0.11 | AD64: 1000000000 | AE64: 14 | AF64: 1000000000 | AG64: 11
C65: - 직접노무비(노란색 부분)를 입력 ☞ 내역을 맞추기가 어려운 경우 1식으로 입력 | P65: 생명지킴이 | Q65: 183567 | T65: =Q65*S65 -> 0
C66: - 경비(노란색부분)에 토건노무비 + 도장노무비의 합계금액을 입력 | AE66: 1 | AF66: (도급재료비 ＋ 발주자재료비 ＋ 직접노무비) × 산업안전보건관리비율 ＋ 기초액
C67: - 설비비(노란색부분)에 설비 내역을 입력 | AF67: 계약금액 X 70% X 산업안전보건관리비 요율 + 기초액
C68: 2. 첨부의 <제경비내역서 sheet>에 공사기간, 공사구분, 이윤 입력 | AE68: 1 | AF68: ((도급재료비 ＋ 직접노무비) × 산업안전보건관리비율 ＋ 기초액) x 1.2
C69: - 공사기간(노란색부분)은 숫자로 입력 | AF69: 계약금액 X 70% X 산업안전보건관리비 요율 + 기초액
C70: - 공사구분(노란색부분)은 토목, 건축, 기계, 전기 중 택일하여 숫자 "1" 입력 | AE70: 1 | AF70: (설비비 포함)
C71: * 기계, 전기가 둘다 포함된 공사인 경우 기계에 숫자 "1" 입력 | AF71: -
C72: - 지급보증비, 환경보전비(노란색부분) 입력 | AE72: 1 | AF72: (설비비 제외)
C73: * 지급보증비는 종합건설업자인 경우 0.13%, 전문건설업자인 경우 0.11% 입력 | AF73: -
C74: * 환경보전비는 0.4% 입력 (단, 전기,정보통신,소방공사는 0 입력)
C75: - 이윤(노란색부분) 입력
C76: 3. <제경비내역서 sheet>의 도급공사비(설치비) 계와 계약서上 Installation 금액이 동일한지 확인
C77: ☞ 금액이 다르다면 기입력한 노란색 부분을 수정하여 금액을 맞춰야 함)
C78: 4. 당사와 협의없이 시트 임의 수정시 제재의뢰가 가능하며 공급사의 임의수정으로 인한 과태료 등 직간접 피해에 대해 청구되니 임의수정을 금함.

Sheet 기계_순공사비 내역서 
B1: ○ 계약건명 : | E1: ='기계_제경비 내역서'!E3:N3 -> 포)3FINEX 수처리 RTO 소각로 노후교체
B2: ○ 시공사 : | E2: ㈜플랜텍
B3: 순 공 사 비 내 역 서
B4: 구 분 | G4: 품명 | H4: 세부규격 | I4: 단 위 | J4: 수 량 | K4: 단 가 | L4: 금 액 | M4: 비 고
B5: 사 업 명 :
B6: 1. 도급 재료비
G7: RTO 소각설비 신설 공사 | H7: Angle, H-Beam, Pipe Spp(15~200A) | I7: LOT | J7: 1 | K7: 21219299 | L7: =J7*K7 -> 21219299 | M7: Sheet 참고
L30: =INT(J30*K30) -> 0
L31: =INT(J31*K31) -> 0
L32: =INT(J32*K32) -> 0
L33: =INT(J33*K33) -> 0
L34: =INT(J34*K34) -> 0
L35: =INT(J35*K35) -> 0
L36: =INT(J36*K36) -> 0
L37: =INT(J37*K37) -> 0
L38: =INT(J38*K38) -> 0
L39: =INT(J39*K39) -> 0
L40: =INT(J40*K40) -> 0
L41: =INT(J41*K41) -> 0
... L53: =INT(J53*K53) -> 0
B54: 재료비 계 | L54: =SUM(L7:L53) -> 21219299
B55: 2. 직접노무비
G56: RTO 소각설비 신설 공사 | H56: RTO 설비, 배관, 도장, 가설공사 등 | I56: LOT | J56: 1 | K56: 151528900 | L56: =J56*K56 -> 151528900
L91: =K91*J91 -> 0
L92: =K92*J92 -> 0
L93: =K93*J93 -> 0
L94: =K94*J94 -> 0
L95: =K95*J95 -> 0
L96: =INT(J96*K96) -> 0
L97: =INT(J97*K97) -> 0
L98: =INT(J98*K98) -> 0
L99: =INT(J99*K99) -> 0
L100: =INT(J100*K100) -> 0
L101: =INT(J101*K101) -> 0
L102: =INT(J102*K102) -> 0
L103: =INT(J103*K103) -> 0
L104: =INT(J104*K104) -> 0
L105: =INT(J105*K105) -> 0
L106: =INT(J106*K106) -> 0
L107: =INT(J107*K107) -> 0
... L115: =INT(J115*K115) -> 0
B116: 직접노무비 계 | L116: =SUM(L56:L115) -> 151528900
B117: 3. 경비
B118: 기계경비
G119: RTO 소각설비 신설 공사 | H119: CRANE (TRUCK 220TON)외 | I119: LOT | J119: 1 | K119: 57887000 | L119: =INT(J119*K119) -> 57887000
B134: 일반경장비,공구 손료 | H134: 직접노무비(C할증 제외)-(토건노무비+도장노무비)의 3%
F135: ( | H135: =L116 -> 151528900 | I135: - | J135: 0 | L135: ) × 0.03 = | M135: =INT((H135-J135)*0.03) -> 4545867
B136: 경비 계 | L136: =SUM(L119:L133,M135) -> 62432867
B137: 4. 안전관리비
L140: =INT(J140*K140) -> 0
L141: =INT(J141*K141) -> 0
B142: 안전관리비 계 | L142: =SUM(L138:L141) -> 0
B143: 5. 품질관리비
L144: =INT(J144*K144) -> 0
A145: i | L145: =INT(J145*K145) -> 0
L146: =INT(J146*K146) -> 0
L147: =INT(J147*K147) -> 0
B148: 품질관리비 계 | L148: =SUM(L144:L147) -> 0
B149: 순공사비 계 | L149: =L54+L116+L136+L142+L148 -> 235181066
B150: 4. 설비비
G151: RTO 소각로 신설 | H151: RTO 본체, Hot Bypass Damper 등 | I151: Lot | J151: 1 | K151: 1297477000 | L151: =INT(J151*K151) -> 1297477000
G152: ENGINEEERING | H152: 기계, 전기, 토목 공사설계 | I152: Lot | J152: 1 | K152: 63979000 | L152: =INT(J152*K152) -> 63979000
L156: =INT(J156*K156) -> 0
L157: =INT(J157*K157) -> 0
L158: =INT(J158*K158) -> 0
L159: =INT(J159*K159) -> 0
L160: =INT(J160*K160) -> 0
L161: =INT(J161*K161) -> 0
L162: =INT(J162*K162) -> 0
L163: =INT(J163*K163) -> 0
L164: =INT(J164*K164) -> 0
L165: =INT(J165*K165) -> 0
L166: =INT(J166*K166) -> 0
L167: =INT(J167*K167) -> 0
... L183: =INT(J183*K183) -> 0
B184: 설비비 계 | L184: =SUM(L151:L183) -> 1361456000

Sheet 기계 철거_제경비 내역서
B1: '25. 01. 01.부 시행 | Q1: 투자부서에서는 파란색 점선영역과 순공사비내역서 노란색 영역을 기입하여 구매부서로 구매의뢰시 첨부 (File Naming Rule : YYMMDD_부서명_제경비내역서 초안_투자명)
Q2: 산업안전보건관리비를 산출하여 구매부서로 구매의뢰시 첨부 (File Naming Rule : YYMMDD_부서명_제경비내역서 초안_투자명)
B3: ○ 계약건명 : | E3: 포)3FINEX 수처리 RTO 소각로 노후교체 | Q3: 공급사에서 노란색셀에 Data를 제경비요율표 및 가이드라인 확인 후 입력
B4: 제 경 비(설치비) 내 역 서 | P4: 1. 산업안전보건관리비 계산산식 : 대상액 구분 가능여부와 현장 제작설비 여부에 따른 구분, 해당부분에만 숫자 1입력
B5: 구 분 | G5: 계산근거 | N5: 공사비 | P5: 2. 공사기간 : 해당 공사기간입력
B6: 사 업 명 : | P6: 3. 공사구분 : 해당 공사구분에만 숫자 1 입력 (ex) 기계,전기, 토목, 건축 등 복합공종인 경우 주공종 1개에만 숫자 1입력)
B7: 1. 도급 재료비 | P7: 4. 요율 : 제경비 요율표를 참조하여 해당 건설하도급대금지급보증비 요율과 건설기계대여금 지급보증비 요율 합해 %를 제외한 숫자 셋째짜리까지 기입
B8: 재료비 계 | N8: ='기계 철거_순공사비 내역서'!L54 -> 62791.902 | P8: 5. 환경보전비 0.4% 고정(단, 전기,정보통신,소방공사는 0 입력)
B9: 2. 노무비 | V9: [간접노무비 요율표] | AD9: [간접노무비 요율표]
C10: 가) 직접노무비 | N10: ='기계 철거_순공사비 내역서'!L116 -> 10452779 | P10: [산업안전보건관리비 계산산식] | V10: 금액/개월 | Y10: 토목,건축 | AA10: 기계,전기 | AD10: 토목,건축 | AH10: 기계,전기
C11: 나) 간접노무비 | G11: (직접노무비) × 간접노무비율 | P11: 대상액 구분가능 or 완제품설비 | Q11: 대상액 구분불가 or 현장제작설비 | Y11: 금액 | Z11: 기간 | AA11: 금액 | AB11: 기간 | AD11: 금액 | AE11: 요율 | AF11: 기간 | AG11: 요율 | AH11: 금액 | AI11: 요율 | AJ11: 기간 | AK11: 요율 | AM11: [건설기계대여지급보증비 요율표]
G12: =N10 -> 10452779 | J12: × | K12: =Q35 -> 11 | L12: = | N12: =INT((G12)*K12/100) -> 1149805 | P12: 1 | V12: 5억원미만 / 6개월미만 | Y12: 0.15 | Z12: 0.13 | AA12: 0.12 | AB12: 0.1 | AD12: 0 | AE12: 15 | AF12: 0 | AG12: 13 | AH12: 0 | AI12: 12 | AJ12: 0 | AK12: 10 | AM12: 1. 발주자와 종합건설업자가 계약시 적용요율
P13: [공사기간] | V13: 5억원~20억원미만 / 6~18개월 | Y13: 0.14 | Z13: 0.14 | AA13: 0.11 | AB13: 0.11 | AD13: 500000000 | AE13: 14 | AF13: 6 | AG13: 14 | AH13: 500000000 | AI13: 11 | AJ13: 6 | AK13: 11 | AM13: 토목공사(토목·건축공사 포함) | AU13: 0.004
B14: 노무비 계 | N14: =SUM(N10,N12) -> 11602584 | P14: 3 | Q14: 개월 | V14: 20억원이상 / 18개월이상 | Y14: 0.13 | Z14: 0.15 | AA14: 0.1 | AB14: 0.12 | AD14: 2000000000 | AE14: 13 | AF14: 18 | AG14: 15 | AH14: 2000000000 | AI14: 10 | AJ14: 18 | AK14: 12 | AM14: 건축공사 | AU14: 0.0007
B15: 3. 경비 | P15: [투자구분] | V15: [고용보험료 요율표] | AD15: [고용보험료 요율표] | AE15: 토건 | AG15: 건축 | AM15: 산업·환경설비공사 | AU15: 0.0016
B16: 경비 | N16: ='기계 철거_순공사비 내역서'!L136 -> 572452 | P16: 프로젝트성 | Q16: 정비성 | V16: 등 급 별 (추정금액) (단위 : 미만 ~ 이상) | AA16: 2024년도 | AD16: 금액 | AE16: 요율 | AF16: 등급 | AG16: 금액 | AH16: 요율 | AI16: 등급 | AM16: 조경공사 | AU16: 0.0018
C17: 가) 보험료 (산재보험) | G17: (직접노무비 ＋ 간접노무비) × 산재보험율 | Q17: 1 | V17: 1 등급 : | W17: 토목 1400억이상 | Y17: 건축 1200억 이상 | AA17: 0.0157 | AD17: 0 | AE17: 1.01 | AF17: 7 | AG17: 0 | AH17: 1.01 | AI17: 7 | AM17: 2. 발주자와 전문건설업자가 계약시 적용요율
G18: =N10 -> 10452779 | H18: ＋ | I18: =N12 -> 1149805 | J18: × | K18: =Q36 -> 3.56 | L18: = | N18: =INT((G18+I18)*K18/100) -> 413052 | P18: [공사구분 : 공사비] | V18: 2 등급 : | W18: 토목 1400억~900억 | Y18: 건축 1200억~900억 | AA18: 0.013 | AD18: 14000000000 | AE18: 1.02 | AF18: 6 | AG18: 13000000000 | AH18: 1.02 | AI18: 6 | AM18: A 그룹 : | AN18: 준설공사, 포장공사, 토공사, 비계·구조물해체공사 | AU18: 0.0068
F19: (고용보험) | G19: (직접노무비 ＋ 간접노무비) × 고용보험율 | P19: 토목 | Q19: 건축 | S19: 기계 | T19: 전기 | V19: 3 등급 : | W19: 토목 900억~570억 | Y19: 건축 800억~520억 | AA19: 0.0113 | AD19: 22000000000 | AE19: 1.03 | AF19: 5 | AG19: 21000000000 | AH19: 1.03 | AI19: 5 | AM19: B 그룹 : | AN19: 상·하수도설비공사, 수중공사, 보링·그라우팅공사 | AU19: 0.0051
G20: =N10 -> 10452779 | H20: ＋ | I20: =N12 -> 1149805 | J20: × | K20: =Q37 -> 1.01 | L20: = | N20: =INT((G20+I20)*K20/100) -> 117186 | S20: 1 | V20: 4 등급 : | W20: 토목 570억~370억 | Y20: 건축 520억~340억 | AA20: 0.01063 | AD20: 37000000000 | AE20: 1.06 | AF20: 4 | AG20: 34000000000 | AH20: 1.06 | AI20: 4 | AM20: C 그룹 : | AN20: 석공사, 시설물유지관리, 철근·콘크리트공사, 가스시설공사(1종) | AU20: 0.0032
F21: (국민연금) | G21: (직접노무비) × 국민연금율 | P21: [공사구분 : 공사비+설비비] | V21: 5 등급 : | W21: 토목 370억~220억 | Y21: 건축 340억~210억 | AA21: 0.0103 | AD21: 57000000000 | AE21: 1.13 | AF21: 3 | AG21: 52000000000 | AH21: 1.13 | AI21: 3 | AM21: D 그룹 : | AN21: 조경시설물설치, 조경식재, 도장공사, 철도궤도, 철강재설치공사 | AU21: 0.0016
G22: =N10 -> 10452779 | J22: × | K22: =Q38 -> 4.5 | L22: = | N22: =INT((G22)*K22/100) -> 470375 | P22: 토목 | Q22: 건축 | S22: 기계 | T22: 전기 | V22: 6 등급 : | W22: 토목 220억~140억 | Y22: 건축 210억~130억 | AA22: 0.0102 | AD22: 90000000000 | AE22: 1.3 | AF22: 2 | AG22: 80000000000 | AH22: 1.3 | AI22: 2 | AM22: E 그룹 : | AN22: A그룹～D그룹 이외의 공사 | AU22: 0.001
F23: (건강보험) | G23: (직접노무비) × 건강보험율 | S23: 1 | V23: 7 등급 : | W23: 토목 140억~ 7등급 미만 | Y23: 건축 130억~ 7등급 미만 | AA23: 0.0101 | AD23: 140000000000 | AE23: 1.57 | AF23: 1 | AG23: 120000000000 | AH23: 1.57 | AI23: 1
G24: =N10 -> 10452779 | J24: × | K24: =Q39 -> 3.545 | L24: = | N24: =INT((G24)*K24/100) -> 370551 | P24: [산업안전보건관리비 요율 구분] | AD24: [산업안전보건관리비 요율표] | AM24: [건설 하도급대금지급보증비 요율표]
F25: (요양보험) | G25: (국민건강보험료) × 노인장기요양보험율 | P25: 플랜트 공사 | Q25: 플랜트 外 공사 | V25: [산업안전보건관리비 요율표] | AD25: 건축공사 | AF25: 토목공사 | AM25: 공사규모 (추정가격) | AU25: 2018년도
G26: =N24 -> 370551 | J26: × | K26: =Q40 -> 12.95 | L26: = | N26: =INT((G26)*K26/100) -> 47986 | Q26: 1 | V26: 구분 | X26: 건축공사 요율/기초액 | Z26: 토목공사 요율/기초액 | AD26: 금액 | AE26: 요율 | AF26: 금액 | AG26: 요율 | AM26: 50억 미만 | AU26: 0.00081
P27: [공종별 추정비율 : 공급사에서 필히 현장조사 후 입찰 준비하시길 바랍니다] | V27: 2천만원 미만 | X27: 3.11 | Z27: 3.15 | AD27: 0 | AE27: 3.11 | AF27: 0 | AG27: 3.15 | AM27: 50억원～100억원 미만 | AU27: 0.0008
C28: 나) 산업안전보건관리비 | G28: =IF(P12=AE66,AF66,AF67) -> (도급재료비 ＋ 발주자재료비 ＋ 직접노무비) × 산업안전보건관리비율 ＋ 기초액 | N28: =IF(P12=AE70,AF70,AF71) -> (설비비 포함) | P28: 기계 : 100%, 전기 : 0% | V28: 2천만원~5억원 미만 | X28: 3.11 | Z28: 3.15 | AD28: 20000000 | AE28: 3.11 | AF28: 20000000 | AG28: 3.15 | AM28: 100억원～300억원 미만 | AU28: 0.00075
G29: =(N8+'기계 철거_순공사비 내역서'!L184)*P12+Q53*Q12*0.7 -> 62791.902 | H29: ＋ | I29: =N10*P12 -> 10452779 | J29: × | K29: =((IF((G29+I29)="","",VLOOKUP((G29+I29),AD27:AE31,2,1))*Q26+IF((G29+I29)="","",VLOOKUP((G29+I29),AF27:AG31,2,1))*P26)) -> 3.11 | L29: ＋ | M29: =SUMIF(Z27:Z31,K29,AA27:AA31)+SUMIF(X27:X31,K29,Y27:Y31)+SUMIF(AB27:AB31,K29,AC27:AC31) -> 0 | N29: =INT((G29+I29)*K29/100+M29) -> 327034 | P29: [필수면허] | V29: 5억원~50억원 미만 | W29: G2(1.86%+5,349 천원) | X29: 2.28 | Y29: 4325000 | Z29: 2.53 | AA29: 3300000 | AD29: 500000000 | AE29: 2.28 | AF29: 500000000 | AG29: 2.53 | AM29: 300억원 이상 (최저가낙찰 대상공사) | AR29: - 토목및산업설비 | AU29: 0.00071
G30: =IF(P12=AE68,AF68,AF69) -> ((도급재료비 ＋ 직접노무비) × 산업안전보건관리비율 ＋ 기초액) x 1.2 | N30: =IF(P12=AE72,AF72,AF73) -> (설비비 제외) | P30: 기계공사 면허 | V30: 50억원 이상 | W30: G3(1.97%) | X30: 2.37 | Z30: 2.6 | AD30: 5000000000 | AE30: 2.37 | AF30: 5000000000 | AG30: 2.6 | AR30: - 건축 | AU30: 0.00068
G31: =N8*P12+Q53*Q12*0.7 -> 62791.902 | H31: ＋ | I31: =N10*P12 -> 10452779 | J31: × | K31: =((IF((G31+I31)="","",VLOOKUP((G31+I31),AF27:AG31,2,1))*P26+IF((G31+I31)="","",VLOOKUP((G31+I31),AD27:AE31,2,1))*Q26)) -> 3.11 | L31: ＋ | M31: =SUMIF(Z27:Z31,K31,AA27:AA31)+SUMIF(X27:X31,K31,Y27:Y31)+SUMIF(AB27:AB31,K31,AC27:AC31) -> 0 | N31: =INT((G31+I31)*K31/100+M31)*1.2 -> 392440.8 | V31: 800억원 이상 | W31: G3(1.97%) | X31: 2.64 | Z31: 2.73 | AD31: 80000000000 | AE31: 2.64 | AF31: 80000000000 | AG31: 2.73 | AM31: 턴키(대안)공사 | AU31: 0.00084
B32: 산업안전보건관리비 적용 | N32: 575681
P33: [요율]
C34: 다) 법정경비(퇴직공제비) | G34: (직접노무비) × 퇴직공제비율 | P34: 구분 | Q34: 요율 | S34: 비고
G35: =N10 -> 10452779 | J35: × | K35: =Q42 -> 2.3 | L35: = | N35: =INT((G35)*K35/100) -> 240413 | P35: 간접노무비 | Q35: =(IF((N8+N10+N16)="","",VLOOKUP((N8+N10+N16),AD12:AE14,2,1))*P20+IF((N8+N10+N16)="","",VLOOKUP((N8+N10+N16),AD12:AE14,2,1))*Q20+IF((N8+N10+N16)="","",VLOOKUP((N8+N10+N16),AH12:AI14,2,1))*S20+IF((N8+N10+N16)="","",VLOOKUP((N8+N10+N16),AH12:AI14,2,1))*T20+IF((P14)="","",VLOOKUP((P14),AF12:AG14,2,1))*P20+IF((P14)="","",VLOOKUP((P14),AF12:AG14,2,1))*Q20+IF((P14)="","",VLOOKUP((P14),AJ12:AK14,2,1))*S20+IF((P14)="","",VLOOKUP((P14),AJ12:AK14,2,1))*T20)/2 -> 11 | R35: %
P36: 산재보험 | Q36: 3.56 | R36: % | S36: 법정요율 | AF36: 설비비포함 | AG36: =IF(N32=N29,1,0) -> 0
C37: 라) 건설기계대여지급보증비 | G37: (도급재료비 ＋ 직접노무비 ＋ 산출경비 ) × 지급보증비율 | P37: 고용보험 | Q37: =IF((N8+N14+N16)="","",VLOOKUP((N8+N14+N16),AD17:AE23,2,1)) -> 1.01 | R37: % | S37: 법정요율 | AF37: 1.2배 | AG37: =IF(N32=N31,1,0) -> 0
G38: =N8 -> 62791.902 | H38: ＋ | I38: =N10 -> 10452779 | J38: ＋ | K38: =N16 -> 572452 | L38: × | M38: =Q43 -> 0.11 | N38: =INT((G38+I38+K38)*M38/100) -> 12196 | P38: 국민연금 | Q38: 4.5 | R38: % | S38: 법정요율
P39: 건강보험 | Q39: 3.545 | R39: % | S39: 법정요율
C40: 마) 환경보전비 | G40: (도급재료비 ＋ 직접노무비 ＋ 산출경비 ) × 지급보증비율 | P40: 요양보험 | Q40: 12.95 | R40: % | S40: 법정요율 | AF40: =Q58 -> 0 | AG40: =IF(AF40>=80000000000,1,0) -> 0
G41: =N8 -> 62791.902 | H41: ＋ | I41: =N10 -> 10452779 | J41: ＋ | K41: =N16 -> 572452 | L41: × | M41: =Q44 -> 0 | N41: =INT((G41+I41+K41)*M41/100) -> 0 | P41: 산업안전보건관리비 | Q41: =K29*AG36+K31*AG37 -> 0 | R41: % | S41: 법정요율 | AG41: =IF(AF40<80000000000,1,0) -> 1
P42: 퇴직공제비 | Q42: 2.3 | R42: % | S42: 법정요율
C43: 바) 기타경비 | G43: (도급재료비 ＋ 노무비 ＋ 대상경비 ) × 기타경비율 | P43: 지급보증비 | Q43: 0.11 | R43: % | S43: 법정요율
G44: =N8 -> 62791.902 | H44: ＋ | I44: =N14 -> 11602584 | J44: ＋ | K44: =N16+N18+N20+N22+N24+N26+N32 -> 2567283 | L44: × | M44: =Q45 -> 3.72 | N44: =INT((G44+I44+K44)*M44/100) -> 529454 | P44: 환경보전비 | Q44: 0 | R44: % | S44: 법정요율
P45: 기타경비 | Q45: 3.72 | R45: %
C46: 사) 안전인력 선임 비용 | G46: 전담안전관리자 | H46: + | I46: 생명지킴이 | P46: 일반관리비 | Q46: =(IF((N8+N14+N52)="","",VLOOKUP((N8+N14+N52),AD55:AE57,2,1)))*P17+(IF((N8+N14+N52)="","",VLOOKUP((N8+N14+N52),AF55:AG57,2,1)))*Q17 -> 6 | R46: %
G47: =T64 -> 0 | I47: =T65 -> 0 | N47: =INT(G47+I47) -> 0 | P47: 이윤 | Q47: 12 | R47: % | T47: 노란색 셀은 요율표를 참조하여 직접입력
C49: 아) 안전관리비(건설기술진흥법) | N49: ='기계 철거_순공사비 내역서'!L142 -> 0
C51: 자) 품질관리비(건설기술진흥법) | N51: ='기계 철거_순공사비 내역서'!L148 -> 0
B52: 경비 계 | N52: =SUM(N16,N18,N20,N22,N24,N26,N32,N35,N38,N41,N44,N47,N49,N51) -> 3349346 | P52: ○ 대상액 구분이 되지 않거나 현장제작설비 선택시
B53: 4. 관리비 | P53: 예산금액 | V53: [일반관리비 요율표] | AD53: [일반관리비 요율표]
C54: 가) 일반관리비 | G54: (도급재료비 ＋ 노무비 ＋ 경비 ) × 일반관리비율 | V54: 프로젝트성 투자 | Z54: 정비성 투자 | AD54: 금액 | AE54: 요율 | AF54: 금액 | AG54: 요율
G55: =N8 -> 62791.902 | H55: ＋ | I55: =N14 -> 11602584 | J55: ＋ | K55: =N52 -> 3349346 | L55: × | M55: =Q46 -> 6 | N55: =INT((G55+I55+K55)*M55/100) -> 900883 | P55: ○ 산업안전보건관리비 대상금액이 800억원 이상시 기재 | V55: 금액/구분 | Y55: 요율 | Z55: 금액/구분 | AC55: 요율 | AD55: 0 | AE55: 6 | AF55: 0 | AG55: 6
C56: 나) 이윤 | G56: (노무비 ＋ 경비 ＋ 일반관리비 ) × 이윤율 | P56: - 대상액 구분가능 or 완제품설비 : 공사비 예산입력 | V56: 5억원미만 | Y56: 0.06 | Z56: 5천만원미만 | AC56: 0.06 | AD56: 500000000 | AE56: 5.5 | AF56: 50000000 | AG56: 5.5
G57: =N14 -> 11602584 | H57: ＋ | I57: =K55 -> 3349346 | J57: ＋ | K57: =N55 -> 900883 | L57: × | M57: =Q47 -> 12 | N57: =INT((G57+I57+K57)*M57/100) -> 1902337 | P57: - 대상액 구분불가 or 현장제작설비 : 설비비, 공사비 예산입력 | V57: 5억원~30억원미만 | Y57: 0.055 | Z57: 5천만원~3억원미만 | AC57: 0.055 | AD57: 3000000000 | AE57: 5 | AF57: 300000000 | AG57: 5
P58: 대상금액 예산 (800억이상시) | V58: 30억원이상 | Y58: 0.05 | Z58: 3억원이상 | AC58: 0.05
B59: 5. 도급 공사비(설치비) | G59: 도급재료비 ＋ 노무비 ＋ 경비 ＋ 일반관리비 ＋ 이윤 =
B60: 공사비 합계 | N60: =ROUNDDOWN(N8+N14+N52+N55+N57,-3) -> 17817000 | AD60: [이윤 요율표]
V61: [이윤 요율표] | AD61: 토건 | AF61: 기전
B62: ◈. 계상요령 | P62: [안전관리자/지킴이 선임비용] | V62: 금액/구분 | Y62: 토건 | Z62: 기전 | AD62: 금액 | AE62: 요율 | AF62: 금액 | AG62: 요율
C63: 1. 첨부의 <순공사비 내역서 sheet>에 공사내역을 입력 | P63: 구분 | Q63: 노임단가(원) | S63: 설계 M/D | T63: 선임비용(원) | V63: 10억원미만 | Y63: 0.15 | Z63: 0.12 | AD63: 0 | AE63: 15 | AF63: 0 | AG63: 12
C64: - 도급재료비(노란색 부분)에 공사용 자재 내역을 정확히 입력 | P64: 전담안전관리자 | Q64: 300980 | T64: =Q64*S64 -> 0 | V64: 10억원~30억원미만 | Y64: 0.14 | Z64: 0.11 | AD64: 1000000000 | AE64: 14 | AF64: 1000000000 | AG64: 11
C65: - 직접노무비(노란색 부분)를 입력 ☞ 내역을 맞추기가 어려운 경우 1식으로 입력 | P65: 생명지킴이 | Q65: 183567 | T65: =Q65*S65 -> 0
C66: - 경비(노란색부분)에 토건노무비 + 도장노무비의 합계금액을 입력 | AE66: 1 | AF66: (도급재료비 ＋ 발주자재료비 ＋ 직접노무비) × 산업안전보건관리비율 ＋ 기초액
C67: - 설비비(노란색부분)에 설비 내역을 입력 | AF67: 계약금액 X 70% X 산업안전보건관리비 요율 + 기초액
C68: 2. 첨부의 <제경비내역서 sheet>에 공사기간, 공사구분, 이윤 입력 | AE68: 1 | AF68: ((도급재료비 ＋ 직접노무비) × 산업안전보건관리비율 ＋ 기초액) x 1.2
C69: - 공사기간(노란색부분)은 숫자로 입력 | AF69: 계약금액 X 70% X 산업안전보건관리비 요율 + 기초액
C70: - 공사구분(노란색부분)은 토목, 건축, 기계, 전기 중 택일하여 숫자 "1" 입력 | AE70: 1 | AF70: (설비비 포함)
C71: * 기계, 전기가 둘다 포함된 공사인 경우 기계에 숫자 "1" 입력 | AF71: -
C72: - 지급보증비, 환경보전비(노란색부분) 입력 | AE72: 1 | AF72: (설비비 제외)
C73: * 지급보증비는 종합건설업자인 경우 0.13%, 전문건설업자인 경우 0.11% 입력 | AF73: -
C74: * 환경보전비는 0.4% 입력 (단, 전기,정보통신,소방공사는 0 입력)
C75: - 이윤(노란색부분) 입력
C76: 3. <제경비내역서 sheet>의 도급공사비(설치비) 계와 계약서上 Installation 금액이 동일한지 확인
C77: ☞ 금액이 다르다면 기입력한 노란색 부분을 수정하여 금액을 맞춰야 함)
C78: 4. 당사와 협의없이 시트 임의 수정시 제재의뢰가 가능하며 공급사의 임의수정으로 인한 과태료 등 직간접 피해에 대해 청구되니 임의수정을 금함.

Sheet 기계 철거_순공사비 내역서
B1: ○ 계약건명 : | E1: ='기계 철거_제경비 내역서'!E3:N3 -> 포)3FINEX 수처리 RTO 소각로 노후교체
B2: ○ 시공사 : | E2: ㈜플랜텍
B3: 순 공 사 비 내 역 서
B4: 구 분 | G4: 품명 | H4: 세부규격 | I4: 단 위 | J4: 수 량 | K4: 단 가 | L4: 금 액 | M4: 비 고
B5: 사 업 명 :
B6: 1. 도급 재료비
G7: 기존 RTO 설비 철거 | H7: RTO설비 | I7: TON | J7: 34.539 | K7: 1818 | L7: =J7*K7 -> 62791.902
L30: =INT(J30*K30) -> 0
L31: =INT(J31*K31) -> 0
L32: =INT(J32*K32) -> 0
L33: =INT(J33*K33) -> 0
L34: =INT(J34*K34) -> 0
L35: =INT(J35*K35) -> 0
L36: =INT(J36*K36) -> 0
L37: =INT(J37*K37) -> 0
L38: =INT(J38*K38) -> 0
L39: =INT(J39*K39) -> 0
L40: =INT(J40*K40) -> 0
L41: =INT(J41*K41) -> 0
... L53: =INT(J53*K53) -> 0
B54: 재료비 계 | L54: =SUM(L7:L53) -> 62791.902
B55: 2. 직접노무비
G56: 기존 RTO 설비 철거 | H56: RTO설비 | I56: TON | J56: 34.539 | K56: 302637 | L56: =K56*J56 -> 10452779
L57: =K57*J57 -> 0
L58: =K58*J58 -> 0
L59: =K59*J59 -> 0
L60: =K60*J60 -> 0
L61: =K61*J61 -> 0
L62: =K62*J62 -> 0
L63: =K63*J63 -> 0
L64: =K64*J64 -> 0
L65: =K65*J65 -> 0
L66: =K66*J66 -> 0
L67: =K67*J67 -> 0
L68: =K68*J68 -> 0
... L95: =K95*J95 -> 0
L96: =INT(J96*K96) -> 0
L97: =INT(J97*K97) -> 0
L98: =INT(J98*K98) -> 0
L99: =INT(J99*K99) -> 0
L100: =INT(J100*K100) -> 0
L101: =INT(J101*K101) -> 0
L102: =INT(J102*K102) -> 0
L103: =INT(J103*K103) -> 0
L104: =INT(J104*K104) -> 0
L105: =INT(J105*K105) -> 0
L106: =INT(J106*K106) -> 0
L107: =INT(J107*K107) -> 0
... L115: =INT(J115*K115) -> 0
B116: 직접노무비 계 | L116: =SUM(L56:L115) -> 10452779
B117: 3. 경비
B118: 기계경비
G119: 기존 RTO 설비 철거 | H119: RTO설비 | I119: TON | J119: 34.539 | K119: 7495 | L119: =INT(J119*K119) -> 258869
L120: =INT(J120*K120) -> 0
L121: =INT(J121*K121) -> 0
L122: =INT(J122*K122) -> 0
L123: =INT(J123*K123) -> 0
L124: =INT(J124*K124) -> 0
L125: =INT(J125*K125) -> 0
L126: =INT(J126*K126) -> 0
L127: =INT(J127*K127) -> 0
L128: =INT(J128*K128) -> 0
L129: =INT(J129*K129) -> 0
L130: =INT(J130*K130) -> 0
L131: =INT(J131*K131) -> 0
... L133: =INT(J133*K133) -> 0
B134: 일반경장비,공구 손료 | H134: 직접노무비(C할증 제외)-(토건노무비+도장노무비)의 3%
F135: ( | H135: =L116 -> 10452779 | I135: - | J135: 0 | L135: ) × 0.03 = | M135: =INT((H135-J135)*0.03) -> 313583
B136: 경비 계 | L136: =SUM(L119:L133,M135) -> 572452
B137: 4. 안전관리비
L141: =INT(J141*K141) -> 0
B142: 안전관리비 계 | L142: =SUM(L138:L141) -> 0
B143: 5. 품질관리비
L144: =INT(J144*K144) -> 0
A145: i | L145: =INT(J145*K145) -> 0
L146: =INT(J146*K146) -> 0
L147: =INT(J147*K147) -> 0
B148: 품질관리비 계 | L148: =SUM(L144:L147) -> 0
B149: 순공사비 계 | L149: =L54+L116+L136+L142+L148 -> 11088023
B150: 4. 설비비
L156: =INT(J156*K156) -> 0
L157: =INT(J157*K157) -> 0
L158: =INT(J158*K158) -> 0
L159: =INT(J159*K159) -> 0
L160: =INT(J160*K160) -> 0
L161: =INT(J161*K161) -> 0
L162: =INT(J162*K162) -> 0
L163: =INT(J163*K163) -> 0
L164: =INT(J164*K164) -> 0
L165: =INT(J165*K165) -> 0
L166: =INT(J166*K166) -> 0
L167: =INT(J167*K167) -> 0
... L183: =INT(J183*K183) -> 0
B184: 설비비 계 | L184: =SUM(L151:L183) -> 0

Sheet 전기_제경비 내역서
B1: '25. 01. 01.부 시행 | Q1: 투자부서에서는 파란색 점선영역과 순공사비내역서 노란색 영역을 기입하여 구매부서로 구매의뢰시 첨부 (File Naming Rule : YYMMDD_부서명_제경비내역서 초안_투자명)
Q2: 산업안전보건관리비를 산출하여 구매부서로 구매의뢰시 첨부 (File Naming Rule : YYMMDD_부서명_제경비내역서 초안_투자명)
B3: ○ 계약건명 : | E3: 포)3FINEX 수처리 RTO 소각로 노후교체 | Q3: 공급사에서 노란색셀에 Data를 제경비요율표 및 가이드라인 확인 후 입력
B4: 제 경 비(설치비) 내 역 서 | P4: 1. 산업안전보건관리비 계산산식 : 대상액 구분 가능여부와 현장 제작설비 여부에 따른 구분, 해당부분에만 숫자 1입력
B5: 구 분 | G5: 계산근거 | N5: 공사비 | P5: 2. 공사기간 : 해당 공사기간입력
B6: 사 업 명 : | P6: 3. 공사구분 : 해당 공사구분에만 숫자 1 입력 (ex) 기계,전기, 토목, 건축 등 복합공종인 경우 주공종 1개에만 숫자 1입력)
B7: 1. 도급 재료비 | P7: 4. 요율 : 제경비 요율표를 참조하여 해당 건설하도급대금지급보증비 요율과 건설기계대여금 지급보증비 요율 합해 %를 제외한 숫자 셋째짜리까지 기입
B8: 재료비 계 | N8: ='전기_순공사비 내역서'!L55 -> 9560180 | P8: 5. 환경보전비 0.4% 고정(단, 전기,정보통신,소방공사는 0 입력)
B9: 2. 노무비 | V9: [간접노무비 요율표] | AD9: [간접노무비 요율표]
C10: 가) 직접노무비 | N10: ='전기_순공사비 내역서'!L105 -> 43989000 | P10: [산업안전보건관리비 계산산식] | V10: 금액/개월 | Y10: 토목,건축 | AA10: 기계,전기 | AD10: 토목,건축 | AH10: 기계,전기
C11: 나) 간접노무비 | G11: (직접노무비) × 간접노무비율 | P11: 대상액 구분가능 or 완제품설비 | Q11: 대상액 구분불가 or 현장제작설비 | Y11: 금액 | Z11: 기간 | AA11: 금액 | AB11: 기간 | AD11: 금액 | AE11: 요율 | AF11: 기간 | AG11: 요율 | AH11: 금액 | AI11: 요율 | AJ11: 기간 | AK11: 요율 | AM11: [건설기계대여지급보증비 요율표]
G12: =N10 -> 43989000 | J12: × | K12: =Q35 -> 11 | L12: = | N12: =INT((G12)*K12/100) -> 4838790 | P12: 1 | V12: 5억원미만 / 6개월미만 | Y12: 0.15 | Z12: 0.13 | AA12: 0.12 | AB12: 0.1 | AD12: 0 | AE12: 15 | AF12: 0 | AG12: 13 | AH12: 0 | AI12: 12 | AJ12: 0 | AK12: 10 | AM12: 1. 발주자와 종합건설업자가 계약시 적용요율
P13: [공사기간] | V13: 5억원~20억원미만 / 6~18개월 | Y13: 0.14 | Z13: 0.14 | AA13: 0.11 | AB13: 0.11 | AD13: 500000000 | AE13: 14 | AF13: 6 | AG13: 14 | AH13: 500000000 | AI13: 11 | AJ13: 6 | AK13: 11 | AM13: 토목공사(토목·건축공사 포함) | AU13: 0.004
B14: 노무비 계 | N14: =SUM(N10,N12) -> 48827790 | P14: 3 | Q14: 개월 | V14: 20억원이상 / 18개월이상 | Y14: 0.13 | Z14: 0.15 | AA14: 0.1 | AB14: 0.12 | AD14: 2000000000 | AE14: 13 | AF14: 18 | AG14: 15 | AH14: 2000000000 | AI14: 10 | AJ14: 18 | AK14: 12 | AM14: 건축공사 | AU14: 0.0007
B15: 3. 경비 | P15: [투자구분] | V15: [고용보험료 요율표] | AD15: [고용보험료 요율표] | AE15: 토건 | AG15: 건축 | AM15: 산업·환경설비공사 | AU15: 0.0016
B16: 경비 | N16: ='전기_순공사비 내역서'!L125 -> 20240614 | P16: 프로젝트성 | Q16: 정비성 | V16: 등 급 별 (추정금액) (단위 : 미만 ~ 이상) | AA16: 2024년도 | AD16: 금액 | AE16: 요율 | AF16: 등급 | AG16: 금액 | AH16: 요율 | AI16: 등급 | AM16: 조경공사 | AU16: 0.0018
C17: 가) 보험료 (산재보험) | G17: (직접노무비 ＋ 간접노무비) × 산재보험율 | Q17: 1 | V17: 1 등급 : | W17: 토목 1400억이상 | Y17: 건축 1200억 이상 | AA17: 0.0157 | AD17: 0 | AE17: 1.01 | AF17: 7 | AG17: 0 | AH17: 1.01 | AI17: 7 | AM17: 2. 발주자와 전문건설업자가 계약시 적용요율
G18: =N10 -> 43989000 | H18: ＋ | I18: =N12 -> 4838790 | J18: × | K18: =Q36 -> 3.56 | L18: = | N18: =INT((G18+I18)*K18/100) -> 1738269 | P18: [공사구분 : 공사비] | V18: 2 등급 : | W18: 토목 1400억~900억 | Y18: 건축 1200억~900억 | AA18: 0.013 | AD18: 14000000000 | AE18: 1.02 | AF18: 6 | AG18: 13000000000 | AH18: 1.02 | AI18: 6 | AM18: A 그룹 : | AN18: 준설공사, 포장공사, 토공사, 비계·구조물해체공사 | AU18: 0.0068
F19: (고용보험) | G19: (직접노무비 ＋ 간접노무비) × 고용보험율 | P19: 토목 | Q19: 건축 | S19: 기계 | T19: 전기 | V19: 3 등급 : | W19: 토목 900억~570억 | Y19: 건축 800억~520억 | AA19: 0.0113 | AD19: 22000000000 | AE19: 1.03 | AF19: 5 | AG19: 21000000000 | AH19: 1.03 | AI19: 5 | AM19: B 그룹 : | AN19: 상·하수도설비공사, 수중공사, 보링·그라우팅공사 | AU19: 0.0051
G20: =N10 -> 43989000 | H20: ＋ | I20: =N12 -> 4838790 | J20: × | K20: =Q37 -> 1.01 | L20: = | N20: =INT((G20+I20)*K20/100) -> 493160 | S20: 1 | V20: 4 등급 : | W20: 토목 570억~370억 | Y20: 건축 520억~340억 | AA20: 0.01063 | AD20: 37000000000 | AE20: 1.06 | AF20: 4 | AG20: 34000000000 | AH20: 1.06 | AI20: 4 | AM20: C 그룹 : | AN20: 석공사, 시설물유지관리, 철근·콘크리트공사, 가스시설공사(1종) | AU20: 0.0032
F21: (국민연금) | G21: (직접노무비) × 국민연금율 | P21: [공사구분 : 공사비+설비비] | V21: 5 등급 : | W21: 토목 370억~220억 | Y21: 건축 340억~210억 | AA21: 0.0103 | AD21: 57000000000 | AE21: 1.13 | AF21: 3 | AG21: 52000000000 | AH21: 1.13 | AI21: 3 | AM21: D 그룹 : | AN21: 조경시설물설치, 조경식재, 도장공사, 철도궤도, 철강재설치공사 | AU21: 0.0016
G22: =N10 -> 43989000 | J22: × | K22: =Q38 -> 4.5 | L22: = | N22: =INT((G22)*K22/100) -> 1979505 | P22: 토목 | Q22: 건축 | S22: 기계 | T22: 전기 | V22: 6 등급 : | W22: 토목 220억~140억 | Y22: 건축 210억~130억 | AA22: 0.0102 | AD22: 90000000000 | AE22: 1.3 | AF22: 2 | AG22: 80000000000 | AH22: 1.3 | AI22: 2 | AM22: E 그룹 : | AN22: A그룹～D그룹 이외의 공사 | AU22: 0.001
F23: (건강보험) | G23: (직접노무비) × 건강보험율 | S23: 1 | V23: 7 등급 : | W23: 토목 140억~ 7등급 미만 | Y23: 건축 130억~ 7등급 미만 | AA23: 0.0101 | AD23: 140000000000 | AE23: 1.57 | AF23: 1 | AG23: 120000000000 | AH23: 1.57 | AI23: 1
G24: =N10 -> 43989000 | J24: × | K24: =Q39 -> 3.545 | L24: = | N24: =INT((G24)*K24/100) -> 1559410 | P24: [산업안전보건관리비 요율 구분] | AD24: [산업안전보건관리비 요율표] | AM24: [건설 하도급대금지급보증비 요율표]
F25: (요양보험) | G25: (국민건강보험료) × 노인장기요양보험율 | P25: 플랜트 공사 | Q25: 플랜트 外 공사 | V25: [산업안전보건관리비 요율표] | AD25: 건축공사 | AF25: 토목공사 | AM25: 공사규모 (추정가격) | AU25: 2018년도
G26: =N24 -> 1559410 | J26: × | K26: =Q40 -> 12.95 | L26: = | N26: =INT((G26)*K26/100) -> 201943 | Q26: 1 | V26: 구분 | X26: 건축공사 요율/기초액 | Z26: 토목공사 요율/기초액 | AD26: 금액 | AE26: 요율 | AF26: 금액 | AG26: 요율 | AM26: 50억 미만 | AU26: 0.00081
P27: [공종별 추정비율 : 공급사에서 필히 현장조사 후 입찰 준비하시길 바랍니다] | V27: 2천만원 미만 | X27: 3.11 | Z27: 3.15 | AD27: 0 | AE27: 3.11 | AF27: 0 | AG27: 3.15 | AM27: 50억원～100억원 미만 | AU27: 0.0008
C28: 나) 산업안전보건관리비 | G28: =IF(P12=AE66,AF66,AF67) -> (도급재료비 ＋ 발주자재료비 ＋ 직접노무비) × 산업안전보건관리비율 ＋ 기초액 | N28: =IF(P12=AE70,AF70,AF71) -> (설비비 포함) | P28: 기계 : 100%, 전기 : 0% | V28: 2천만원~5억원 미만 | X28: 3.11 | Z28: 3.15 | AD28: 20000000 | AE28: 3.11 | AF28: 20000000 | AG28: 3.15 | AM28: 100억원～300억원 미만 | AU28: 0.00075
G29: =(N8+'전기_순공사비 내역서'!L173)*P12+Q53*Q12*0.7 -> 30423180 | H29: ＋ | I29: =N10*P12 -> 43989000 | J29: × | K29: =((IF((G29+I29)="","",VLOOKUP((G29+I29),AD27:AE31,2,1))*Q26+IF((G29+I29)="","",VLOOKUP((G29+I29),AF27:AG31,2,1))*P26)) -> 3.11 | L29: ＋ | M29: =SUMIF(Z27:Z31,K29,AA27:AA31)+SUMIF(X27:X31,K29,Y27:Y31)+SUMIF(AB27:AB31,K29,AC27:AC31) -> 0 | N29: =INT((G29+I29)*K29/100+M29) -> 2314218 | P29: [필수면허] | V29: 5억원~50억원 미만 | W29: G2(1.86%+5,349 천원) | X29: 2.28 | Y29: 4325000 | Z29: 2.53 | AA29: 3300000 | AD29: 500000000 | AE29: 2.28 | AF29: 500000000 | AG29: 2.53 | AM29: 300억원 이상 (최저가낙찰 대상공사) | AR29: - 토목및산업설비 | AU29: 0.00071
G30: =IF(P12=AE68,AF68,AF69) -> ((도급재료비 ＋ 직접노무비) × 산업안전보건관리비율 ＋ 기초액) x 1.2 | N30: =IF(P12=AE72,AF72,AF73) -> (설비비 제외) | P30: 기계공사 면허 | V30: 50억원 이상 | W30: G3(1.97%) | X30: 2.37 | Z30: 2.6 | AD30: 5000000000 | AE30: 2.37 | AF30: 5000000000 | AG30: 2.6 | AR30: - 건축 | AU30: 0.00068
G31: =N8*P12+Q53*Q12*0.7 -> 9560180 | H31: ＋ | I31: =N10*P12 -> 43989000 | J31: × | K31: =((IF((G31+I31)="","",VLOOKUP((G31+I31),AF27:AG31,2,1))*P26+IF((G31+I31)="","",VLOOKUP((G31+I31),AD27:AE31,2,1))*Q26)) -> 3.11 | L31: ＋ | M31: =SUMIF(Z27:Z31,K31,AA27:AA31)+SUMIF(X27:X31,K31,Y27:Y31)+SUMIF(AB27:AB31,K31,AC27:AC31) -> 0 | N31: =INT((G31+I31)*K31/100+M31)*1.2 -> 1998454.8 | V31: 800억원 이상 | W31: G3(1.97%) | X31: 2.64 | Z31: 2.73 | AD31: 80000000000 | AE31: 2.64 | AF31: 80000000000 | AG31: 2.73 | AM31: 턴키(대안)공사 | AU31: 0.00084
B32: 산업안전보건관리비 적용 | N32: 2589110
P33: [요율]
C34: 다) 법정경비(퇴직공제비) | G34: (직접노무비) × 퇴직공제비율 | P34: 구분 | Q34: 요율 | S34: 비고
G35: =N10 -> 43989000 | J35: × | K35: =Q42 -> 2.3 | L35: = | N35: =INT((G35)*K35/100) -> 1011747 | P35: 간접노무비 | Q35: =(IF((N8+N10+N16)="","",VLOOKUP((N8+N10+N16),AD12:AE14,2,1))*P20+IF((N8+N10+N16)="","",VLOOKUP((N8+N10+N16),AD12:AE14,2,1))*Q20+IF((N8+N10+N16)="","",VLOOKUP((N8+N10+N16),AH12:AI14,2,1))*S20+IF((N8+N10+N16)="","",VLOOKUP((N8+N10+N16),AH12:AI14,2,1))*T20+IF((P14)="","",VLOOKUP((P14),AF12:AG14,2,1))*P20+IF((P14)="","",VLOOKUP((P14),AF12:AG14,2,1))*Q20+IF((P14)="","",VLOOKUP((P14),AJ12:AK14,2,1))*S20+IF((P14)="","",VLOOKUP((P14),AJ12:AK14,2,1))*T20)/2 -> 11 | R35: %
P36: 산재보험 | Q36: 3.56 | R36: % | S36: 법정요율 | AF36: 설비비포함 | AG36: =IF(N32=N29,1,0) -> 0
C37: 라) 건설기계대여지급보증비 | G37: (도급재료비 ＋ 직접노무비 ＋ 산출경비 ) × 지급보증비율 | P37: 고용보험 | Q37: =IF((N8+N14+N16)="","",VLOOKUP((N8+N14+N16),AD17:AE23,2,1)) -> 1.01 | R37: % | S37: 법정요율 | AF37: 1.2배 | AG37: =IF(N32=N31,1,0) -> 0
G38: =N8 -> 9560180 | H38: ＋ | I38: =N10 -> 43989000 | J38: ＋ | K38: =N16 -> 20240614 | L38: × | M38: =Q43 -> 0.11 | N38: =INT((G38+I38+K38)*M38/100) -> 81168 | P38: 국민연금 | Q38: 4.5 | R38: % | S38: 법정요율
P39: 건강보험 | Q39: 3.545 | R39: % | S39: 법정요율
C40: 마) 환경보전비 | G40: (도급재료비 ＋ 직접노무비 ＋ 산출경비 ) × 지급보증비율 | P40: 요양보험 | Q40: 12.95 | R40: % | S40: 법정요율 | AF40: =Q58 -> 0 | AG40: =IF(AF40>=80000000000,1,0) -> 0
G41: =N8 -> 9560180 | H41: ＋ | I41: =N10 -> 43989000 | J41: ＋ | K41: =N16 -> 20240614 | L41: × | M41: =Q44 -> 0 | N41: =INT((G41+I41+K41)*M41/100) -> 0 | P41: 산업안전보건관리비 | Q41: =K29*AG36+K31*AG37 -> 0 | R41: % | S41: 법정요율 | AG41: =IF(AF40<80000000000,1,0) -> 1
P42: 퇴직공제비 | Q42: 2.3 | R42: % | S42: 법정요율
C43: 바) 기타경비 | G43: (도급재료비 ＋ 노무비 ＋ 대상경비 ) × 기타경비율 | P43: 지급보증비 | Q43: 0.11 | R43: % | S43: 법정요율
G44: =N8 -> 9560180 | H44: ＋ | I44: =N14 -> 48827790 | J44: ＋ | K44: =N16+N18+N20+N22+N24+N26+N32 -> 28802011 | L44: × | M44: =Q45 -> 3.72 | N44: =INT((G44+I44+K44)*M44/100) -> 3243467 | P44: 환경보전비 | Q44: 0 | R44: % | S44: 법정요율
P45: 기타경비 | Q45: 3.72 | R45: %
C46: 사) 안전인력 선임 비용 | G46: 전담안전관리자 | H46: + | I46: 생명지킴이 | P46: 일반관리비 | Q46: =(IF((N8+N14+N52)="","",VLOOKUP((N8+N14+N52),AD55:AE57,2,1)))*P17+(IF((N8+N14+N52)="","",VLOOKUP((N8+N14+N52),AF55:AG57,2,1)))*Q17 -> 5.5 | R46: %
G47: =T64 -> 0 | I47: =T65 -> 0 | N47: =INT(G47+I47) -> 0 | P47: 이윤 | Q47: 12 | R47: % | T47: 노란색 셀은 요율표를 참조하여 직접입력
C49: 아) 안전관리비(건설기술진흥법) | N49: ='전기_순공사비 내역서'!L131 -> 0
C51: 자) 품질관리비(건설기술진흥법) | N51: ='전기_순공사비 내역서'!L137 -> 0
B52: 경비 계 | N52: =SUM(N16,N18,N20,N22,N24,N26,N32,N35,N38,N41,N44,N47,N49,N51) -> 33138393 | P52: ○ 대상액 구분이 되지 않거나 현장제작설비 선택시
B53: 4. 관리비 | P53: 예산금액 | V53: [일반관리비 요율표] | AD53: [일반관리비 요율표]
C54: 가) 일반관리비 | G54: (도급재료비 ＋ 노무비 ＋ 경비 ) × 일반관리비율 | V54: 프로젝트성 투자 | Z54: 정비성 투자 | AD54: 금액 | AE54: 요율 | AF54: 금액 | AG54: 요율
G55: =N8 -> 9560180 | H55: ＋ | I55: =N14 -> 48827790 | J55: ＋ | K55: =N52 -> 33138393 | L55: × | M55: =Q46 -> 5.5 | N55: =INT((G55+I55+K55)*M55/100) -> 5033949 | P55: ○ 산업안전보건관리비 대상금액이 800억원 이상시 기재 | V55: 금액/구분 | Y55: 요율 | Z55: 금액/구분 | AC55: 요율 | AD55: 0 | AE55: 6 | AF55: 0 | AG55: 6
C56: 나) 이윤 | G56: (노무비 ＋ 경비 ＋ 일반관리비 ) × 이윤율 | P56: - 대상액 구분가능 or 완제품설비 : 공사비 예산입력 | V56: 5억원미만 | Y56: 0.06 | Z56: 5천만원미만 | AC56: 0.06 | AD56: 500000000 | AE56: 5.5 | AF56: 50000000 | AG56: 5.5
G57: =N14 -> 48827790 | H57: ＋ | I57: =K55 -> 33138393 | J57: ＋ | K57: =N55 -> 5033949 | L57: × | M57: =Q47 -> 12 | N57: =INT((G57+I57+K57)*M57/100) -> 10440015 | P57: - 대상액 구분불가 or 현장제작설비 : 설비비, 공사비 예산입력 | V57: 5억원~30억원미만 | Y57: 0.055 | Z57: 5천만원~3억원미만 | AC57: 0.055 | AD57: 3000000000 | AE57: 5 | AF57: 300000000 | AG57: 5
P58: 대상금액 예산 (800억이상시) | V58: 30억원이상 | Y58: 0.05 | Z58: 3억원이상 | AC58: 0.05
B59: 5. 도급 공사비(설치비) | G59: 도급재료비 ＋ 노무비 ＋ 경비 ＋ 일반관리비 ＋ 이윤 =
B60: 공사비 합계 | N60: =ROUNDDOWN(N8+N14+N52+N55+N57,-3) -> 107000000 | AD60: [이윤 요율표]
V61: [이윤 요율표] | AD61: 토건 | AF61: 기전
B62: ◈. 계상요령 | P62: [안전관리자/지킴이 선임비용] | V62: 금액/구분 | Y62: 토건 | Z62: 기전 | AD62: 금액 | AE62: 요율 | AF62: 금액 | AG62: 요율
C63: 1. 첨부의 <순공사비 내역서 sheet>에 공사내역을 입력 | P63: 구분 | Q63: 노임단가(원) | S63: 설계 M/D | T63: 선임비용(원) | V63: 10억원미만 | Y63: 0.15 | Z63: 0.12 | AD63: 0 | AE63: 15 | AF63: 0 | AG63: 12
C64: - 도급재료비(노란색 부분)에 공사용 자재 내역을 정확히 입력 | P64: 전담안전관리자 | Q64: 300980 | T64: =Q64*S64 -> 0 | V64: 10억원~30억원미만 | Y64: 0.14 | Z64: 0.11 | AD64: 1000000000 | AE64: 14 | AF64: 1000000000 | AG64: 11
C65: - 직접노무비(노란색 부분)를 입력 ☞ 내역을 맞추기가 어려운 경우 1식으로 입력 | P65: 생명지킴이 | Q65: 183567 | T65: =Q65*S65 -> 0
C66: - 경비(노란색부분)에 토건노무비 + 도장노무비의 합계금액을 입력 | AE66: 1 | AF66: (도급재료비 ＋ 발주자재료비 ＋ 직접노무비) × 산업안전보건관리비율 ＋ 기초액
C67: - 설비비(노란색부분)에 설비 내역을 입력 | AF67: 계약금액 X 70% X 산업안전보건관리비 요율 + 기초액
C68: 2. 첨부의 <제경비내역서 sheet>에 공사기간, 공사구분, 이윤 입력 | AE68: 1 | AF68: ((도급재료비 ＋ 직접노무비) × 산업안전보건관리비율 ＋ 기초액) x 1.2
C69: - 공사기간(노란색부분)은 숫자로 입력 | AF69: 계약금액 X 70% X 산업안전보건관리비 요율 + 기초액
C70: - 공사구분(노란색부분)은 토목, 건축, 기계, 전기 중 택일하여 숫자 "1" 입력 | AE70: 1 | AF70: (설비비 포함)
C71: * 기계, 전기가 둘다 포함된 공사인 경우 기계에 숫자 "1" 입력 | AF71: -
C72: - 지급보증비, 환경보전비(노란색부분) 입력 | AE72: 1 | AF72: (설비비 제외)
C73: * 지급보증비는 종합건설업자인 경우 0.13%, 전문건설업자인 경우 0.11% 입력 | AF73: -
C74: * 환경보전비는 0.4% 입력 (단, 전기,정보통신,소방공사는 0 입력)
C75: - 이윤(노란색부분) 입력
C76: 3. <제경비내역서 sheet>의 도급공사비(설치비) 계와 계약서上 Installation 금액이 동일한지 확인
C77: ☞ 금액이 다르다면 기입력한 노란색 부분을 수정하여 금액을 맞춰야 함)
C78: 4. 당사와 협의없이 시트 임의 수정시 제재의뢰가 가능하며 공급사의 임의수정으로 인한 과태료 등 직간접 피해에 대해 청구되니 임의수정을 금함.

Sheet 전기_순공사비 내역서
B1: ○ 계약건명 : | E1: ='전기_제경비 내역서'!E3:N3 -> 포)3FINEX 수처리 RTO 소각로 노후교체
B2: ○ 시공사 : | E2: ㈜플랜텍
B3: 순 공 사 비 내 역 서
B4: 구 분 | G4: 품명 | H4: 세부규격 | I4: 단 위 | J4: 수 량 | K4: 단 가 | L4: 금 액 | M4: 비 고
B5: 사 업 명 :
B6: 1. 도급 재료비
G7: RTO 소각로 전기설비 | H7: Local Box, Cable, Cable Tray 등 | I7: LOT | J7: 1 | K7: 9560180 | L7: =J7*K7 -> 9560180
L8: =J8*K8 -> 0
L9: =J9*K9 -> 0
L10: =J10*K10 -> 0
L11: =J11*K11 -> 0
L12: =J12*K12 -> 0
L13: =J13*K13 -> 0
L14: =J14*K14 -> 0
L15: =J15*K15 -> 0
L16: =J16*K16 -> 0
L17: =J17*K17 -> 0
L18: =J18*K18 -> 0
L19: =J19*K19 -> 0
... L25: =J25*K25 -> 0
L26: =INT(J26*K26) -> 0
L27: =INT(J27*K27) -> 0
L28: =INT(J28*K28) -> 0
L29: =INT(J29*K29) -> 0
L30: =INT(J30*K30) -> 0
L31: =INT(J31*K31) -> 0
L32: =INT(J32*K32) -> 0
L33: =INT(J33*K33) -> 0
L34: =INT(J34*K34) -> 0
L35: =INT(J35*K35) -> 0
L36: =INT(J36*K36) -> 0
L37: =INT(J37*K37) -> 0
... L54: =INT(J54*K54) -> 0
B55: 재료비 계 | L55: =SUM(L7:L54) -> 9560180
B56: 2. 직접노무비
G57: RTO 소각로 전기설비 이설 | H57: Local Box 이설, Cable 포설, Cable Tray 설치 등 | I57: LOT | J57: 1 | K57: 43989000 | L57: =INT(J57*K57) -> 43989000
L59: =INT(J59*K59) -> 0
L60: =INT(J60*K60) -> 0
L61: =INT(J61*K61) -> 0
L62: =INT(J62*K62) -> 0
L63: =INT(J63*K63) -> 0
L64: =INT(J64*K64) -> 0
L65: =INT(J65*K65) -> 0
L66: =INT(J66*K66) -> 0
L67: =INT(J67*K67) -> 0
L68: =INT(J68*K68) -> 0
L69: =INT(J69*K69) -> 0
L70: =INT(J70*K70) -> 0
... L104: =INT(J104*K104) -> 0
B105: 직접노무비 계 | L105: =SUM(L57:L104) -> 43989000
B106: 3. 경비
B107: 기계경비
G108: RTO 소각로 전기설비 이설 | H108: Local Box 이설, Cable 포설, Cable Tray 설치 등 | I108: LOT | J108: 1 | K108: 18920944 | L108: =INT(J108*K108) -> 18920944
L109: =INT(J109*K109) -> 0
L110: =INT(J110*K110) -> 0
L111: =INT(J111*K111) -> 0
L112: =INT(J112*K112) -> 0
L113: =INT(J113*K113) -> 0
L114: =INT(J114*K114) -> 0
L115: =INT(J115*K115) -> 0
L116: =INT(J116*K116) -> 0
L117: =INT(J117*K117) -> 0
L118: =INT(J118*K118) -> 0
L119: =INT(J119*K119) -> 0
L120: =INT(J120*K120) -> 0
... L122: =INT(J122*K122) -> 0
B123: 일반경장비,공구 손료 | H123: 직접노무비(C할증 제외)-(토건노무비+도장노무비)의 3%
F124: ( | H124: =L105 -> 43989000 | I124: - | J124: 0 | L124: ) × 0.03 = | M124: =INT((H124-J124)*0.03) -> 1319670
B125: 경비 계 | L125: =SUM(L108:L122,M124) -> 20240614
B126: 4. 안전관리비
L127: =INT(J127*K127) -> 0
L128: =INT(J128*K128) -> 0
L129: =INT(J129*K129) -> 0
L130: =INT(J130*K130) -> 0
B131: 안전관리비 계 | L131: =SUM(L127:L130) -> 0
B132: 5. 품질관리비
L133: =INT(J133*K133) -> 0
A134: i | L134: =INT(J134*K134) -> 0
L135: =INT(J135*K135) -> 0
L136: =INT(J136*K136) -> 0
B137: 품질관리비 계 | L137: =SUM(L133:L136) -> 0
B138: 순공사비 계 | L138: =L55+L105+L125+L131+L137 -> 73789794
B139: 4. 설비비
G142: 전기설비 | H142: PLC & HMI 개조 | I142: 식 | J142: 1 | K142: 20863000 | L142: =INT(J142*K142) -> 20863000
L143: =INT(J143*K143) -> 0
L144: =INT(J144*K144) -> 0
L145: =INT(J145*K145) -> 0
L146: =INT(J146*K146) -> 0
L147: =INT(J147*K147) -> 0
L148: =INT(J148*K148) -> 0
L149: =INT(J149*K149) -> 0
L150: =INT(J150*K150) -> 0
L151: =INT(J151*K151) -> 0
L152: =INT(J152*K152) -> 0
L153: =INT(J153*K153) -> 0
L154: =INT(J154*K154) -> 0
... L172: =INT(J172*K172) -> 0
B173: 설비비 계 | L173: =SUM(L140:L172) -> 20863000

Sheet 토건_제경비 내역서
B1: '25. 01. 01.부 시행 | Q1: 투자부서에서는 파란색 점선영역과 순공사비내역서 노란색 영역을 기입하여 구매부서로 구매의뢰시 첨부 (File Naming Rule : YYMMDD_부서명_제경비내역서 초안_투자명)
Q2: 산업안전보건관리비를 산출하여 구매부서로 구매의뢰시 첨부 (File Naming Rule : YYMMDD_부서명_제경비내역서 초안_투자명)
B3: ○ 계약건명 : | E3: 포)3FINEX 수처리 RTO 소각로 노후교체 | Q3: 공급사에서 노란색셀에 Data를 제경비요율표 및 가이드라인 확인 후 입력
B4: 제 경 비(설치비) 내 역 서 | P4: 1. 산업안전보건관리비 계산산식 : 대상액 구분 가능여부와 현장 제작설비 여부에 따른 구분, 해당부분에만 숫자 1입력
B5: 구 분 | G5: 계산근거 | N5: 공사비 | P5: 2. 공사기간 : 해당 공사기간입력
B6: 사 업 명 : | P6: 3. 공사구분 : 해당 공사구분에만 숫자 1 입력 (ex) 기계,전기, 토목, 건축 등 복합공종인 경우 주공종 1개에만 숫자 1입력)
B7: 1. 도급 재료비 | P7: 4. 요율 : 제경비 요율표를 참조하여 해당 건설하도급대금지급보증비 요율과 건설기계대여금 지급보증비 요율 합해 %를 제외한 숫자 셋째짜리까지 기입
B8: 재료비 계 | N8: ='토건_순공사비 내역서'!L55 -> 14750000 | P8: 5. 환경보전비 0.4% 고정(단, 전기,정보통신,소방공사는 0 입력)
B9: 2. 노무비 | V9: [간접노무비 요율표] | AD9: [간접노무비 요율표]
C10: 가) 직접노무비 | N10: ='토건_순공사비 내역서'!L107 -> 34484213 | P10: [산업안전보건관리비 계산산식] | V10: 금액/개월 | Y10: 토목,건축 | AA10: 기계,전기 | AD10: 토목,건축 | AH10: 기계,전기
C11: 나) 간접노무비 | G11: (직접노무비) × 간접노무비율 | P11: 대상액 구분가능 or 완제품설비 | Q11: 대상액 구분불가 or 현장제작설비 | Y11: 금액 | Z11: 기간 | AA11: 금액 | AB11: 기간 | AD11: 금액 | AE11: 요율 | AF11: 기간 | AG11: 요율 | AH11: 금액 | AI11: 요율 | AJ11: 기간 | AK11: 요율 | AM11: [건설기계대여지급보증비 요율표]
G12: =N10 -> 34484213 | J12: × | K12: =Q35 -> 11 | L12: = | N12: =INT((G12)*K12/100) -> 3793263 | P12: 1 | V12: 5억원미만 / 6개월미만 | Y12: 0.15 | Z12: 0.13 | AA12: 0.12 | AB12: 0.1 | AD12: 0 | AE12: 15 | AF12: 0 | AG12: 13 | AH12: 0 | AI12: 12 | AJ12: 0 | AK12: 10 | AM12: 1. 발주자와 종합건설업자가 계약시 적용요율
P13: [공사기간] | V13: 5억원~20억원미만 / 6~18개월 | Y13: 0.14 | Z13: 0.14 | AA13: 0.11 | AB13: 0.11 | AD13: 500000000 | AE13: 14 | AF13: 6 | AG13: 14 | AH13: 500000000 | AI13: 11 | AJ13: 6 | AK13: 11 | AM13: 토목공사(토목·건축공사 포함) | AU13: 0.004
B14: 노무비 계 | N14: =SUM(N10,N12) -> 38277476 | P14: 3 | Q14: 개월 | V14: 20억원이상 / 18개월이상 | Y14: 0.13 | Z14: 0.15 | AA14: 0.1 | AB14: 0.12 | AD14: 2000000000 | AE14: 13 | AF14: 18 | AG14: 15 | AH14: 2000000000 | AI14: 10 | AJ14: 18 | AK14: 12 | AM14: 건축공사 | AU14: 0.0007
B15: 3. 경비 | P15: [투자구분] | V15: [고용보험료 요율표] | AD15: [고용보험료 요율표] | AE15: 토건 | AG15: 건축 | AM15: 산업·환경설비공사 | AU15: 0.0016
B16: 경비 | N16: ='토건_순공사비 내역서'!L127 -> 10272271 | P16: 프로젝트성 | Q16: 정비성 | V16: 등 급 별 (추정금액) (단위 : 미만 ~ 이상) | AA16: 2024년도 | AD16: 금액 | AE16: 요율 | AF16: 등급 | AG16: 금액 | AH16: 요율 | AI16: 등급 | AM16: 조경공사 | AU16: 0.0018
C17: 가) 보험료 (산재보험) | G17: (직접노무비 ＋ 간접노무비) × 산재보험율 | Q17: 1 | V17: 1 등급 : | W17: 토목 1400억이상 | Y17: 건축 1200억 이상 | AA17: 0.0157 | AD17: 0 | AE17: 1.01 | AF17: 7 | AG17: 0 | AH17: 1.01 | AI17: 7 | AM17: 2. 발주자와 전문건설업자가 계약시 적용요율
G18: =N10 -> 34484213 | H18: ＋ | I18: =N12 -> 3793263 | J18: × | K18: =Q36 -> 3.56 | L18: = | N18: =INT((G18+I18)*K18/100) -> 1362678 | P18: [공사구분 : 공사비] | V18: 2 등급 : | W18: 토목 1400억~900억 | Y18: 건축 1200억~900억 | AA18: 0.013 | AD18: 14000000000 | AE18: 1.02 | AF18: 6 | AG18: 13000000000 | AH18: 1.02 | AI18: 6 | AM18: A 그룹 : | AN18: 준설공사, 포장공사, 토공사, 비계·구조물해체공사 | AU18: 0.0068
F19: (고용보험) | G19: (직접노무비 ＋ 간접노무비) × 고용보험율 | P19: 토목 | Q19: 건축 | S19: 기계 | T19: 전기 | V19: 3 등급 : | W19: 토목 900억~570억 | Y19: 건축 800억~520억 | AA19: 0.0113 | AD19: 22000000000 | AE19: 1.03 | AF19: 5 | AG19: 21000000000 | AH19: 1.03 | AI19: 5 | AM19: B 그룹 : | AN19: 상·하수도설비공사, 수중공사, 보링·그라우팅공사 | AU19: 0.0051
G20: =N10 -> 34484213 | H20: ＋ | I20: =N12 -> 3793263 | J20: × | K20: =Q37 -> 1.01 | L20: = | N20: =INT((G20+I20)*K20/100) -> 386602 | S20: 1 | V20: 4 등급 : | W20: 토목 570억~370억 | Y20: 건축 520억~340억 | AA20: 0.01063 | AD20: 37000000000 | AE20: 1.06 | AF20: 4 | AG20: 34000000000 | AH20: 1.06 | AI20: 4 | AM20: C 그룹 : | AN20: 석공사, 시설물유지관리, 철근·콘크리트공사, 가스시설공사(1종) | AU20: 0.0032
F21: (국민연금) | G21: (직접노무비) × 국민연금율 | P21: [공사구분 : 공사비+설비비] | V21: 5 등급 : | W21: 토목 370억~220억 | Y21: 건축 340억~210억 | AA21: 0.0103 | AD21: 57000000000 | AE21: 1.13 | AF21: 3 | AG21: 52000000000 | AH21: 1.13 | AI21: 3 | AM21: D 그룹 : | AN21: 조경시설물설치, 조경식재, 도장공사, 철도궤도, 철강재설치공사 | AU21: 0.0016
G22: =N10 -> 34484213 | J22: × | K22: =Q38 -> 4.5 | L22: = | N22: =INT((G22)*K22/100) -> 1551789 | P22: 토목 | Q22: 건축 | S22: 기계 | T22: 전기 | V22: 6 등급 : | W22: 토목 220억~140억 | Y22: 건축 210억~130억 | AA22: 0.0102 | AD22: 90000000000 | AE22: 1.3 | AF22: 2 | AG22: 80000000000 | AH22: 1.3 | AI22: 2 | AM22: E 그룹 : | AN22: A그룹～D그룹 이외의 공사 | AU22: 0.001
F23: (건강보험) | G23: (직접노무비) × 건강보험율 | S23: 1 | V23: 7 등급 : | W23: 토목 140억~ 7등급 미만 | Y23: 건축 130억~ 7등급 미만 | AA23: 0.0101 | AD23: 140000000000 | AE23: 1.57 | AF23: 1 | AG23: 120000000000 | AH23: 1.57 | AI23: 1
G24: =N10 -> 34484213 | J24: × | K24: =Q39 -> 3.545 | L24: = | N24: =INT((G24)*K24/100) -> 1222465 | P24: [산업안전보건관리비 요율 구분] | AD24: [산업안전보건관리비 요율표] | AM24: [건설 하도급대금지급보증비 요율표]
F25: (요양보험) | G25: (국민건강보험료) × 노인장기요양보험율 | P25: 플랜트 공사 | Q25: 플랜트 外 공사 | V25: [산업안전보건관리비 요율표] | AD25: 건축공사 | AF25: 토목공사 | AM25: 공사규모 (추정가격) | AU25: 2018년도
G26: =N24 -> 1222465 | J26: × | K26: =Q40 -> 12.95 | L26: = | N26: =INT((G26)*K26/100) -> 158309 | Q26: 1 | V26: 구분 | X26: 건축공사 요율/기초액 | Z26: 토목공사 요율/기초액 | AD26: 금액 | AE26: 요율 | AF26: 금액 | AG26: 요율 | AM26: 50억 미만 | AU26: 0.00081
P27: [공종별 추정비율 : 공급사에서 필히 현장조사 후 입찰 준비하시길 바랍니다] | V27: 2천만원 미만 | X27: 3.11 | Z27: 3.15 | AD27: 0 | AE27: 3.11 | AF27: 0 | AG27: 3.15 | AM27: 50억원～100억원 미만 | AU27: 0.0008
C28: 나) 산업안전보건관리비 | G28: =IF(P12=AE66,AF66,AF67) -> (도급재료비 ＋ 발주자재료비 ＋ 직접노무비) × 산업안전보건관리비율 ＋ 기초액 | N28: =IF(P12=AE70,AF70,AF71) -> (설비비 포함) | P28: 기계 : 100%, 전기 : 0% | V28: 2천만원~5억원 미만 | X28: 3.11 | Z28: 3.15 | AD28: 20000000 | AE28: 3.11 | AF28: 20000000 | AG28: 3.15 | AM28: 100억원～300억원 미만 | AU28: 0.00075
G29: =(N8+'토건_순공사비 내역서'!L175)*P12+Q53*Q12*0.7 -> 14750000 | H29: ＋ | I29: =N10*P12 -> 34484213 | J29: × | K29: =((IF((G29+I29)="","",VLOOKUP((G29+I29),AD27:AE31,2,1))*Q26+IF((G29+I29)="","",VLOOKUP((G29+I29),AF27:AG31,2,1))*P26)) -> 3.11 | L29: ＋ | M29: =SUMIF(Z27:Z31,K29,AA27:AA31)+SUMIF(X27:X31,K29,Y27:Y31)+SUMIF(AB27:AB31,K29,AC27:AC31) -> 0 | N29: =INT((G29+I29)*K29/100+M29) -> 1531184 | P29: [필수면허] | V29: 5억원~50억원 미만 | W29: G2(1.86%+5,349 천원) | X29: 2.28 | Y29: 4325000 | Z29: 2.53 | AA29: 3300000 | AD29: 500000000 | AE29: 2.28 | AF29: 500000000 | AG29: 2.53 | AM29: 300억원 이상 (최저가낙찰 대상공사) | AR29: - 토목및산업설비 | AU29: 0.00071
G30: =IF(P12=AE68,AF68,AF69) -> ((도급재료비 ＋ 직접노무비) × 산업안전보건관리비율 ＋ 기초액) x 1.2 | N30: =IF(P12=AE72,AF72,AF73) -> (설비비 제외) | P30: 기계공사 면허 | V30: 50억원 이상 | W30: G3(1.97%) | X30: 2.37 | Z30: 2.6 | AD30: 5000000000 | AE30: 2.37 | AF30: 5000000000 | AG30: 2.6 | AR30: - 건축 | AU30: 0.00068
G31: =N8*P12+Q53*Q12*0.7 -> 14750000 | H31: ＋ | I31: =N10*P12 -> 34484213 | J31: × | K31: =((IF((G31+I31)="","",VLOOKUP((G31+I31),AF27:AG31,2,1))*P26+IF((G31+I31)="","",VLOOKUP((G31+I31),AD27:AE31,2,1))*Q26)) -> 3.11 | L31: ＋ | M31: =SUMIF(Z27:Z31,K31,AA27:AA31)+SUMIF(X27:X31,K31,Y27:Y31)+SUMIF(AB27:AB31,K31,AC27:AC31) -> 0 | N31: =INT((G31+I31)*K31/100+M31)*1.2 -> 1837420.8 | V31: 800억원 이상 | W31: G3(1.97%) | X31: 2.64 | Z31: 2.73 | AD31: 80000000000 | AE31: 2.64 | AF31: 80000000000 | AG31: 2.73 | AM31: 턴키(대안)공사 | AU31: 0.00084
B32: 산업안전보건관리비 적용 | N32: 2358340
P33: [요율]
C34: 다) 법정경비(퇴직공제비) | G34: (직접노무비) × 퇴직공제비율 | P34: 구분 | Q34: 요율 | S34: 비고
G35: =N10 -> 34484213 | J35: × | K35: =Q42 -> 2.3 | L35: = | N35: =INT((G35)*K35/100) -> 793136 | P35: 간접노무비 | Q35: =(IF((N8+N10+N16)="","",VLOOKUP((N8+N10+N16),AD12:AE14,2,1))*P20+IF((N8+N10+N16)="","",VLOOKUP((N8+N10+N16),AD12:AE14,2,1))*Q20+IF((N8+N10+N16)="","",VLOOKUP((N8+N10+N16),AH12:AI14,2,1))*S20+IF((N8+N10+N16)="","",VLOOKUP((N8+N10+N16),AH12:AI14,2,1))*T20+IF((P14)="","",VLOOKUP((P14),AF12:AG14,2,1))*P20+IF((P14)="","",VLOOKUP((P14),AF12:AG14,2,1))*Q20+IF((P14)="","",VLOOKUP((P14),AJ12:AK14,2,1))*S20+IF((P14)="","",VLOOKUP((P14),AJ12:AK14,2,1))*T20)/2 -> 11 | R35: %
P36: 산재보험 | Q36: 3.56 | R36: % | S36: 법정요율 | AF36: 설비비포함 | AG36: =IF(N32=N29,1,0) -> 0
C37: 라) 건설기계대여지급보증비 | G37: (도급재료비 ＋ 직접노무비 ＋ 산출경비 ) × 지급보증비율 | P37: 고용보험 | Q37: =IF((N8+N14+N16)="","",VLOOKUP((N8+N14+N16),AD17:AE23,2,1)) -> 1.01 | R37: % | S37: 법정요율 | AF37: 1.2배 | AG37: =IF(N32=N31,1,0) -> 0
G38: =N8 -> 14750000 | H38: ＋ | I38: =N10 -> 34484213 | J38: ＋ | K38: =N16 -> 10272271 | L38: × | M38: =Q43 -> 0.11 | N38: =INT((G38+I38+K38)*M38/100) -> 65457 | P38: 국민연금 | Q38: 4.5 | R38: % | S38: 법정요율
P39: 건강보험 | Q39: 3.545 | R39: % | S39: 법정요율
C40: 마) 환경보전비 | G40: (도급재료비 ＋ 직접노무비 ＋ 산출경비 ) × 지급보증비율 | P40: 요양보험 | Q40: 12.95 | R40: % | S40: 법정요율 | AF40: =Q58 -> 0 | AG40: =IF(AF40>=80000000000,1,0) -> 0
G41: =N8 -> 14750000 | H41: ＋ | I41: =N10 -> 34484213 | J41: ＋ | K41: =N16 -> 10272271 | L41: × | M41: =Q44 -> 0 | N41: =INT((G41+I41+K41)*M41/100) -> 0 | P41: 산업안전보건관리비 | Q41: =K29*AG36+K31*AG37 -> 0 | R41: % | S41: 법정요율 | AG41: =IF(AF40<80000000000,1,0) -> 1
P42: 퇴직공제비 | Q42: 2.3 | R42: % | S42: 법정요율
C43: 바) 기타경비 | G43: (도급재료비 ＋ 노무비 ＋ 대상경비 ) × 기타경비율 | P43: 지급보증비 | Q43: 0.11 | R43: % | S43: 법정요율
G44: =N8 -> 14750000 | H44: ＋ | I44: =N14 -> 38277476 | J44: ＋ | K44: =N16+N18+N20+N22+N24+N26+N32 -> 17312454 | L44: × | M44: =Q45 -> 3.72 | N44: =INT((G44+I44+K44)*M44/100) -> 2616645 | P44: 환경보전비 | Q44: 0 | R44: % | S44: 법정요율
P45: 기타경비 | Q45: 3.72 | R45: %
C46: 사) 안전인력 선임 비용 | G46: 전담안전관리자 | H46: + | I46: 생명지킴이 | P46: 일반관리비 | Q46: =(IF((N8+N14+N52)="","",VLOOKUP((N8+N14+N52),AD55:AE57,2,1)))*P17+(IF((N8+N14+N52)="","",VLOOKUP((N8+N14+N52),AF55:AG57,2,1)))*Q17 -> 5.5 | R46: %
G47: =T64 -> 0 | I47: =T65 -> 0 | N47: =INT(G47+I47) -> 0 | P47: 이윤 | Q47: 12 | R47: % | T47: 노란색 셀은 요율표를 참조하여 직접입력
C49: 아) 안전관리비(건설기술진흥법) | N49: ='토건_순공사비 내역서'!L133 -> 0
C51: 자) 품질관리비(건설기술진흥법) | N51: ='토건_순공사비 내역서'!L139 -> 0
B52: 경비 계 | N52: =SUM(N16,N18,N20,N22,N24,N26,N32,N35,N38,N41,N44,N47,N49,N51) -> 20787692 | P52: ○ 대상액 구분이 되지 않거나 현장제작설비 선택시
B53: 4. 관리비 | P53: 예산금액 | V53: [일반관리비 요율표] | AD53: [일반관리비 요율표]
C54: 가) 일반관리비 | G54: (도급재료비 ＋ 노무비 ＋ 경비 ) × 일반관리비율 | V54: 프로젝트성 투자 | Z54: 정비성 투자 | AD54: 금액 | AE54: 요율 | AF54: 금액 | AG54: 요율
G55: =N8 -> 14750000 | H55: ＋ | I55: =N14 -> 38277476 | J55: ＋ | K55: =N52 -> 20787692 | L55: × | M55: =Q46 -> 5.5 | N55: =INT((G55+I55+K55)*M55/100) -> 4059834 | P55: ○ 산업안전보건관리비 대상금액이 800억원 이상시 기재 | V55: 금액/구분 | Y55: 요율 | Z55: 금액/구분 | AC55: 요율 | AD55: 0 | AE55: 6 | AF55: 0 | AG55: 6
C56: 나) 이윤 | G56: (노무비 ＋ 경비 ＋ 일반관리비 ) × 이윤율 | P56: - 대상액 구분가능 or 완제품설비 : 공사비 예산입력 | V56: 5억원미만 | Y56: 0.06 | Z56: 5천만원미만 | AC56: 0.06 | AD56: 500000000 | AE56: 5.5 | AF56: 50000000 | AG56: 5.5
G57: =N14 -> 38277476 | H57: ＋ | I57: =K55 -> 20787692 | J57: ＋ | K57: =N55 -> 4059834 | L57: × | M57: =Q47 -> 12 | N57: =INT((G57+I57+K57)*M57/100) -> 7575000 | P57: - 대상액 구분불가 or 현장제작설비 : 설비비, 공사비 예산입력 | V57: 5억원~30억원미만 | Y57: 0.055 | Z57: 5천만원~3억원미만 | AC57: 0.055 | AD57: 3000000000 | AE57: 5 | AF57: 300000000 | AG57: 5
P58: 대상금액 예산 (800억이상시) | V58: 30억원이상 | Y58: 0.05 | Z58: 3억원이상 | AC58: 0.05
B59: 5. 도급 공사비(설치비) | G59: 도급재료비 ＋ 노무비 ＋ 경비 ＋ 일반관리비 ＋ 이윤 =
B60: 공사비 합계 | N60: =ROUNDDOWN(N8+N14+N52+N55+N57,-3) -> 85450000 | AD60: [이윤 요율표]
V61: [이윤 요율표] | AD61: 토건 | AF61: 기전
B62: ◈. 계상요령 | P62: [안전관리자/지킴이 선임비용] | V62: 금액/구분 | Y62: 토건 | Z62: 기전 | AD62: 금액 | AE62: 요율 | AF62: 금액 | AG62: 요율
C63: 1. 첨부의 <순공사비 내역서 sheet>에 공사내역을 입력 | P63: 구분 | Q63: 노임단가(원) | S63: 설계 M/D | T63: 선임비용(원) | V63: 10억원미만 | Y63: 0.15 | Z63: 0.12 | AD63: 0 | AE63: 15 | AF63: 0 | AG63: 12
C64: - 도급재료비(노란색 부분)에 공사용 자재 내역을 정확히 입력 | P64: 전담안전관리자 | Q64: 300980 | S64: 0 | T64: =Q64*S64 -> 0 | V64: 10억원~30억원미만 | Y64: 0.14 | Z64: 0.11 | AD64: 1000000000 | AE64: 14 | AF64: 1000000000 | AG64: 11
C65: - 직접노무비(노란색 부분)를 입력 ☞ 내역을 맞추기가 어려운 경우 1식으로 입력 | P65: 생명지킴이 | Q65: 183567 | T65: =Q65*S65 -> 0
C66: - 경비(노란색부분)에 토건노무비 + 도장노무비의 합계금액을 입력 | AE66: 1 | AF66: (도급재료비 ＋ 발주자재료비 ＋ 직접노무비) × 산업안전보건관리비율 ＋ 기초액
C67: - 설비비(노란색부분)에 설비 내역을 입력 | AF67: 계약금액 X 70% X 산업안전보건관리비 요율 + 기초액
C68: 2. 첨부의 <제경비내역서 sheet>에 공사기간, 공사구분, 이윤 입력 | AE68: 1 | AF68: ((도급재료비 ＋ 직접노무비) × 산업안전보건관리비율 ＋ 기초액) x 1.2
C69: - 공사기간(노란색부분)은 숫자로 입력 | AF69: 계약금액 X 70% X 산업안전보건관리비 요율 + 기초액
C70: - 공사구분(노란색부분)은 토목, 건축, 기계, 전기 중 택일하여 숫자 "1" 입력 | AE70: 1 | AF70: (설비비 포함)
C71: * 기계, 전기가 둘다 포함된 공사인 경우 기계에 숫자 "1" 입력 | AF71: -
C72: - 지급보증비, 환경보전비(노란색부분) 입력 | AE72: 1 | AF72: (설비비 제외)
C73: * 지급보증비는 종합건설업자인 경우 0.13%, 전문건설업자인 경우 0.11% 입력 | AF73: -
C74: * 환경보전비는 0.4% 입력 (단, 전기,정보통신,소방공사는 0 입력)
C75: - 이윤(노란색부분) 입력
C76: 3. <제경비내역서 sheet>의 도급공사비(설치비) 계와 계약서上 Installation 금액이 동일한지 확인
C77: ☞ 금액이 다르다면 기입력한 노란색 부분을 수정하여 금액을 맞춰야 함)
C78: 4. 당사와 협의없이 시트 임의 수정시 제재의뢰가 가능하며 공급사의 임의수정으로 인한 과태료 등 직간접 피해에 대해 청구되니 임의수정을 금함.

Sheet 토건_순공사비 내역서
B1: ○ 계약건명 : | E1: ='토건_제경비 내역서'!E3:N3 -> 포)3FINEX 수처리 RTO 소각로 노후교체
B2: ○ 시공사 : | E2: ㈜플랜텍
B3: 순 공 사 비 내 역 서
B4: 구 분 | G4: 품명 | H4: 세부규격 | I4: 단 위 | J4: 수 량 | K4: 단 가 | L4: 금 액 | M4: 비 고
B5: 사 업 명 :
B6: 1. 도급 재료비
G7: 토목공사 | H7: 철근, Remicon외 | I7: LOT | J7: 1 | K7: 14750000 | L7: =INT(J7*K7) -> 14750000
L8: =INT(J8*K8) -> 0
L9: =INT(J9*K9) -> 0
L10: =INT(J10*K10) -> 0
L11: =INT(J11*K11) -> 0
L12: =INT(J12*K12) -> 0
L13: =INT(J13*K13) -> 0
L14: =INT(J14*K14) -> 0
L15: =INT(J15*K15) -> 0
L16: =INT(J16*K16) -> 0
L17: =INT(J17*K17) -> 0
L18: =INT(J18*K18) -> 0
L19: =INT(J19*K19) -> 0
... L54: =INT(J54*K54) -> 0
B55: 재료비 계 | L55: =SUM(L7:L54) -> 14750000
B56: 2. 직접노무비
G57: 토목공사 | H57: 토공 (운반거리 L=20.0km) | I57: ㎥ | J57: 17.6112 | K57: 28768 | L57: =INT(J57*K57) -> 506639
H58: 건설폐토석 | I58: Ton | J58: 15.85008 | K58: 110358 | L58: =INT(J58*K58) -> 1749183
H59: 철근 현장가공조립(각종) | I59: Ton | J59: 6.3762612 | K59: 787520 | L59: =INT(J59*K59) -> 5021433
H60: 콘크리트(각종) | I60: ㎥ | J60: 73.0512 | K60: 91581 | L60: =INT(J60*K60) -> 6690101
H61: 거푸집(각종) | I61: ㎡ | J61: 40.8528 | K61: 75657 | L61: =INT(J61*K61) -> 3090800
H62: 구체철거(CONC + ASCON) | I62: ㎥ | J62: 75.1392 | K62: 78751 | L62: =INT(J62*K62) -> 5917287
H63: 포장(ASCON T=10) | I63: Ar | J63: 1.428336 | K63: 3215406 | L63: =INT(J63*K63) -> 4592680
H64: 철물제작설치 (각 종) | I64: Ton | J64: 1.3423751 | K64: 5152130 | L64: =INT(J64*K64) -> 6916090
L65: =INT(J65*K65) -> 0
L66: =INT(J66*K66) -> 0
L67: =INT(J67*K67) -> 0
L68: =INT(J68*K68) -> 0
L69: =INT(J69*K69) -> 0
L70: =INT(J70*K70) -> 0
L71: =INT(J71*K71) -> 0
L72: =INT(J72*K72) -> 0
L73: =INT(J73*K73) -> 0
L74: =INT(J74*K74) -> 0
L75: =INT(J75*K75) -> 0
L76: =INT(J76*K76) -> 0
... L106: =INT(J106*K106) -> 0
B107: 직접노무비 계 | L107: =SUM(L57:L106) -> 34484213
B108: 3. 경비
B109: 기계경비
G110: 토목공사 | H110: 가설 컨테이너외 | I110: LOT | J110: 1 | K110: 9237745 | L110: =INT(J110*K110) -> 9237745
L111: =INT(J111*K111) -> 0
L112: =INT(J112*K112) -> 0
L113: =INT(J113*K113) -> 0
L114: =INT(J114*K114) -> 0
L115: =INT(J115*K115) -> 0
L116: =INT(J116*K116) -> 0
L117: =INT(J117*K117) -> 0
L118: =INT(J118*K118) -> 0
L119: =INT(J119*K119) -> 0
L120: =INT(J120*K120) -> 0
L121: =INT(J121*K121) -> 0
L122: =INT(J122*K122) -> 0
... L124: =INT(J124*K124) -> 0
B125: 일반경장비,공구 손료 | H125: 직접노무비(C할증 제외)-(토건노무비+도장노무비)의 3%
F126: ( | H126: =L107 -> 34484213 | I126: - | J126: 0 | L126: ) × 0.03 = | M126: =INT((H126-J126)*0.03) -> 1034526
B127: 경비 계 | L127: =SUM(L110:L124,M126) -> 10272271
B128: 4. 안전관리비
L129: =INT(J129*K129) -> 0
L130: =INT(J130*K130) -> 0
L131: =INT(J131*K131) -> 0
L132: =INT(J132*K132) -> 0
B133: 안전관리비 계 | L133: =SUM(L129:L132) -> 0
B134: 5. 품질관리비
L135: =INT(J135*K135) -> 0
A136: i | L136: =INT(J136*K136) -> 0
L137: =INT(J137*K137) -> 0
L138: =INT(J138*K138) -> 0
B139: 품질관리비 계 | L139: =SUM(L135:L138) -> 0
B140: 순공사비 계 | L140: =L55+L107+L127+L133+L139 -> 59506484
B141: 4. 설비비
L144: =INT(J144*K144) -> 0
L145: =INT(J145*K145) -> 0
L146: =INT(J146*K146) -> 0
L147: =INT(J147*K147) -> 0
L148: =INT(J148*K148) -> 0
L149: =INT(J149*K149) -> 0
L150: =INT(J150*K150) -> 0
L151: =INT(J151*K151) -> 0
L152: =INT(J152*K152) -> 0
L153: =INT(J153*K153) -> 0
L154: =INT(J154*K154) -> 0
L155: =INT(J155*K155) -> 0
... L174: =INT(J174*K174) -> 0
B175: 설비비 계 | L175: =SUM(L142:L174) -> 0

Sheet 견적서_포스코이앤씨

Sheet 제경비사용실적 제출표지
A1: 공사명 : (포항)~~ (계약명으로 수정)
A2: 제경비 사용실적 | O2: (단위:원)
A3: 구분 | B3: 산재보험 | C3: 고용보험 | D3: 국민연금 | E3: 건강보험 | F3: 요양보험 | G3: 퇴직공제비 | H3: 건설기계 지급보증비 | I3: 환경보전비 | J3: 산업안전보건관리비 | K3: 전담안전관리자 | L3: 생명지킴이 | M3: 안전관리비 | N3: 품질관리비 | O3: 계
A4: 계상금액 | B4: ='기계_제경비 내역서'!N18 -> 5987816 | C4: ='기계_제경비 내역서'!N20 -> 1698790 | D4: ='기계_제경비 내역서'!N22 -> 6818800 | E4: ='기계_제경비 내역서'!N24 -> 5371699 | F4: ='기계_제경비 내역서'!N26 -> 695635 | G4: ='기계_제경비 내역서'!N35 -> 3485164 | H4: ='기계_제경비 내역서'!N38 -> 258699 | I4: ='기계_제경비 내역서'!N41 -> 0 | J4: ='기계_제경비 내역서'!N32 -> 14227829 | K4: ='기계_제경비 내역서'!T64 -> 18058800 | L4: ='기계_제경비 내역서'!T65 -> 0 | M4: ='기계_제경비 내역서'!N49 -> 0 | N4: ='기계_제경비 내역서'!N51 -> 0 | O4: =SUM(B4:N4) -> 56603232
A5: 가입(사용)금액 | B5: 계약건명으로 가입증명 제출 | O5: =SUM(B5:N5) -> 0
A6: 정산요구금액 | D6: =D5*1/2 -> 0 | E6: =E5*1/2 -> 0 | F6: =F5*1/2 -> 0 | G6: =G5 -> 0 | H6: =H5 -> 0 | I6: =I5 -> 0 | J6: =J5 -> 0 | K6: =K5 -> 0 | L6: =L5 -> 0 | M6: =M5 -> 0 | N6: =N5 -> 0 | O6: =SUM(B6:N6) -> 0
A7: 정산금액 | B7: =B6-B4 -> -5987816 | C7: =C6-C4 -> -1698790 | D7: =D6-D4 -> -6818800 | E7: =E6-E4 -> -5371699 | F7: =F6-F4 -> -695635 | G7: =G6-G4 -> -3485164 | H7: =H6-H4 -> -258699 | I7: =I6-I4 -> 0 | ... N7: =N6-N4 -> 0 | O7: =SUM(B7:N7) -> -56603232
A8: *근거서류는 '을'지로 첨부해서 제출 !
A9: *대표이사 사용인감 필수 ! | I9: 제 출 일 : . .
I10: 제 출 처 : 주식회사 포스코
I11: 원도급사 :
I12: 대표이사 : (인)
A14: [입력방법]
A15: *계상금액 : 2Page "제경비내역서"에서 산출된 금액 기록
A16: *가입(사용)금액 : 실제로 가입한 금액 기록
A17: *정산요구금액 : 업체가 정산 기준에 의거 계산금액 기록
A18: *감액 : 계상금액보다 많이 사용해도(즉 가액 일때에도) "Zero" 기록
A20: 정산 기준
A21: 1.산업안전보건관리비는 사용실적 기준 미사용분 감액[노동부 2012-126호 양식에 의거]
A22: 2.퇴직공제비는 가입근거 기준 미사용분 감액
A23: 3.산재보험 및 고용보험은 "공사건"으로 원도급사가 필히 가입하고 근거를 제출하여야 한다[가입시만 전액 인정]
A24: 4.건강보험,국민연금,요양보험은 "공사건" 가입근거중 1/2(사업자분)만 인정하고 미사용분에 대해선 감액[건설기본법 제22조 5항]
A25: 5.건설기계지급보증비 및 환경보전비 증빙에 따라 정산하며 미사용분에 대해선 감액 [건설산업기본법 제68조의3, 건설기술관리법 시행규칙 제28조의2제1항제2조]
A26: 6.안전관리비는 사용실적 기준 미사용분 감액 | D26: [건설기술진흥법 시행규칙 제60조 5항]
A27: 7.품질관리비는 사용실적 기준 미사용분 감액 | D27: [건설기술진흥법 시행규칙 제53조 1항]
A28: ※상기 금액중 제경비내역서의 "기준(계상된)금액"보다 많이 사용(가입)해도 정산불가 함.
A29: 단, 당사의 요청에 의해 계상된 산업안전보건관리비의 금액보다 추가로 집행된 산업안전보건관리비가 있는 경우에는 당사의 승인을 거쳐 정산할 수 있다.

Sheet 제경비요율표
A1: 적용 요율
A2: 금액/구분 | B2: 간접노무비 | F2: 기타 경비 | G2: 일반관리비 | I2: 이윤 | K2: 산재 보험료 | L2: 고용 보험료 | M2: 산업안전보건관리비 | Q2: 퇴직 공제비 | R2: 건강 보험료 | S2: 노인 장기 요양 보험료 | T2: 연금 보험료 | U2: 환경 보전비 | V2: 건설기계 대여금 지급보증비 | W2: 건설 하도급대금 지급보증비
B3: 토목,건축 | D3: 기계,전기 | G3: 적산 | H3: 경상 투자 | I3: 토목 건축 | J3: 기계 전기 | M3: 건축공사 | N3: 토목공사 | O3: 중건설공사 | P3: 특수건설공사
B4: 금액 | C4: 기간 | D4: 금액 | E4: 기간
B5: (직노)x율 | F5: (재+노+대상경비)x율 | G5: (재+노+경)x율 | I5: (노+경+일)x율 | K5: (노)x율 | L5: (노)x율 | M5: (재+직노+사급자재)x율 | Q5: (직노) x율 | R5: (직노) x율 | S5: (건강 보험료) x율 | T5: (직노) x율 | U5: (재+직노+산경)x율 | V5: (재+직노+산경)x율 | W5: (재+직노+산경)x율
A6: 2천만원미만 | B6: 0.15 | C6: 13.0% 6개월 미만 | D6: 0.12 | E6: 10% 6개월 미만 | F6: 0.0372 | G6: 0.06 | H6: 0.06 | I6: 0.15 | J6: 0.12 | M6: 0.0311 | N6: 0.0315 | O6: 0.0364 | P6: 0.0207 | Q6: 준설:0% 토건기전공통 :2.3% | R6: 0.03545 | S6: 0.1295 | T6: 0.045 | U6: 도로:0.9% 플랜트:0.4% 지하철:0.5% 철도:1.5% 상하수도:0.5% 항만:0.8%(오탁방지막 또는 준설토방지막을 설치하는 경우:1.8%) 댐:1.1% 택지개발:0.6% 그 밖의 토목공사:0.8% 주택(재개발 및 재건축):0.7% 주택(신축):0.3% 그 밖의 건축공사:0.5% | V6: 주1) 종합건설업자 계약시 토목공사:0.4%건축공사:0.07% 산업.환경설비공 사:0.16% 조경공사:0.18% 주2) 전문건설업자계약시 A그룹 : 0.68% B그룹 : 0.51% C그룹 : 0.32% D그룹 : 0.16% E그룹 : 0.10% | W6: 50억 미만 : 0.081%
A7: 2천만원~4천만원미만 | K7: 0.0356 | L7: 1등급: 1.57% 2등급: 1.30% 3등급: 1.13% 4등급: 1.06% 5등급: 1.03% 6등급: 1.02% 7등급이하: 1.01%
A8: 4천만원~5천만원미만
A9: 5천만원~3억원미만 | H9: 0.055
A10: 3억원~3.4억원미만 | H10: 0.05
A11: 3.4억원~5억원미만
A12: 5억원~10억원미만 | B12: 0.14 | C12: 14.0% 6~18 개월 | D12: 0.11 | E12: 11% 6~18 개월 | G12: 0.055 | M12: 2.28% 4,325 천원 (기초액) | N12: 2.53% 3,300 천원 (기초액) | O12: 3.05% 2,975 천원 (기초액) | P12: 1.59% 2,450 천원 (기초액)
A13: 10억원~20억원미만 | I13: 0.14 | J13: 0.11
A14: 20억원~30억원미만 | B14: 0.13 | C14: 15.0% 18개월 이상 | D14: 0.1 | E14: 12% 18개월 이상
A15: 30억원~50억원미만 | G15: 0.05 | I15: 0.13 | J15: 0.1
A16: 50억원~100억원미만 | M16: 0.0237 | N16: 0.026 | O16: 0.0311 | P16: 0.0164 | W16: 50～100억 : 0.08%
A17: 100억원~300억 미만 | W17: 100～300억 : 0.075%
A18: 300억원~800억 미만 | W18: 300억 이상 토목,산업설비 :0.071% 건축 : 0.068% 턴키,대안공사 :0.084%
A19: 800억원이상 | M19: 0.0264 | N19: 0.0273 | O19: 0.0339 | P19: 0.0178
A22: 적용기준
A23: 1. 간접노무비 | B23: (직노)x율; 적용=> 재료비 + 직접노무비 + 산출경비 (각 구분공사별 적용)
B24: 규모와 기간요율을 합산하여 평균요율 적용(공사기간:단위차수 공사기간)
A25: 2. 일반관리비 | B25: (재+노+경)x율; 적용=> 도급공사비(재료비 + 노무비 + 경비)의 합산금액
A26: 3. 이윤 | B26: (노+경+일)x율; 적용=>재료비 + 노무비 + 경비 + 일반관리비 (각 구분공사별 적용) (ex.이윤제외금액)
B27: 건축:설비포함, 기계:축로포함, 전기:통신포함
A28: 4. 산재보험료 | B28: (노+경+일)x율; 적용=> (직 + 간접 노무비) × 적용요율 (산업재해보상보험법 제 63조, 동법 시행령 제60조) :(고용노동부고시(안)2024- 호, 국토교통부 고시 제2021 - 905호)
B29: 산업재해보상보험요율표(2000년도 이후 노동부 고시에 의해 건설업 사업종류를 4종에서 1종으로 통합적용) 출퇴근 산재보험률 0.6%포함
B30: - 적용대상 : 모든 건설공사에 적용<다만, 총공사금액((도급금액+관급재료)에서 부가세제외) 2천만원 미만의 건설공사를 건설업자가 아닌자가 시공시 적용에서 제외>
A32: 5. 고용보험료 | B32: (노)x율; 적용=> 적용대상 : 1998. 10. 1이후 1인이상(실업급여,고용안정및 직업능력개발사업) :국토교통부 고시 제2021 - 905호
B33: 건설공사 적용기준(노동부,고시2003-46호) : 2004. 1. 1 이후 총공사금액 2천만원이상 (개인공사는 연면적 330㎡ 이상)
B34: 적용제외(고시2003-46호) : 2천만원 미만 (주택사업자, 건설업자가 아닌 자는 연면적 330제곱미터 이하)
B35: 조달청 적용기준(2007년도)
B36: - 적용대상 : 모든 건설공사에 적용<다만, 총공사금액((도급금액+관급재료)에서 부가세제외) 2천만원 미만의 건설공사를 건설업자가 아닌자가 시공시 적용에서 제외>
B37: - 계상기준 : (직접+간접) 노무비 × 적용요율
B38: 등 급 별 (추정금액) | J38: 1999년도 | K38: 2000년도 | L38: 2001년도 | M38: 2002년도 | N38: 2003년도 | O38: 2004년도
B39: 1 등급 : | D39: 토목 700억이상(건축400억 이상) | J39: 0.009 | K39: 0.0115 | L39: 0.0117 | M39: 0.0125 | N39: 0.0106 | O39: 0.0115
B40: 2 등급 : | D40: 토목 700억미만~320억 이상(건축400억~230억) | J40: 0.005 | K40: 0.0092 | L40: 0.0092 | M40: 0.0093 | N40: 0.0074 | O40: 0.0084
B41: 3 등급 : | D41: 토목 320억미만~120억 이상(건축230억~110억) | J41: 0.005 | K41: 0.0074 | L41: 0.0073 | M41: 0.0077 | N41: 0.0059 | O41: 0.0071
B42: 4 등급이하 : | D42: 토목 120억미만(건축110억미만) | J42: 0.005 | K42: 0.0065 | L42: 0.0065 | M42: 0.0074 | N42: 0.0056 | O42: 0.0068
B43: - 기타공사 : 4등급이하 요율(PLANT 공사)
B44: 등 급 별 (추정금액) (단위 : 미만 ~ 이상) | J44: 05~09년도 | K44: 2010년도 | L44: 2011년도 | M44: 2012년도 | N44: 2013년도
B45: 1 등급 : | D45: 토목1300억이상 (건축600억 이상) | J45: 0.0117 | K45: 0.0123 | L45: 0.0124 | M45: 0.0124 | N45: 0.0139
B46: 2 등급 : | D46: 토목 1300억~700억 (건축600억~500억) | J46: 0.0085 | K46: 0.0089 | L46: 0.0092 | M46: 0.0092 | N46: 0.0117
B47: 3 등급 : | D47: 토목 700억~400억 (건축500억~400억) | J47: 0.0071 | K47: 0.0074 | L47: 0.0083 | M47: 0.0083 | N47: 0.0097
B48: 4 등급 : | D48: 토목 400억~270억 (건축400억~270억) | J48: 0.0069 | K48: 0.0072 | L48: 0.0081 | M48: 0.0081 | N48: 0.0092
B49: 5 등급 : | D49: 토목 270억~190억 (건축270억~ 190억) | J49: 0.0067 | K49: 0.0069 | L49: 0.0079 | M49: 0.0079 | N49: 0.0089
B50: 6 등급 : | D50: 토목 190억~130억 (건축190억~130억) | J50: 0.0067 | K50: 0.0069 | L50: 0.0079 | M50: 0.0079 | N50: 0.0088
B51: 7 등급 : | D51: 토목 130억~82억 (건축130억~87억) | N51: 0.0087
B53: 등급 | D53: 등 급 별 (추정금액) (단위 : 이상 ~ 미만)
D54: 토목공사 | G54: 건축공사 | J54: 2014년도 | K54: 2015년도 | L54: 2016년도 | M54: 2018년도 | N54: 2019년도 | O54: 2020년도 | P54: 2021년도 | Q54: 2023년도
B55: 1 | D55: 1400억원 이상 | G55: 1200억원 이상 | J55: 0.0139 | K55: 0.0139 | L55: 0.0139 | M55: 0.0139 | N55: 0.0139 | O55: 0.0139 | P55: 0.0157 | Q55: 0.0157
B56: 2 | D56: 900억원~1400억원 | G56: 800억원~1200억원 | J56: 0.0117 | K56: 0.0117 | L56: 0.0117 | M56: 0.0117 | N56: 0.0117 | O56: 0.0117 | P56: 0.013 | Q56: 0.013
B57: 3 | D57: 570억원~900억원 | G57: 520억원~800억원 | J57: 0.0097 | K57: 0.0097 | L57: 0.0097 | M57: 0.0097 | N57: 0.0097 | O57: 0.0097 | P57: 0.0113 | Q57: 0.0113
B58: 4 | D58: 370억원~570억원 | G58: 340억원~520억원 | J58: 0.0092 | K58: 0.0092 | L58: 0.0092 | M58: 0.0092 | N58: 0.0092 | O58: 0.0092 | P58: 0.0106 | Q58: 0.0106
B59: 5 | D59: 220억원~370억원 | G59: 210억원~340억원 | J59: 0.0089 | K59: 0.0089 | L59: 0.0089 | M59: 0.0089 | N59: 0.0089 | O59: 0.0089 | P59: 0.0103 | Q59: 0.0103
B60: 6 | D60: 140억원~220억원 | G60: 130억원~210억원 | J60: 0.0088 | K60: 0.0088 | L60: 0.0088 | M60: 0.0088 | N60: 0.0088 | O60: 0.0088 | P60: 0.0102 | Q60: 0.0102
B61: 7 | D61: 고시금액~140억원 | G61: 고시금액~130억원 | J61: 0.0087 | K61: 0.0087 | L61: 0.0087 | M61: 0.0087 | N61: 0.0087 | O61: 0.0087 | P61: 0.0101 | Q61: 0.0101
B62: - 일반(등급)공사 : 해당등급 요율적용(단, 년도별 등급금액이 상이하므로 적용시 참고) : 등급기준: 조달청 등급별 유자격자 명부 등록 및 운용기준(조달청 공고 제2023-235호, 2023.7.6.)
B63: - PQ, 실적대상 : 공사금액에 따라 해당등급
B64: - 수의대상 : 해당업체 고용보험요율
B65: - 기타공사 : 공사금액에 따라 해당등급 적용:6등급이하는 6등급 적용
A66: 6. 산업안전보건관리비 | B66: (재+직노+사급자재)x율; 적용=> 도급공사비(재료비[관급재료비 포함] + 직접노무비)의 합산금액 :노동부고시 제2017-8호(2017.2.7.) 참조
B67: - 대상액1 : 재료비[관급재료비 포함] + 직접노무비)의 합산금액
B68: - 대상액2 : 추정금액
B69: 5억미만(대상액1기준) : G1,H1,D1,E1,F1
B70: 5억이상 50억미만(대상액1기준) : G2,H2,D2,E2,F2
B71: 50억이상(대상액1기준)에서 800억미만(대상액2기준) : G3,H3,D3,E3,F3
B72: 800억이상(대상액2기준) : G4,H4,D4,E4,F4
B73: 총공사금액(부가가치세 및 관급재료액을 포함) 2천만원이상: 노동부 고시 제2020-63호(2020.1.23.)
B74: 발주자가 재료를 제공할 경우에 당해 금액을 대상액에 포함시킬 때의 산업안전보건관리비는 당해 금액을 포함시키지 않은 대상액을
B75: 기준으로 게상한 산업안전보건관리비의 1.2배를 초과할 수 없다. 즉(관급포함산업안전보건관리비)≤(관급제외 산업안전보건관리비 × 1.2)
B76: 대상액이 구분되어 있지 아니한 공사는 도급계약 또는 자체사업게획상의 총 공사금액의 70%를 대상액으로 하여 안전관리비를 계상
B77: 하나의 사업장내에 건설공사 종류가 2이상인 경우(분리발주한 경우를 제외한다)에는 공사금액이 가장 큰 공사종류를 적용한다.
B78: 발주자 및 자기공사자는 설계변경등으로 대상액의 변동이 있는 경우에는 지체없이 산업안전보건관리비를 조정 계상하여야 한다.
... B91: 3. 정보통신공사업법에 의한 정보통신공사
A92: 7. 퇴직공제비 | B92: (직노)x율; 적용=> 공사예정금액 5억이상의 건설공사에 적용(포스코는 전체 적용) :(국토부 고시 제2015-610호)
A93: 8. 건강, 연금 보험료 | B93: (직노)x율; 적용=> 직접노무비 x 요율 : 건설산업기본법 제22조(건설공사에 관햔 도급계약의 원칙) 제5항에 사회보험료의 도급금액 산출내역서 반영을 의무화 :(사회보험의 보험료적용기준 국토교통부 고시 제2021 - 905호)
B94: 요율; 대통령령제33844호-국민건강보험법 시행령(2023.11.07) 제44조에 의한 요율, 2006년도 설계완료분부터 신규적용(사업자부담분 적용)
A95: 9. 노인장기요양 보험료 | B95: (건강보험료)x율; 적용=> 직접노무비 x 요율 : 건설산업기본법 제22조(건설공사에 관햔 도급계약의 원칙) 제5항에 사회보험료의 도급금액 산출내역서 반영을 의무화 :(사회보험의 보험료적용기준 국토교통부 고시 제2021 - 905호)
B96: 노인장기요양보험법 제9조제1항 및 동법시행령 제4조에 의한 요율 [시행 2011. 4.22] [대통령령 제22906호] 공사기간이 1개월 이상인 모든 건설공사 요율; (대통령령제34001호-노인장기요양보호법 시행령(2023.12.19))
A97: 10. 환경보전비 | B97: 건설공사현장에 설치하는 환경오염방지시설의 설치 및 운영에 소요되 는 비용(환경보전비) 은 내역서에는 표준품셈 등 원각계산에 따라 반영된비용을 포함하여 건설진흥법 시행규칙 [별표8] 환경관리비 세부 산출기준
B98: 제1호 가목에 해당하는요율을 적용하여 계상한다
A99: 11. 건설기계대여 지급보증비 | B99: 직접공사비 (재료비+직접노무비+직접공사경비)x적용요율; 적용=>(각 구분공사별 적용) :국토부 고시 제2019-286호(2019.6.17.) 적용 □ 건설기계대여대금지급보증서발급수수료
B100: * 주1) 발주자 와 종합건설업자가 계약하는 원도급 산출내역서 반영기준 | K100: 2013년도 | L100: 2014년도 | M100: 2015년도 | N100: 2016년도 | O100: 2019년도
B101: - 토목공사(토목·건축공사 포함) | K101: 0.0041 | L101: 0.0041 | M101: 0.0041 | N101: 0.0041 | O101: 0.004
B102: - 건축공사 | K102: 0.0007 | L102: 0.0007 | M102: 0.0007 | N102: 0.0007 | O102: 0.0007
B103: - 산업·환경설비공사 | K103: 0.0013 | L103: 0.0013 | M103: 0.0013 | N103: 0.0013 | O103: 0.0016
B104: - 조경공사 | K104: 0.0013 | L104: 0.0013 | M104: 0.0013 | N104: 0.0013 | O104: 0.0018
B106: * 주2) 발주자 와 전문건설업자가 계약하는 원도급 산출내역서 반영기준 | K106: 2013년도 | L106: 2014년도 | M106: 2015년도 | N106: 2016년도 | O106: 2019년도
B107: A 그룹 : | C107: 준설공사, 토공사, | K107: 0.0056 | L107: 0.0056 | M107: 0.0056 | N107: 0.0056 | O107: 0.0068
B108: B 그룹 : | C108: 시설물유지관리, 도장공사, 포장공사, 상·하수도설비공사 | K108: 0.0049 | L108: 0.0049 | M108: 0.0049 | N108: 0.0049 | O108: 0.0051
B109: C 그룹 : | C109: 비계·구조물해체공사,보링·그라우팅공사,수중공사,가스시설시공1종 | K109: 0.0039 | L109: 0.0039 | M109: 0.0039 | N109: 0.0039 | O109: 0.0032
B110: D 그룹 : | C110: 석공사, 철근·콘크리트공사 | K110: 0.0028 | L110: 0.0028 | M110: 0.0028 | N110: 0.0028 | O110: 0.0016
B111: E 그룹 : | C111: A그룹～D그룹 이외의 공사 | K111: 0.0011 | L111: 0.0011 | M111: 0.0011 | N111: 0.0011 | O111: 0.001
A112: 12. 건설 하도급대금 지급보증비 | B112: (재+직접노무비+산출경비)x율; 적용=>(각 구분공사별 적용) :국토부 고시 제2016-921호 □ 건설하도급대금지급보증서발급수수료
B113: 공사규모 (추정가격) | K113: 2018년도
B114: 50억 미만 | K114: 0.00081
B115: 50억원～100억원 미만 | K115: 0.0008
B116: 100억원～300억원 미만 | K116: 0.00075
B117: 300억원 이상 (최저가낙찰 대상공사포함) | G117: - 토목및산업설비 | K117: 0.00071
...

Sheet 개정이력
B2: 개정날짜 | C2: 개정내용 | D2: 비고
B3: 19.6.19 | C3: ○ 건설기계대여 지급보증비 요율변경 및 요율적용 공사구분 변경 ○ 순공사비내역서 세분화 반영 (변경전)품명&사양 → (변경후)품명,사양 구분
B4: 20.1.1 | C4: ○ 보험료 요율변경에 따른 양식수정 | D4: ○ 산재보험료 : 3.75 -> 3.73% ○ 건강보험료 : 3.23 -> 3.335% ○ 노인장기요양보험료 : 8.51 -> 10.25%
B5: 21.1.7 | C5: ○ 보험료 요율변경에 따른 양식수정 | D5: ○ 산재보험료 : 3.73 -> 3.70% ○ 건강보험료 : 3.335 -> 3.43% ○ 노인장기요양보험료 : 10.25 -> 11.52%
B6: 21.4.15 | C6: ○ 안전관리자 선임비용 별도 계상 적용 | D6: ○ 안전관리자 선임비용 계상을 위한 '순공사비 내역서' 시트 내 안전관리지 Man-Day 기입 항목 추가
B7: 21.7.1 | C7: ○ 고용보험료 적용요율 변경에 따른 양식수정
B8: 22.4.8. | C8: ○ 안전지킴이 반영 및 전담안전관리자 단가 변경 | D8: ○ 안전지킴이 신설 (플랜트노조-전문건설협회 협약단가 기능공A 167,000원) ○ 전담안전관리자 단가 변경 ('20년 엔지니어링 건설 초급기술자 172,529원 → '21년 건설 고급기술자 253,985원)
C9: ○ 보험료 요율변경에 따른 양식수정 | D9: ○ 건강보험료 : 3.43% → 3.495% ○ 노인장기요양보험료 : 11.52% → 12.27%
B10: 24.4.1. | C10: ○ 생명지킴이 반영 및 전담안전관리자 단가 변경 | D10: ○ 생명지킴이 단가 조정 : 167,000원 → 183,567원 ※ 안전지킴이가 생명 지킴이로 명칭 변경 ○ 전담안전관리자 단가 조정 : 253,985원 → 293,799원
C11: ○ 보험료 요율변경에 따른 양식수정 | D11: ○ 산재보험료 : 3.7% → 3.56% ○ 노인장기요양보험료 : 12.81% → 12.95%
B12: 24.7.1 | C12: ○ 산업안전보건관리비 계상 및 사용기준 개정에 따른 수정 | D12: ○ 당초 : 일반건설공사(갑), 일반건설공사(을), 중건설공사, 철도궤도 신설공사, 특수 및 기타 건설공사 ○ 변경 : 건축공사, 토목공사, 중건설공사, 특수건설공사
B13: 24.11.20 | C13: ○ 안전관리비, 품질관리비(건설기술진흥법) 내역서 추가 | D13: ○ 용어 구분을 위해 기존 안전관리비 → 산업안전보건관리비 명칭 변경 ○ 안전관리비, 품질관리비(건설기술진흥법) 내역 입력칸 추가
B14: 24.12.30 | C14: ○ 산업안전보건관리비 계상 요율 및 기초액 변경 (고용노동부 고시 제2024-53호) | D14: #VALUE!
B15: 25.1.1. | C15: ○ 전담안전관리자 단가 변동 | D15: ○ 건설고급기술자 *(기존) 293,799원 → (변경) 300,980원 ※한국엔지니어링협회
D16: ㅈ제가 근

Sheet 총괄LIST(토건_플랜텍)
A1: 공사명 : 3Finx RTO 개선 교체
A2: 품명 및 규격 | B2: 단위 | C2: 수량서1 | D2: 수량서2 | E2: 포장설비 수량서 | F2: 전기실 수량서 | G2: 신설5구간 | H2: PO-1B/C | I2: PO-5B/C | J2: I-11,11-1B/C | K2: B-3B/C | L2: C-203B/C | M2: 소계 | N2: 할증 | O2: 총계
A3: 굴착-토사:백호-항전수상 | B3: M3 | C3: 14.676 | M3: 17.6112 | N3: 0 | Q3: =C3*1.2 -> 17.6112
A4: 소 계 | C4: 14.676 | D4: 0 | E4: 0 | F4: 0 | G4: 0 | H4: 0 | I4: 0 | J4: 0 | K4: 0 | L4: 0 | M4: 17.6112 | O4: 0 | Q4: =C4*1.2 -> 17.6112
A5: 철근Conc깨기(BH)T=30이상 | B5: M3 | C5: 62.616 | M5: 75.1392 | N5: 0 | Q5: =C5*1.2 -> 75.1392
A6: 소 계 | C6: 62.616 | D6: 0 | E6: 0 | F6: 0 | G6: 0 | H6: 0 | I6: 0 | J6: 0 | K6: 0 | L6: 0 | M6: 75.1392 | O6: 0 | Q6: =C6*1.2 -> 75.1392
A7: Wearing t=50 (인력) | B7: a | C7: 1.19028 | M7: 1.428336 | N7: 0 | Q7: =C7*1.2 -> 1.428336
A8: 소 계 | C8: 1.19028 | D8: 0 | E8: 0 | F8: 0 | G8: 0 | H8: 0 | I8: 0 | J8: 0 | K8: 0 | L8: 0 | M8: 1.428336 | O8: 0 | Q8: =C8*1.2 -> 1.428336
A9: 콘크리트 135K(무근) | B9: M3 | C9: 4.944 | M9: 5.9328 | N9: 2 | O9: 4.2024 | Q9: =C9*1.2 -> 5.9328
A10: 콘크리트 240-25-15(철근) | B10: M3 | C10: 55.932 | M10: 67.1184 | N10: 1 | O10: 47.0761 | Q10: =C10*1.2 -> 67.1184
A11: 소 계 | C11: 60.876 | D11: 0 | E11: 0 | F11: 0 | G11: 0 | H11: 0 | I11: 0 | J11: 0 | K11: 0 | L11: 0 | M11: 73.0512 | O11: 51.2785 | Q11: =C11*1.2 -> 73.0512
A12: 합판거푸집 3회 | B12: M2 | C12: 12.636 | M12: 15.1632 | N12: 0 | Q12: =C12*1.2 -> 15.1632
A13: 합판거푸집 4회 | B13: M2 | C13: 19.44 | M13: 23.328 | N13: 0 | Q13: =C13*1.2 -> 23.328
A14: 합판거푸집 6회 | B14: M2 | C14: 1.968 | M14: 2.3616 | N14: 0 | Q14: =C14*1.2 -> 2.3616
A15: 소 계 | C15: 34.044 | D15: 0 | E15: 0 | F15: 0 | G15: 0 | H15: 0 | I15: 0 | J15: 0 | K15: 0 | L15: 0 | M15: 40.8528 | O15: 0 | Q15: =C15*1.2 -> 40.8528
A16: 철근 H13, SD-40 (보통) | B16: kg | C16: 531.35388 | M16: 637.62466 | N16: 3 | O16: 456.07875 | Q16: =C16*1.2 -> 637.62466
A17: 철근 H16, SD-40 (보통) | B17: kg | C17: 1594.0642 | M17: 1912.877 | N17: 3 | O17: 1368.2384 | Q17: =C17*1.2 -> 1912.877
A18: 철근 H19, SD-40 (보통) | B18: kg | C18: 3188.133 | M18: 3825.7596 | N18: 3 | O18: 2736.4808 | Q18: =C18*1.2 -> 3825.7596
A19: 소 계 | C19: 5313.551 | D19: 0 | E19: 0 | F19: 0 | G19: 0 | H19: 0 | I19: 0 | J19: 0 | K19: 0 | L19: 0 | M19: 6376.2612 | O19: 4560.798 | Q19: =C19*1.2 -> 6376.2612
A20: 철근가공조립 (보통) | B20: kg | C20: 5313.551 | M20: 6376.2612 | N20: 0 | Q20: =C20*1.2 -> 6376.2612
A21: 소 계 | C21: 5313.551 | D21: 0 | E21: 0 | F21: 0 | G21: 0 | H21: 0 | I21: 0 | J21: 0 | K21: 0 | L21: 0 | M21: 6376.2612 | O21: 0 | Q21: =C21*1.2 -> 6376.2612
A22: L-50x50x6 | B22: kg | C22: 1118.6459 | M22: 1342.3751 | N22: 2.5 | O22: 955.51002 | Q22: =C22*1.2 -> 1342.3751
A23: 소 계 | C23: 1118.6459 | D23: 0 | E23: 0 | F23: 0 | G23: 0 | H23: 0 | I23: 0 | J23: 0 | K23: 0 | L23: 0 | M23: 1342.3751 | O23: 955.51002 | Q23: =C23*1.2 -> 1342.3751
A24: 철물제작설치 | B24: kg | C24: 1118.6459 | M24: 1342.3751 | N24: 0 | Q24: =C24*1.2 -> 1342.3751
A25: 소 계 | C25: 1118.6459 | D25: 0 | E25: 0 | F25: 0 | G25: 0 | H25: 0 | I25: 0 | J25: 0 | K25: 0 | L25: 0 | M25: 1342.3751 | O25: 0 | Q25: =C25*1.2 -> 1342.3751

Sheet 수량서(토건_플랜텍)
B1: DWG NO | D1: I T E M | F1: C A L C U L A T I O N | H1: SUB TOTAL
A2: 1
D3: 콘크리트 135K(무근) | F3: 8.10*9.20*0.05 | G3: = | H3: 3.73 | I3: 4.12
F4: 3.70*2.10*0.05 | G4: = | H4: 0.39 | I4: 0
A5: 1 | G5: 0 | H5: 0 | I5: 0
D6: 콘크리트 240-25-15(철근) | F6: 8.0*9.0*0.50 | G6: = | H6: 36 | I6: 46.61
F7: 3.70*1.90*0.50 | G7: = | H7: 3.52 | I7: 0
F8: (1.60*1.60+2.60*2.60)*1/2*0.50 | G8: = | H8: 2.33 | I8: 0
F9: 1.71*1.70*0.20 | G9: = | H9: 0.58 | I9: 0
F10: 2.40*2.50*0.50 | G10: = | H10: 3 | I10: 0
F11: 0.60*0.60*0.20*4 | G11: = | H11: 0.29 | I11: 0
F12: 0.30*1.05*0.20 | G12: = | H12: 0.06 | I12: 0
F13: 3.20*1.30*0.20 | G13: = | H13: 0.83 | I13: 0
G14: 0 | H14: 0 | I14: 0
G15: 0 | H15: 0 | I15: 0
G16: 0 | H16: 0 | I16: 0
F17: +
B18: DWG NO | D18: I T E M | F18: C A L C U L A T I O N | H18: SUB TOTAL
A19: 2
D20: 합판거푸집 6회 | F20: (11.80+9.20+11.80)*0.05 | G20: = | H20: 1.64 | I20: 1.64
G21: 0 | H21: 0 | I21: 0
A22: 1 | D22: 합판거푸집 4회 | F22: (11.70+9.0+11.70)*0.50 | G22: = | H22: 16.2 | I22: 16.2
G23: 0 | H23: 0 | I23: 0
D24: 합판거푸집 3회 | F24: (1.71+1.710)*2*0.20 | G24: = | H24: 1.37 | I24: 10.53
F25: (2.40+2.50)*2*0.50 | G25: = | H25: 4.9 | I25: 0
F26: (0.60+0.60)*2*0.20*4 | G26: = | H26: 1.92 | I26: 0
F27: (0.30+1.05)*2*0.20 | G27: = | H27: 0.54 | I27: 0
F28: (3.20+1.30)*2*0.20 | G28: = | H28: 1.8 | I28: 0
G29: 0 | H29: 0 | I29: 0
G30: 0 | H30: 0 | I30: 0
G31: 0 | H31: 0 | I31: 0
G32: 0 | H32: 0 | I32: 0
G33: 0 | H33: 0 | I33: 0
F34: +
B35: DWG NO | D35: I T E M | F35: C A L C U L A T I O N | H35: SUB TOTAL
A36: 3
C37: B | D37: 철근 H13, SD-40 (보통) | F37: 46.61*95KG/0.995*0.10 | G37: = | H37: 445.02 | I37: 445.02
G38: 0 | H38: 0 | I38: 0
A39: 1 | C39: B | D39: 철근 H16, SD-40 (보통) | F39: 46.61*95KG/1.56*0.30 | G39: = | H39: 851.53 | I39: 851.53
G40: 0 | H40: 0 | I40: 0
C41: B | D41: 철근 H19, SD-40 (보통) | F41: 46.61*95KG/2.25*0.60 | G41: = | H41: 1180.79 | I41: 1180.79
G42: 0 | H42: 0 | I42: 0
C43: G | D43: L-50x50x6 | F43: 46.61*20KG/4.43 | G43: = | H43: 210.43 | I43: 210.43
G44: 0 | H44: 0 | I44: 0
G45: 0 | H45: 0 | I45: 0
G46: 0 | H46: 0 | I46: 0
G47: 0 | H47: 0 | I47: 0
G48: 0 | H48: 0 | I48: 0
G49: 0 | H49: 0 | I49: 0
G50: 0 | H50: 0 | I50: 0
F51: +
B52: DWG NO | D52: I T E M | F52: C A L C U L A T I O N | H52: SUB TOTAL
A53: 4
D54: 철근Conc깨기(BH)T=30이상 | F54: 8.0*9.0*0.50 | G54: = | H54: 36 | I54: 52.18
F55: (1.60*1.60+2.60*2.60)*1/2*0.50 | G55: = | H55: 2.33 | I55: 0
A56: 1 | F56: 1.71*1.70*0.20 | G56: = | H56: 0.58 | I56: 0
F57: 2.40*2.50*0.50 | G57: = | H57: 3 | I57: 0
F58: 0.60*0.60*0.20*4 | G58: = | H58: 0.29 | I58: 0
F59: 0.30*1.05*0.20 | G59: = | H59: 0.06 | I59: 0
B60: 아스팔트파취 | F60: 8.60*10.20*0.10 | G60: = | H60: 8.77 | I60: 0
F61: 3.70*3.10*0.10 | G61: = | H61: 1.15 | I61: 0
G62: 0 | H62: 0 | I62: 0
G63: 0 | H63: 0 | I63: 0
G64: 0 | H64: 0 | I64: 0
G65: 0 | H65: 0 | I65: 0
G66: 0 | H66: 0 | I66: 0
G67: 0 | H67: 0 | I67: 0
F68: +
B69: DWG NO | D69: I T E M | F69: C A L C U L A T I O N | H69: SUB TOTAL
A70: 5
D71: 굴착-토사:백호-항전수상 | F71: 8.60*10.20*0.45 | G71: = | H71: 39.47 | I71: 12.23
F72: 3.70*3.10*0.45 | G72: = | H72: 5.16 | I72: 0
A73: 1 | E73: 1 | F73: 8.0*9.0*0.45 | G73: = | H73: -32.4 | I73: 0
G74: 0 | H74: 0 | I74: 0
D75: Wearing t=50 (인력) | F75: 8.60*10.20 | G75: = | H75: 87.72 | I75: 99.19
F76: 3.70*3.10 | G76: = | H76: 11.47 | I76: 0
G77: 0 | H77: 0 | I77: 0
G78: 0 | H78: 0 | I78: 0
G79: 0 | H79: 0 | I79: 0
G80: 0 | H80: 0 | I80: 0
G81: 0 | H81: 0 | I81: 0
G82: 0 | H82: 0 | I82: 0
G83: 0 | H83: 0 | I83: 0
G84: 0 | H84: 0 | I84: 0
F85: +

Sheet Sheet1
C7: 左 (mm) | D7: 0 | E7: -3.3 | F7: -5.1 | G7: -4.2 | H7: -5.8 | I7: -8.3 | J7: -15.7 | K7: -18.7 | L7: -10.5 | M7: 2.6 | N7: -9.1 | O7: -14.2 | P7: -18.6 | Q7: -23.5 | R7: -14.5 | S7: -13.1 | T7: -11.7 | U7: -9.1 | V7: -3.6 | W7: 8.8 | X7: =AVERAGE(D7:W7) -> -8.88
C8: 右 (mm) | D8: -2.7 | E8: 0.8 | F8: 5.6 | G8: 10.1 | H8: 12.1 | I8: 8.9 | J8: 2.5 | K8: -0.5 | L8: 5.9 | M8: 13.9 | N8: 8.9 | O8: 11.2 | P8: 9.6 | Q8: 8 | R8: 10.7 | S8: 7.3 | T8: 3.3 | U8: -2.5 | V8: -1.6 | W8: 5.1 | X8: =AVERAGE(D8:W8) -> 5.83
C9: 좌우 편차 | D9: 2.7 | E9: -4.1 | F9: -10.7 | G9: -14.3 | H9: -17.9 | I9: -17.1 | J9: -18.2 | K9: -18.2 | L9: -16.4 | M9: -11.3 | N9: -18 | O9: -25.4 | P9: -28.2 | Q9: -31.5 | R9: -25.1 | S9: -20.4 | T9: -15 | U9: -6.5 | V9: -1.9 | W9: 3.7 | X9: =AVERAGE(D9:W9) -> -14.69
C10: Level (mm) | D10: -363 | E10: -360.1 | F10: -363 | G10: -362 | H10: -360.7 | J10: -368.5 | K10: -372.7 | L10: -363.1 | M10: -353.5 | N10: -358 | O10: -368.1 | P10: -364 | Q10: -370.2 | R10: - | S10: -362.6 | T10: -362.4 | U10: -355.1 | V10: -352.9 | W10: -334.5 | X10: =AVERAGE(D10:W10) -> -360.8
C11: 기준점 | D11: 0 | E11: 2.9 | F11: 0 | G11: 1 | H11: 2.3 | I11: - | J11: -5.5 | K11: -9.7 | L11: -0.1 | M11: 9.5 | N11: 5 | O11: -5.1 | P11: -1 | Q11: -7.2 | S11: 0.4 | T11: 0.6 | U11: 7.9 | V11: 10.1 | W11: 28.5 | X11: =AVERAGE(D11:W11) -> 2.2
C12: 단차 | D12: 363 | E12: 356.8 | F12: 357.9 | G12: 357.8 | H12: 354.9 | J12: 352.8 | K12: 354 | L12: 352.6 | M12: 356.1 | N12: 348.9 | O12: 353.9 | P12: 345.4 | Q12: 346.6 | S12: 349.5 | T12: 350.7 | U12: 346 | V12: 349.4 | W12: 343.3 | X12: =AVERAGE(D12:W12) -> 352.2
D14: =ABS(D7) -> 0 | E14: =ABS(E7) -> 3.3 | F14: =ABS(F7) -> 5.1 | G14: =ABS(G7) -> 4.2 | H14: =ABS(H7) -> 5.8 | I14: =ABS(I7) -> 8.3 | J14: =ABS(J7) -> 15.7 | K14: =ABS(K7) -> 18.7 | ... W14: =ABS(W7) -> 8.8 | X14: =AVERAGE(D14:W14) -> 10.02
D15: =ABS(D8) -> 2.7 | E15: =ABS(E8) -> 0.8 | F15: =ABS(F8) -> 5.6 | G15: =ABS(G8) -> 10.1 | H15: =ABS(H8) -> 12.1 | I15: =ABS(I8) -> 8.9 | J15: =ABS(J8) -> 2.5 | K15: =ABS(K8) -> 0.5 | ... W15: =ABS(W8) -> 5.1 | X15: =AVERAGE(D15:W15) -> 6.56
D16: =ABS(D9) -> 2.7 | E16: =ABS(E9) -> 4.1 | F16: =ABS(F9) -> 10.7 | G16: =ABS(G9) -> 14.3 | H16: =ABS(H9) -> 17.9 | I16: =ABS(I9) -> 17.1 | J16: =ABS(J9) -> 18.2 | K16: =ABS(K9) -> 18.2 | ... W16: =ABS(W9) -> 3.7 | X16: =AVERAGE(D16:W16) -> 15.33
D17: =ABS(D10) -> 363 | E17: =ABS(E10) -> 360.1 | F17: =ABS(F10) -> 363 | G17: =ABS(G10) -> 362 | H17: =ABS(H10) -> 360.7 | I17: =ABS(I10) -> 0 | J17: =ABS(J10) -> 368.5 | K17: =ABS(K10) -> 372.7 | ... Q17: =ABS(Q10) -> 370.2 | R17: =ABS(0) -> 0 | S17: =ABS(S10) -> 362.6 | T17: =ABS(T10) -> 362.4 | U17: =ABS(U10) -> 355.1 | V17: =ABS(V10) -> 352.9 | W17: =ABS(W10) -> 334.5 | X17: =AVERAGE(D17:W17) -> 324.72
D18: =ABS(D11) -> 0 | E18: =ABS(E11) -> 2.9 | F18: =ABS(F11) -> 0 | G18: =ABS(G11) -> 1 | H18: =ABS(H11) -> 2.3 | I18: =ABS(0) -> 0 | J18: =ABS(J11) -> 5.5 | K18: =ABS(K11) -> 9.7 | L18: =ABS(L11) -> 0.1 | M18: =ABS(M11) -> 9.5 | N18: =ABS(N11) -> 5 | O18: =ABS(O11) -> 5.1 | P18: =ABS(P11) -> 1 | Q18: =ABS(Q11) -> 7.2 | ... W18: =ABS(W11) -> 28.5
D19: =ABS(D12) -> 363 | E19: =ABS(E12) -> 356.8 | F19: =ABS(F12) -> 357.9 | G19: =ABS(G12) -> 357.8 | H19: =ABS(H12) -> 354.9 | I19: =ABS(I12) -> 0 | J19: =ABS(J12) -> 352.8 | K19: =ABS(K12) -> 354 | ... W19: =ABS(W12) -> 343.3 | X19: =AVERAGE(D19:W19) -> 316.98

Sheet Sheet2

Sheet #품셈 종합
B1: [품셈 내역]
B2: 품 명 | D2: 수 량 | E2: 단 중 (kg/Ton) | F2: 중 량 | H2: 설치 공사비 | J2: 품 종 | K2: 철거 공사비 | M2: 품 종 | N2: 제작 공사비 | P2: 품 종 | Q2: 설비비 | S2: 재료비
F3: Net(TON) :순중량 | G3: Gross(TON) : 총중량 | H3: 단가 | I3: 금액 | K3: 단가 | L3: 금액 | N3: 단가 | O3: 금액 | Q3: 단가 | R3: 금액 | S3: 단가 | T3: 금액
B4: 기계 | I4: =SUM(I5:I17) -> 5.388071e+08 | L4: =SUM(L5:L17) -> 95352748 | O4: =SUM(O5:O17) -> 0
B5: Dust Collector | D5: 1 | E5: =SUM(E6:E10) -> 84.9
B6: PLENUM(TUBE SHEET 포함) | D6: 1 | E6: 11.1 | H6: ='#설치품'!L77 -> 3092965.9 | I6: =E6*H6 -> 34331921 | J6: ='#설치품'!B76&"-본체,호퍼,계단" -> Bag Filter 설치-본체,호퍼,계단 | K6: ='#설치품'!L96 -> 499752.35 | L6: =K6*E6 -> 5547251 | M6: ='#설치품'!B96 -> 기기강재류 철거
B7: BODY | D7: 1 | E7: 36.4 | H7: ='#설치품'!L77 -> 3092965.9 | I7: =E7*H7 -> 1.1258396e+08 | J7: ='#설치품'!B76&"-본체,호퍼,계단" -> Bag Filter 설치-본체,호퍼,계단 | K7: =K6 -> 499752.35 | L7: =K7*E7 -> 18190985 | M7: =M6 -> 기기강재류 철거
B8: IN / OUT-LET DUCT(CHAMBER) | D8: 1 | E8: 23.4 | H8: ='#설치품'!L25 -> 2430635.5 | I8: =E8*H8 -> 56876871 | J8: ='#설치품'!B25 -> 덕트설치 (20m) | K8: =K6 -> 499752.35 | L8: =K8*E8 -> 11694205 | M8: =M7 -> 기기강재류 철거
B9: OUT DUCT (TO FAN) | D9: 1 | E9: 12 | H9: ='#설치품'!L24 -> 2243663.6 | I9: =E9*H9 -> 26923963 | J9: ='#설치품'!B24 -> 덕트설치 (10m) | K9: =K6 -> 499752.35 | L9: =K9*E9 -> 5997028.1 | M9: =M8 -> 기기강재류 철거
B10: DECK FOR AIR HEADER | D10: 1 | E10: 2 | H10: ='#설치품'!L12 -> 4550397 | I10: =E10*H10 -> 9100793.9 | J10: ='#설치품'!B12 -> 일반기기 설치 1~5ton 미만 | K10: =K6 -> 499752.35 | L10: =K10*E10 -> 999504.69 | M10: =M9 -> 기기강재류 철거
B11: Pre-Duster | D11: 1 | E11: =SUM(E12:E14) -> 65.7
B12: BODY & HOPPER | D12: 1 | E12: 44 | H12: ='#설치품'!L77 -> 3092965.9 | I12: =E12*H12 -> 1.360905e+08 | J12: ='#설치품'!B76&"-본체,호퍼,계단" -> Bag Filter 설치-본체,호퍼,계단 | K12: =K6 -> 499752.35 | L12: =K12*E12 -> 21989103 | M12: =M6 -> 기기강재류 철거
B13: IN LET CONE | D13: 1 | E13: 3 | H13: ='#설치품'!L23 -> 2056691.6 | I13: =E13*H13 -> 6170074.8 | J13: ='#설치품'!B23 -> 덕트설치 (0m) | K13: =K6 -> 499752.35 | L13: =K13*E13 -> 1499257 | M13: =M7 -> 기기강재류 철거
B14: OUT-LET DUCT(본체측) | D14: 1 | E14: 18.7 | H14: ='#설치품'!L24 -> 2243663.6 | I14: =E14*H14 -> 41956508 | J14: ='#설치품'!B24 -> 덕트설치 (10m) | K14: =K6 -> 499752.35 | L14: =K14*E14 -> 9345368.9 | M14: =M8 -> 기기강재류 철거
B15: Stack | D15: 1 | E15: =SUM(E16:E17) -> 37
B16: STACK(약 34m) | D16: 1 | E16: 29 | H16: ='#설치품'!L14 -> 3602397.6 | I16: =E16*H16 -> 1.0446953e+08 | J16: ='#설치품'!B14 -> 일반기기 설치 30ton 이상 | K16: =K6 -> 499752.35 | L16: =K16*E16 -> 14492818 | M16: =M6 -> 기기강재류 철거
B17: DECK 및 STRUCTURE | D17: 1 | E17: 8 | H17: ='#설치품'!L31 -> 1287872.6 | I17: =E17*H17 -> 10302981 | J17: ='#설치품'!B93&"(이설,재설치)" -> 강재류 조립설치 10ton 이상(이설,재설치) | K17: ='#설치품'!L97 -> 699653.28 | L17: =K17*E17 -> 5597226.3 | M17: ='#설치품'!B97 -> 기기강재류 철거(재사용)
B19: 품 명 | D19: 수 량 | E19: 단 중 (kg/Ton) | F19: 중 량 | H19: 설치 공사비 | J19: 품 종 | K19: 철거 공사비 | M19: 품 종 | N19: 제작 공사비 | P19: 품 종 | Q19: 설비비 | S19: 재료비
F20: Net(TON) :순중량 | G20: Gross(TON) : 총중량 | H20: 단가 | I20: 금액 | K20: 단가 | L20: 금액 | N20: 단가 | O20: 금액 | Q20: 단가 | R20: 금액 | S20: 단가 | T20: 금액
B21: 전기
B26: 품 명 | D26: 수 량 | E26: 단 중 (kg/Ton) | F26: 중 량 | H26: 설치 공사비 | J26: 품 종 | K26: 철거 공사비 | M26: 품 종 | N26: 제작 공사비 | P26: 품 종 | Q26: 설비비 | S26: 재료비
F27: Net(TON) :순중량 | G27: Gross(TON) : 총중량 | H27: 단가 | I27: 금액 | K27: 단가 | L27: 금액 | N27: 단가 | O27: 금액 | Q27: 단가 | R27: 금액 | S27: 단가 | T27: 금액
B28: 토건
B34: 품셈 | C34: 재료비 | D34: 노무비 | E34: 경비 | F34: 계 | G34: 적용여부
B35: 가설공사 | C35: ='#가설'!I75 -> 497612 | D35: ='#가설'!J75 -> 50489868 | E35: ='#가설'!K75 -> 31012877 | F35: =SUM(C35:E35) -> 82000357 | G35: O
B36: 장비비 | C36: - | D36: - | E36: ='#장비'!O48 -> 1.1709878e+08 | F36: =SUM(C36:E36) -> 1.1709878e+08 | G36: O
B37: 도장 | C37: ='#도장품'!F22 -> 8626203.8 | D37: ='#도장품'!G22 -> 45225537 | E37: ='#도장품'!H22 -> 2534233 | F37: =SUM(C37:E37) -> 56385974 | G37: O
B38: 보온설치 | C38: ='#보온'!I28 -> 4773600 | D38: ='#보온'!J28 -> 51749020 | E38: ='#보온'!K28 -> 1552440 | F38: =SUM(C38:E38) -> 58075060 | G38: O
B39: 보온철거 | C39: ='#보온'!I48 -> 0 | D39: ='#보온'!J48 -> 1242825.9 | E39: ='#보온'!K48 -> 11867407 | F39: =SUM(C39:E39) -> 13110232 | G39: O
B40: 지붕설치 | F40: =SUM(C40:E40) -> 0 | G40: X
B41: 지붕철거 | F41: =SUM(C41:E41) -> 0 | G41: X
A1048574: Made By 제선화성섹션 강순혁('25.4.19)
A1048575: Made By 제선화성섹션 강순혁('25.4.19)
A1048576: Made By 제선화성섹션 강순혁('25.4.19)

Sheet #설치품
B1: [설치품]
B2: 구 분 | C2: UNIT | D2: 물량 | E2: 적용품셈 | F2: FACTOR | L2: 품셈가 (ton당) | N2: S/D할증(연장,야간,휴일작업) | Q2: NO | R2: 직종명 | S2: 2025(상) 25.1.1 | T2: 2024(하) 24.9.1 | U2: 2024(상) | V2: 2023(하) | W2: 2023(상) | X2: 2022(하) | Y2: 2022(상) | Z2: 2021(하) | AA2: 2021(상) | AB2: 2020(상) | AC2: 2019(하) | AD2: 2019(상) | AE2: 2018(하) | AF2: 2018(上) | AG2: 2017(上) | AH2: 2016(下) | AI2: 2016(上) | AJ2: 2015(下) | AK2: 2015(上) | AL2: 2014(下) | AM2: 2014(上) | AN2: 2013(下) | AO2: 2013(上) | AP2: 2012(下) | AQ2: 2012(上)
F3: A01 | G3: A02 | H3: C07 | I3: C04 | J3: C07 | K3: F01 | N3: =33/73*0.5+2/10*0.75+0.5/7 -> 0.44745597 | Q3: <공사직종>
B4: 설치 | F4: 단중 | H4: 고소 | I4: 유해 | J4: SD(필요시) | K4: 기타 | Q4: 1001 | R4: 작업반장 | S4: 213033 | T4: 209949 | U4: 208713 | V4: 204626 | W4: 197548 | X4: 191344 | Y4: 189313 | Z4: 182544 | AA4: 180013 | AB4: 175081 | AC4: 159003 | AD4: 153186 | AE4: 145013 | AF4: 137535 | AG4: 128126 | AH4: 124304 | AI4: 117612 | AJ4: 111998 | AK4: 108086 | AL4: 109664 | AM4: 105826 | AN4: 105174 | AO4: 106156 | AP4: 103595 | AQ4: 102573
B5: 전기집진기 - 본체조립 | C5: ton | E5: W5831-101 | I5: 0.1 | L5: =N5*(1+SUM(F5:G5))*(1+SUM(H5:J5)) -> 2835218.7 | N5: =4.98*VLOOKUP("철골공",$R:$W,2,FALSE)+3.27*VLOOKUP("비계공",$R:$W,2,FALSE)+0.82*VLOOKUP("기계설비공",$R:$W,2,FALSE)+0.8*VLOOKUP("용접공",$R:$W,2,FALSE) -> 2577471.6 | Q5: 1002 | R5: 보통인부 | S5: 169804 | T5: 167081 | U5: 165545 | V5: 161858 | W5: 157068 | X5: 153671 | Y5: 148510 | Z5: 144481 | AA5: 141096 | AB5: 138290 | AC5: 130264 | AD5: 125427 | AE5: 118130 | AF5: 109819 | AG5: 102628 | AH5: 99882 | AI5: 94338 | AJ5: 89566 | AK5: 87805 | AL5: 86686 | AM5: 84166 | AN5: 83975 | AO5: 81443 | AP5: 80732 | AQ5: 75608 | AR5: 선부
B6: 전기집진기 - 기계조립 | C6: ton | E6: W5831-101 | I6: 0.1 | L6: =N6*(1+SUM(F6:G6))*(1+SUM(H6:J6)) -> 3210386.4 | N6: =5.79*VLOOKUP("기계설비공",$R:$W,2,FALSE)+2.29*VLOOKUP("비계공",$R:$W,2,FALSE)+0.76*VLOOKUP("용접공",$R:$W,2,FALSE)+3.12*VLOOKUP("특별인부",$R:$W,2,FALSE) -> 2918533.1 | Q6: 1003 | R6: 특별인부 | S6: 221506 | T6: 219321 | U6: 214222 | V6: 208527 | W6: 197450 | X6: 192375 | Y6: 187435 | Z6: 181293 | AA6: 179203 | AB6: 166063 | AC6: 155599 | AD6: 152019 | AE6: 141507 | AF6: 133417 | AG6: 123074 | AH6: 120716 | AI6: 115272 | AJ6: 111771 | AK6: 108245 | AL6: 106569 | AM6: 102334 | AN6: 100936 | AO6: 97951 | AP6: 92512 | AQ6: 97283 | AR6: 갱부
B7: 전기집진기 - 양극조립(방전극) | C7: ㎡ | E7: W5831-101 | I7: 0.1 | L7: =N7*(1+SUM(F7:G7))*(1+SUM(H7:J7)) -> 38571.923 | N7: =0.0479*VLOOKUP("플랜트제관공",$R:$W,2,FALSE)+0.0198*VLOOKUP("비계공",$R:$W,2,FALSE)+0.0646*VLOOKUP("특별인부",$R:$W,2,FALSE)+0.0101*VLOOKUP("용접공",$R:$W,2,FALSE) -> 35065.385 | Q7: 1004 | R7: 조력공 | S7: 180331 | T7: 178077 | U7: 176618 | V7: 171630 | W7: 165635 | X7: 162577 | Y7: 160048 | Z7: 153674 | AA7: 152740 | AB7: 140722 | AC7: 140220 | AD7: 133863 | AE7: 127124 | AF7: 120416 | AG7: 112847 | AH7: 110194 | AI7: 105790 | AJ7: 102144 | AK7: 98132 | AL7: 99380 | AM7: 103497 | AN7: 101122 | AO7: 95261 | AP7: 92694 | AQ7: 88637 | AR7: 조림인부
B8: 전기집진기 - 음극조립(집진극) | C8: ㎡ | E8: W5831-101 | I8: 0.1 | L8: =N8*(1+SUM(F8:G8))*(1+SUM(H8:J8)) -> 48024.984 | N8: =0.0618*VLOOKUP("플랜트제관공",$R:$W,2,FALSE)+0.0315*VLOOKUP("비계공",$R:$W,2,FALSE)+0.0794*VLOOKUP("특별인부",$R:$W,2,FALSE)+0.00451*VLOOKUP("용접공",$R:$W,2,FALSE) -> 43659.077 | Q8: 1005 | R8: 제도사 | S8: 232099 | T8: 230134 | U8: 223779 | V8: 217544 | W8: 209231 | X8: 207792 | Y8: 194662 | Z8: 188233 | AA8: 186251 | AB8: 171952 | AC8: 167434 | AD8: 159514 | AE8: 153608 | AF8: 144980 | AG8: 132819 | AH8: 128795 | AI8: 122341 | AJ8: 117921 | AK8: 113453 | AL8: 110834 | AM8: 108774 | AN8: 101657 | AO8: 93466 | AP8: 91037 | AQ8: 88987
Q9: 1006 | R9: 비계공 | S9: 279433 | T9: 282352 | U9: 280472 | V9: 281721 | W9: 278151 | X9: 269039 | Y9: 262297 | Z9: 254117 | AA9: 247977 | AB9: 234297 | AC9: 228462 | AD9: 224359 | AE9: 208195 | AF9: 196261 | AG9: 180153 | AH9: 175367 | AI9: 167860 | AJ9: 161990 | AK9: 158014 | AL9: 153958 | AM9: 149852 | AN9: 150673 | AO9: 141535 | AP9: 136740 | AQ9: 126924 | AR9: 특수비계공
B10: 일반기기 설치 0.5ton 미만 | C10: TON | E10: W5832 | F10: 0.2 | I10: 0.1 | L10: =$N$10*(1+SUM(F10:K10)) -> 4929596.7 | N10: =0.5*$T$122+7.24*VLOOKUP("기계설비공",$R:$W,2,FALSE)+2.86*VLOOKUP("비계공",$R:$W,2,FALSE)+0.95*VLOOKUP("용접공",$R:$W,2,FALSE)+3.9*VLOOKUP("특별인부",$R:$W,2,FALSE) -> 3791997.5 | Q10: 1007 | R10: 형틀목공 | S10: 272831 | T10: 275108 | U10: 274978 | V10: 274955 | W10: 259128 | X10: 246376 | Y10: 242138 | Z10: 230766 | AA10: 226280 | AB10: 215964 | AC10: 207239 | AD10: 201951 | AE10: 197929 | AF10: 189303 | AG10: 174036 | AH10: 168448 | AI10: 160431 | AJ10: 152831 | AK10: 151091 | AL10: 143562 | AM10: 132373 | AN10: 132235 | AO10: 115082 | AP10: 107506 | AQ10: 114466 | AR10: 동발공(터널)
B11: 일반기기 설치 0.5~1ton 미만 | C11: TON | E11: W5832 | F11: 0.1 | I11: 0.1 | L11: =$N$11*(1+SUM(F11:K11)) -> 4550397 | N11: =0.5*$T$122+7.24*VLOOKUP("기계설비공",$R:$W,2,FALSE)+2.86*VLOOKUP("비계공",$R:$W,2,FALSE)+0.95*VLOOKUP("용접공",$R:$W,2,FALSE)+3.9*VLOOKUP("특별인부",$R:$W,2,FALSE) -> 3791997.5 | Q11: 1008 | R11: 철근공 | S11: 264104 | T11: 261934 | U11: 260137 | V11: 261936 | W11: 252113 | X11: 240080 | Y11: 236805 | Z11: 229629 | AA11: 228896 | AB11: 219392 | AC11: 212935 | AD11: 210096 | AE11: 199266 | AF11: 189585 | AG11: 170033 | AH11: 164864 | AI11: 154424 | AJ11: 148057 | AK11: 140157 | AL11: 137204 | AM11: 128252 | AN11: 127758 | AO11: 118264 | AP11: 118389 | AQ11: 114884 | AR11: 절단공
B12: 일반기기 설치 1~5ton 미만 | C12: TON | E12: W5832 | F12: 0 | H12: 0.1 | I12: 0.1 | L12: =$N$11*(1+SUM(F12:K12)) -> 4550397 | N12: =0.5*$T$122+7.24*VLOOKUP("기계설비공",$R:$W,2,FALSE)+2.86*VLOOKUP("비계공",$R:$W,2,FALSE)+0.95*VLOOKUP("용접공",$R:$W,2,FALSE)+3.9*VLOOKUP("특별인부",$R:$W,2,FALSE) -> 3791997.5 | Q12: 1009 | R12: 철공 | S12: 237754 | T12: 237480 | U12: 233754 | V12: 230289 | W12: 223124 | X12: 211415 | Y12: 209189 | Z12: 202032 | AA12: 200155 | AB12: 192968 | AC12: 184100 | AD12: 178249 | AE12: 177994 | AF12: 170500 | AG12: 156492 | AH12: 151564 | AI12: 146509 | AJ12: 138413 | AK12: 138946 | AL12: 134827 | AM12: 132283 | AN12: 123225 | AO12: 122482 | AP12: 117844 | AQ12: 113632 | AR12: 절단공
B13: 일반기기 설치 5~30ton 미만 | C13: TON | E13: W5832 | F13: -0.15 | I13: 0.1 | L13: =$N$11*(1+SUM(F13:K13)) -> 3602397.6 | N13: =0.5*$T$122+7.24*VLOOKUP("기계설비공",$R:$W,2,FALSE)+2.86*VLOOKUP("비계공",$R:$W,2,FALSE)+0.95*VLOOKUP("용접공",$R:$W,2,FALSE)+3.9*VLOOKUP("특별인부",$R:$W,2,FALSE) -> 3791997.5 | Q13: 1010 | R13: 철판공 | S13: 219236 | T13: 216258 | U13: 211998 | V13: 208846 | W13: 202901 | X13: 193615 | Y13: 188181 | Z13: 185232 | AA13: 181604 | AB13: 183489 | AC13: 178010 | AD13: 164550 | AE13: 160892 | AF13: 153766 | AG13: 143643 | AH13: 140589 | AI13: 131821 | AJ13: 128022 | AK13: 120603 | AL13: 124199 | AM13: 124319 | AN13: 121590 | AO13: 120277 | AP13: 118154 | AQ13: 111670 | AR13: 절단공
B14: 일반기기 설치 30ton 이상 | C14: TON | E14: W5832 | F14: -0.25 | H14: 0.1 | I14: 0.1 | L14: =$N$11*(1+SUM(F14:K14)) -> 3602397.6 | N14: =0.5*$T$122+7.24*VLOOKUP("기계설비공",$R:$W,2,FALSE)+2.86*VLOOKUP("비계공",$R:$W,2,FALSE)+0.95*VLOOKUP("용접공",$R:$W,2,FALSE)+3.9*VLOOKUP("특별인부",$R:$W,2,FALSE) -> 3791997.5 | Q14: 1011 | R14: 철골공 | S14: 250239 | T14: 247269 | U14: 243126 | V14: 238762 | W14: 230145 | X14: 216712 | Y14: 214374 | Z14: 207346 | AA14: 205246 | AB14: 203456 | AC14: 198829 | AD14: 195321 | AE14: 185739 | AF14: 176388 | AG14: 156660 | AH14: 152524 | AI14: 143120 | AJ14: 138516 | AK14: 132746 | AL14: 129299 | AM14: 126237 | AN14: 130770 | AO14: 124625 | AP14: 120830 | AQ14: 114141 | AR14: 절단공
B15: HEATER 및 TANK 설치(중기 닿는 장소) | C15: 대 | E15: W6011 | I15: 0.1 | L15: =$N$15*(1+SUM(F15:K15)) -> 1503318 | N15: =1.04*VLOOKUP("플랜트기계설치공",$R:$W,2,FALSE)+0.11*VLOOKUP("비계공",$R:$W,2,FALSE)+4.92*VLOOKUP("특별인부",$R:$W,2,FALSE) -> 1366652.8 | Q15: 1012 | R15: 용접공 | S15: 278326 | T15: 270724 | U15: 267021 | V15: 262551 | W15: 249748 | X15: 238739 | Y15: 234564 | Z15: 230706 | AA15: 225966 | AB15: 223094 | AC15: 209394 | AD15: 198711 | AE15: 180350 | AF15: 169201 | AG15: 157183 | AH15: 153849 | AI15: 143509 | AJ15: 138252 | AK15: 134516 | AL15: 129940 | AM15: 129095 | AN15: 128244 | AO15: 118754 | AP15: 123164 | AQ15: 118003 | AR15: 용접공(일반)+용접공(철도)
B16: 강재류 조립설치 0.5ton 미만 | C16: TON | E16: W5931 | F16: 0.3 | I16: 0.1 | L16: =N16*(1+SUM(H16:J16))*(1+SUM(F16:G16)) -> 3809281 | N16: =0.3*$T$122+4.98*VLOOKUP("철골공",$R:$X,2,FALSE)+3.27*VLOOKUP("비계공",$R:$X,2,FALSE)+0.82*VLOOKUP("기계설비공",$R:$X,2,FALSE)+0.8*VLOOKUP("용접공",$R:$X,2,FALSE) -> 2663832.9 | Q16: 1013 | R16: 콘크리트공 | S16: 266361 | T16: 264080 | U16: 261283 | V16: 255373 | W16: 245223 | X16: 235988 | Y16: 227269 | Z16: 220755 | AA16: 215145 | AB16: 216409 | AC16: 208492 | AD16: 198242 | AE16: 199737 | AF16: 176062 | AG16: 161530 | AH16: 157427 | AI16: 148586 | AJ16: 142556 | AK16: 139853 | AL16: 131474 | AM16: 125217 | AN16: 123616 | AO16: 117989 | AP16: 111559 | AQ16: 107477 | AR16: 노즐공
B17: 강재류 조립설치 0.5~1ton 미만 | C17: TON | E17: W5931 | F17: 0.15 | I17: 0.1 | L17: =N17*(1+SUM(H17:J17))*(1+SUM(F17:G17)) -> 3369748.6 | N17: =0.3*$T$122+4.98*VLOOKUP("철골공",$R:$X,2,FALSE)+3.27*VLOOKUP("비계공",$R:$X,2,FALSE)+0.82*VLOOKUP("기계설비공",$R:$X,2,FALSE)+0.8*VLOOKUP("용접공",$R:$X,2,FALSE) -> 2663832.9 | Q17: 1014 | R17: 보링공 | S17: 225273 | T17: 221816 | U17: 223458 | V17: 220391 | W17: 212226 | X17: 199921 | Y17: 199076 | Z17: 193659 | AA17: 191340 | AB17: 174955 | AC17: 169406 | AD17: 161455 | AE17: 150050 | AF17: 142459 | AG17: 131456 | AH17: 127977 | AI17: 120813 | AJ17: 116234 | AK17: 111074 | AL17: 106648 | AM17: 104870 | AN17: 100791 | AO17: 97175 | AP17: 96008 | AQ17: 87389 | AR17: 보링공(지질조사)
B18: 강재류 조립설치 1~5ton 미만 | C18: TON | E18: W5931 | F18: 0 | I18: 0.1 | L18: =N18*(1+SUM(H18:J18))*(1+SUM(F18:G18)) -> 2930216.2 | N18: =0.3*$T$122+4.98*VLOOKUP("철골공",$R:$X,2,FALSE)+3.27*VLOOKUP("비계공",$R:$X,2,FALSE)+0.82*VLOOKUP("기계설비공",$R:$X,2,FALSE)+0.8*VLOOKUP("용접공",$R:$X,2,FALSE) -> 2663832.9 | Q18: 1015 | R18: 착암공 | S18: 220081 | T18: 212500 | U18: 210152 | V18: 207037 | W18: 194463 | X18: 189031 | Y18: 185264 | Z18: 174178 | AA18: 173250 | AB18: 156731 | AC18: 150052 | AD18: 142030 | AE18: 135852 | AF18: 129160 | AG18: 122918 | AH18: 119308 | AI18: 113289 | AJ18: 106060 | AK18: 103874 | AL18: 104951 | AM18: 96782 | AN18: 97004 | AO18: 89295 | AP18: 90510 | AQ18: 83149
B19: 강재류 조립설치 5~10ton 미만 | C19: TON | E19: W5931 | F19: -0.2 | I19: 0.1 | L19: =N19*(1+SUM(H19:J19))*(1+SUM(F19:G19)) -> 2344172.9 | N19: =0.3*$T$122+4.98*VLOOKUP("철골공",$R:$X,2,FALSE)+3.27*VLOOKUP("비계공",$R:$X,2,FALSE)+0.82*VLOOKUP("기계설비공",$R:$X,2,FALSE)+0.8*VLOOKUP("용접공",$R:$X,2,FALSE) -> 2663832.9 | Q19: 1016 | R19: 화약취급공 | S19: 258751 | T19: 252322 | U19: 254202 | V19: 246180 | W19: 236187 | X19: 226437 | Y19: 223097 | Z19: 207145 | AA19: 206294 | AB19: 184533 | AC19: 177500 | AD19: 170086 | AE19: 164540 | AF19: 169977 | AG19: 157414 | AH19: 152163 | AI19: 147280 | AJ19: 140738 | AK19: 137626 | AL19: 136494 | AM19: 126338 | AN19: 126015 | AO19: 116803 | AP19: 116554 | AQ19: 107051
B20: 강재류 조립설치 10ton 이상 | C20: TON | E20: W5931 | F20: -0.3 | I20: 0.1 | L20: =N20*(1+SUM(H20:J20))*(1+SUM(F20:G20)) -> 2051151.3 | N20: =0.3*$T$122+4.98*VLOOKUP("철골공",$R:$X,2,FALSE)+3.27*VLOOKUP("비계공",$R:$X,2,FALSE)+0.82*VLOOKUP("기계설비공",$R:$X,2,FALSE)+0.8*VLOOKUP("용접공",$R:$X,2,FALSE) -> 2663832.9 | Q20: 1017 | R20: 할석공 | S20: 236986 | T20: 233977 | U20: 229326 | V20: 220443 | W20: 210767 | X20: 208344 | Y20: 200625 | Z20: 195374 | AA20: 189028 | AB20: 182443 | AC20: 176436 | AD20: 170023 | AE20: 163030 | AF20: 152559 | AG20: 139420 | AH20: 135760 | AI20: 128283 | AJ20: 124273 | AK20: 119672 | AL20: 119120 | AM20: 112398 | AN20: 116402 | AO20: 107298 | AP20: 101771 | AQ20: 103334
B21: 가설강재 설치 | C21: TON | E21: W5921 | L21: =N21*(1+SUM(F21:K21)) -> 2382596.9 | N21: =4.98*VLOOKUP("철골공",$R:$X,2,FALSE)+3.27*VLOOKUP("비계공",$R:$X,2,FALSE)+0.8*VLOOKUP("용접공",$R:$X,2,FALSE) -> 2382596.9 | Q21: 1018 | R21: 포설공 | S21: 216121 | T21: 211355 | U21: 205982 | V21: 201946 | W21: 194853 | X21: 192239 | Y21: 183371 | AA21: 172935 | AB21: 158482 | AC21: 151602 | AD21: 145489 | AE21: 138693 | AF21: 131820 | AG21: 119124 | AH21: 115556 | AI21: 114608 | AJ21: 113795 | AK21: 110430 | AL21: 110164 | AM21: 103648 | AN21: 100604 | AO21: 93140 | AP21: 91841 | AQ21: 84211
B22: 강재 STAND 설치 | C22: TON | E22: W5932 | I22: 0.1 | L22: =N22*(1+SUM(F22:K22)) -> 1173802.8 | N22: =2.62*VLOOKUP("비계공",$R:$X,2,FALSE)+0.66*VLOOKUP("기계설비공",$R:$X,2,FALSE)+0.64*VLOOKUP("용접공",$R:$X,2,FALSE) -> 1067093.4 | Q22: 1019 | R22: 포장공 | S22: 267989 | T22: 266931 | U22: 258360 | V22: 255303 | W22: 237245 | X22: 232804 | Y22: 225104 | Z22: 215034 | AA22: 212761 | AB22: 194484 | AC22: 185736 | AD22: 176515 | AE22: 162899 | AF22: 154530 | AG22: 141226 | AH22: 137978 | AI22: 131508 | AJ22: 126728 | AK22: 121878 | AL22: 117562 | AM22: 112897 | AN22: 113536 | AO22: 105320 | AP22: 105237 | AQ22: 96988
B23: 덕트설치 (0m) | C23: TON | E23: W5911 | I23: 0.1 | L23: =N23*(1+SUM(H23:J23))*(1+SUM(F23:G23)) -> 2056691.6 | N23: =$T$122+0.1*VLOOKUP("특별인부",$R:$X,2,FALSE)+0.25*VLOOKUP("플랜트제관공",$R:$X,2,FALSE)+0.25*VLOOKUP("특별인부",$R:$X,2,FALSE)+2.87*VLOOKUP("비계공",$R:$X,2,FALSE)+1.33*VLOOKUP("특별인부",$R:$X,2,FALSE)+0.66*VLOOKUP("플랜트용접공",$R:$X,2,FALSE)+0.56*VLOOKUP("플랜트제관공",$R:$X,2,FALSE) -> 1869719.6 | Q23: 1020 | R23: 잠수부 | S23: 388892 | T23: 388408 | U23: 379657 | V23: 362612 | W23: 346760 | X23: 323830 | Y23: 322115 | Z23: 295409 | AA23: 285645 | AB23: 255749 | AC23: 275382 | AD23: 249770 | AE23: 269167 | AF23: 249104 | AG23: 228347 | AH23: 220486 | AI23: 199391 | AJ23: 185057 | AK23: 179574 | AL23: 185400 | AM23: 166216 | AN23: 158273 | AO23: 157610 | AP23: 155876 | AQ23: 142472
B24: 덕트설치 (10m) | C24: TON | E24: W5911 | H24: 0.1 | I24: 0.1 | L24: =N24*(1+SUM(H24:J24))*(1+SUM(F24:G24)) -> 2243663.6 | N24: =$T$122+0.1*VLOOKUP("특별인부",$R:$X,2,FALSE)+0.25*VLOOKUP("플랜트제관공",$R:$X,2,FALSE)+0.25*VLOOKUP("특별인부",$R:$X,2,FALSE)+2.87*VLOOKUP("비계공",$R:$X,2,FALSE)+1.33*VLOOKUP("특별인부",$R:$X,2,FALSE)+0.66*VLOOKUP("플랜트용접공",$R:$X,2,FALSE)+0.56*VLOOKUP("플랜트제관공",$R:$X,2,FALSE) -> 1869719.6 | Q24: 1021 | R24: 조적공 | S24: 266624 | T24: 269836 | U24: 260473 | V24: 250950 | W24: 242636 | X24: 233781 | Y24: 222862 | Z24: 219340 | AA24: 217664 | AB24: 209720 | AC24: 192633 | AD24: 185725 | AE24: 172091 | AF24: 161334 | AG24: 148121 | AH24: 143356 | AI24: 135009 | AJ24: 126631 | AK24: 125105 | AL24: 119163 | AM24: 122344 | AN24: 120532 | AO24: 116217 | AP24: 117597 | AQ24: 109297 | AR24: 치장벽돌공
B25: 덕트설치 (20m) | C25: TON | E25: W5911 | H25: 0.2 | I25: 0.1 | L25: =N25*(1+SUM(H25:J25))*(1+SUM(F25:G25)) -> 2430635.5 | N25: =$T$122+0.1*VLOOKUP("특별인부",$R:$X,2,FALSE)+0.25*VLOOKUP("플랜트제관공",$R:$X,2,FALSE)+0.25*VLOOKUP("특별인부",$R:$X,2,FALSE)+2.87*VLOOKUP("비계공",$R:$X,2,FALSE)+1.33*VLOOKUP("특별인부",$R:$X,2,FALSE)+0.66*VLOOKUP("플랜트용접공",$R:$X,2,FALSE)+0.56*VLOOKUP("플랜트제관공",$R:$X,2,FALSE) -> 1869719.6 | Q25: 1022 | R25: 견출공 | S25: 243075 | T25: 247288 | U25: 240918 | V25: 240727 | W25: 232725 | X25: 227145 | Y25: 218209 | Z25: 209167 | AA25: 199735 | AB25: 199140 | AC25: 187174 | AD25: 182686 | AE25: 170221 | AF25: 159626 | AG25: 146052 | AH25: 141250 | AI25: 134289 | AJ25: 129962 | AK25: 126819 | AL25: 121588 | AM25: 115792 | AN25: 117866 | AO25: 111378 | AP25: 112082 | AQ25: 103673
B26: 덕트설치 (30m) | C26: TON | E26: W5911 | H26: 0.3 | I26: 0.1 | L26: =N26*(1+SUM(H26:J26))*(1+SUM(F26:G26)) -> 2617607.5 | N26: =$T$122+0.1*VLOOKUP("특별인부",$R:$X,2,FALSE)+0.25*VLOOKUP("플랜트제관공",$R:$X,2,FALSE)+0.25*VLOOKUP("특별인부",$R:$X,2,FALSE)+2.87*VLOOKUP("비계공",$R:$X,2,FALSE)+1.33*VLOOKUP("특별인부",$R:$X,2,FALSE)+0.66*VLOOKUP("플랜트용접공",$R:$X,2,FALSE)+0.56*VLOOKUP("플랜트제관공",$R:$X,2,FALSE) -> 1869719.6 | Q26: 1023 | R26: 건축목공 | S26: 277894 | T26: 279267 | U26: 268058 | V26: 267639 | W26: 254714 | X26: 242631 | Y26: 237273 | Z26: 225210 | AA26: 224657 | AB26: 210176 | AC26: 203532 | AD26: 200925 | AE26: 188225 | AF26: 175760 | AG26: 163377 | AH26: 158297 | AI26: 148851 | AJ26: 142205 | AK26: 139327 | AL26: 133609 | AM26: 123567 | AN26: 123200 | AO26: 113962 | AP26: 113281 | AQ26: 104682
B27: 덕트설치 (50m) | C27: TON | E27: W5911 | H27: 0.4 | I27: 0.1 | L27: =N27*(1+SUM(H27:J27))*(1+SUM(F27:G27)) -> 2804579.4 | N27: =$T$122+0.1*VLOOKUP("특별인부",$R:$X,2,FALSE)+0.25*VLOOKUP("플랜트제관공",$R:$X,2,FALSE)+0.25*VLOOKUP("특별인부",$R:$X,2,FALSE)+2.87*VLOOKUP("비계공",$R:$X,2,FALSE)+1.33*VLOOKUP("특별인부",$R:$X,2,FALSE)+0.66*VLOOKUP("플랜트용접공",$R:$X,2,FALSE)+0.56*VLOOKUP("플랜트제관공",$R:$X,2,FALSE) -> 1869719.6 | Q27: 1024 | R27: 창호공 | S27: 248350 | T27: 249088 | U27: 248238 | V27: 242050 | W27: 236675 | X27: 234564 | Y27: 224380 | Z27: 219260 | AA27: 217409 | AB27: 199185 | AC27: 195972 | AD27: 187530 | AE27: 175176 | AF27: 163191 | AG27: 151907 | AH27: 147229 | AI27: 139607 | AJ27: 133792 | AK27: 132695 | AL27: 126072 | AM27: 128451 | AN27: 121799 | AO27: 117090 | AP27: 110390 | AQ27: 107183 | AR27: 창호목공+샷시공
B28: 덕트설치 (70m) | C28: TON | E28: W5911 | H28: 0.5 | I28: 0.1 | L28: =N28*(1+SUM(H28:J28))*(1+SUM(F28:G28)) -> 2991551.4 | N28: =$T$122+0.1*VLOOKUP("특별인부",$R:$X,2,FALSE)+0.25*VLOOKUP("플랜트제관공",$R:$X,2,FALSE)+0.25*VLOOKUP("특별인부",$R:$X,2,FALSE)+2.87*VLOOKUP("비계공",$R:$X,2,FALSE)+1.33*VLOOKUP("특별인부",$R:$X,2,FALSE)+0.66*VLOOKUP("플랜트용접공",$R:$X,2,FALSE)+0.56*VLOOKUP("플랜트제관공",$R:$X,2,FALSE) -> 1869719.6 | Q28: 1025 | R28: 유리공 | S28: 248139 | T28: 247778 | U28: 247643 | V28: 241506 | W28: 235191 | X28: 229105 | Y28: 221409 | Z28: 211036 | AA28: 205044 | AB28: 193212 | AC28: 190247 | AD28: 181240 | AE28: 167287 | AF28: 155803 | AG28: 143608 | AH28: 139664 | AI28: 133910 | AJ28: 129263 | AK28: 123257 | AL28: 123299 | AM28: 117474 | AN28: 116298 | AO28: 106359 | AP28: 105193 | AQ28: 101191
B29: 덕트설치 (90m) | C29: TON | E29: W5911 | H29: 0.6 | I29: 0.1 | L29: =N29*(1+SUM(H29:J29))*(1+SUM(F29:G29)) -> 3178523.4 | N29: =$T$122+0.1*VLOOKUP("특별인부",$R:$X,2,FALSE)+0.25*VLOOKUP("플랜트제관공",$R:$X,2,FALSE)+0.25*VLOOKUP("특별인부",$R:$X,2,FALSE)+2.87*VLOOKUP("비계공",$R:$X,2,FALSE)+1.33*VLOOKUP("특별인부",$R:$X,2,FALSE)+0.66*VLOOKUP("플랜트용접공",$R:$X,2,FALSE)+0.56*VLOOKUP("플랜트제관공",$R:$X,2,FALSE) -> 1869719.6 | Q29: 1026 | R29: 방수공 | S29: 220722 | T29: 219996 | U29: 212562 | V29: 206323 | W29: 199427 | X29: 191620 | Y29: 184934 | Z29: 176933 | AA29: 174334 | AB29: 158594 | AC29: 153086 | AD29: 148971 | AE29: 139009 | AF29: 130819 | AG29: 120907 | AH29: 116958 | AI29: 110271 | AJ29: 105008 | AK29: 101093 | AL29: 98523 | AM29: 91971 | AN29: 92902 | AO29: 87417 | AP29: 88799 | AQ29: 81612
B30: 공동가대 설치 | Q30: 1027 | R30: 미장공 | S30: 272354 | T30: 274502 | U30: 266787 | V30: 256225 | W30: 251976 | X30: 239846 | Y30: 237304 | Z30: 228820 | AA30: 228423 | AB30: 216528 | AC30: 214502 | AD30: 209611 | AE30: 188228 | AF30: 175547 | AG30: 162424 | AH30: 157810 | AI30: 149091 | AJ30: 141989 | AK30: 140811 | AL30: 135353 | AM30: 129924 | AN30: 123123 | AO30: 115095 | AP30: 112225 | AQ30: 107403
B31: 공동가대 설치(20m) | C31: TON | E31: W5946-101 | I31: 0.1 | L31: =N31*(1+SUM(F31:K31)) -> 1287872.6 | N31: =0.3*$T$122+1.07*VLOOKUP("비계공",$R:$X,2,FALSE)+2.36*VLOOKUP("철골공",$R:$X,2,FALSE)+0.82*VLOOKUP("기계설비공",$R:$X,2,FALSE) -> 1170793.3 | Q31: 1028 | R31: 타일공 | S31: 284337 | T31: 279575 | U31: 274325 | V31: 269214 | W31: 258876 | X31: 253427 | Y31: 247079 | Z31: 234370 | AA31: 230160 | AB31: 210086 | AC31: 206065 | AD31: 199848 | AE31: 187087 | AF31: 174390 | AG31: 159509 | AH31: 153735 | AI31: 145574 | AJ31: 141147 | AK31: 133837 | AL31: 132287 | AM31: 126339 | AN31: 130375 | AO31: 123611 | AP31: 120603 | AQ31: 115534
B32: Valve 설치 (100A) | C32: ea | E32: W6317 | I32: 0.1 | L32: =N32*(1+SUM(F32:K32)) -> 114809.11 | N32: =0.24*VLOOKUP("플랜트배관공",$R:$X,2,FALSE)+0.12*VLOOKUP("특별인부",$R:$X,2,FALSE) -> 104371.92 | Q32: 1029 | R32: 도장공 | S32: 253409 | T32: 256854 | U32: 250776 | V32: 249977 | W32: 242035 | X32: 235799 | Y32: 229273 | Z32: 217123 | AA32: 213676 | AB32: 198613 | AC32: 188854 | AD32: 184508 | AE32: 174277 | AF32: 153890 | AG32: 141733 | AH32: 138445 | AI32: 132552 | AJ32: 127681 | AK32: 122128 | AL32: 121900 | AM32: 115265 | AN32: 114929 | AO32: 109720 | AP32: 106840 | AQ32: 105730
B33: Valve 설치 (300A) | C33: ea | E33: W6317 | I33: 0.1 | L33: =N33*(1+SUM(F33:K33)) -> 309027.86 | N33: =0.646*VLOOKUP("플랜트배관공",$R:$X,2,FALSE)+0.323*VLOOKUP("특별인부",$R:$X,2,FALSE) -> 280934.42 | Q33: 1030 | R33: 내장공 | S33: 252249 | T33: 245524 | U33: 243538 | V33: 236263 | W33: 228883 | X33: 222738 | Y33: 217517 | Z33: 211250 | AA33: 206253 | AB33: 203246 | AC33: 192305 | AD33: 189600 | AE33: 177322 | AF33: 165367 | AG33: 154536 | AH33: 150050 | AI33: 144150 | AJ33: 137611 | AK33: 135112 | AL33: 129598 | AM33: 126011 | AN33: 124831 | AO33: 116367 | AP33: 114792 | AQ33: 108686
B34: Valve 설치 (500A) | C34: ea | E34: W6317 | I34: 0.1 | L34: =N34*(1+SUM(F34:K34)) -> 526208.43 | N34: =1.1*VLOOKUP("플랜트배관공",$R:$X,2,FALSE)+0.55*VLOOKUP("특별인부",$R:$X,2,FALSE) -> 478371.3 | Q34: 1031 | R34: 도배공 | S34: 222618 | T34: 221362 | U34: 215675 | V34: 211861 | W34: 205156 | X34: 199187 | Y34: 192426 | Z34: 188914 | AA34: 185814 | AB34: 174513 | AC34: 169575 | AD34: 165558 | AE34: 157719 | AF34: 145618 | AG34: 133325 | AH34: 129887 | AI34: 122699 | AJ34: 116463 | AK34: 116098 | AL34: 112571 | AM34: 108172 | AN34: 103928 | AO34: 97428 | AP34: 96090 | AQ34: 89724
B35: Valve 설치 (1500A) | C35: 0 | E35: W6317 | H35: 0.1 | I35: 0.1 | L35: =N35*(1+SUM(F35:G35))*(1+SUM(H35:J35)) -> 1549923 | N35: =(1.1*2.7)*VLOOKUP("플랜트배관공",$R:$X,2,FALSE)+(0.55*2.7)*VLOOKUP("특별인부",$R:$X,2,FALSE) -> 1291602.5 | Q35: 1032 | R35: 연마공 | S35: - | T35: - | U35: 201535 | X35: 186660 | Z35: 170190 | AA35: - | AB35: - | AC35: 153200 | AD35: 148870 | AE35: 145883 | AF35: 135816 | AG35: 129000 | AH35: 126629 | AI35: 121211 | AJ35: 116489 | AK35: 114286 | AL35: 113333 | AM35: 104643 | AN35: 103896 | AO35: 96799 | AP35: 96541 | AQ35: 90245
B36: Valve 설치 (900A) | E36: W6317 | H36: 0.1 | I36: 0.1 | L36: =N36*(1+SUM(F36:G36))*(1+SUM(H36:J36)) -> 1148091.1 | N36: =(1.1*2)*VLOOKUP("플랜트배관공",$R:$X,2,FALSE)+(0.55*2)*VLOOKUP("특별인부",$R:$X,2,FALSE) -> 956742.6 | Q36: 1033 | R36: 석공 | S36: 266246 | T36: 263972 | U36: 258935 | V36: 249245 | W36: 245307 | X36: 236050 | Y36: 226394 | Z36: 217417 | AA36: 212629 | AB36: 209932 | AC36: 204974 | AD36: 204601 | AE36: 190800 | AF36: 173847 | AG36: 162796 | AH36: 157965 | AI36: 151583 | AJ36: 143609 | AK36: 138838 | AL36: 135109 | AM36: 128136 | AN36: 133267 | AO36: 128544 | AP36: 128509 | AQ36: 119030
N37: 탄소강관 | O37: STS할증 | Q37: 1034 | R37: 줄눈공 | S37: 202696 | T37: 200341 | U37: 195370 | V37: 189100 | W37: 185459 | X37: 181682 | Y37: 176807 | Z37: 173416 | AA37: 169920 | AB37: 156858 | AC37: 150525 | AD37: 146786 | AE37: 134900 | AF37: 126890 | AG37: 121906 | AH37: 117880 | AI37: 114424 | AJ37: 109670 | AK37: 104254 | AL37: 102821 | AM37: 99267 | AN37: 99219 | AO37: 94619 | AP37: 90959 | AQ37: 88140
B38: 플랜트 배관(15A) 옥내 | C38: TON | E38: W6311 | I38: 0.1 | L38: =N38*(1+SUM(F38:G38))*(1+SUM(H38:J38)) -> 29603110 | N38: =47*VLOOKUP("플랜트용접공",$R:$X,2,FALSE)+23.5*VLOOKUP("플랜트배관공",$R:$X,2,FALSE)+23.5*VLOOKUP("특별인부",$R:$X,2,FALSE) -> 26911918 | O38: =L38*1.475 -> 43664587 | Q38: 1035 | R38: 판넬조립공 | S38: 237854 | T38: 232729 | U38: 226601 | V38: 216928 | W38: 213197 | X38: 205422 | Y38: 198691 | Z38: 192957 | AA38: 186646 | AB38: 183762 | AC38: 176700 | AD38: 166716 | AE38: 160436 | AF38: 152318 | AG38: 141394 | AH38: 137435 | AI38: 132250 | AJ38: 127665 | AK38: 122968 | AL38: 118192 | AM38: 122756 | AN38: 119474 | AO38: 111372 | AP38: 111345 | AQ38: 103162
B39: 플랜트 배관(20A) | C39: TON | E39: W6311 | I39: 0.1 | L39: =N39*(1+SUM(F39:G39))*(1+SUM(H39:J39)) -> 26990701 | N39: =42.9*VLOOKUP("플랜트용접공",$R:$X,2,FALSE)+21.4*VLOOKUP("플랜트배관공",$R:$X,2,FALSE)+21.4*VLOOKUP("특별인부",$R:$X,2,FALSE) -> 24537001 | O39: =L39*1.475 -> 39811284 | Q39: 1036 | R39: 지붕잇기공 | S39: 224113 | T39: 229334 | U39: 222346 | V39: 219230 | W39: 209602 | X39: 204039 | Y39: 194244 | Z39: 187839 | AA39: 181305 | AB39: 177964 | AC39: 169590 | AD39: 159703 | AE39: 155527 | AF39: 155855 | AG39: 144009 | AH39: 141063 | AI39: 133189 | AJ39: 127218 | AK39: 122862 | AL39: 122074 | AM39: 118788 | AN39: 118435 | AO39: 121564 | AP39: 122326 | AQ39: 114953
B40: 플랜트 배관(25A) | C40: TON | E40: W6311 | I40: 0.1 | L40: =N40*(1+SUM(F40:G40))*(1+SUM(H40:J40)) -> 22959639 | N40: =36.5*VLOOKUP("플랜트용접공",$R:$X,2,FALSE)+18.2*VLOOKUP("플랜트배관공",$R:$X,2,FALSE)+18.2*VLOOKUP("특별인부",$R:$X,2,FALSE) -> 20872399 | O40: =L40*1.475 -> 33865468 | Q40: 1037 | R40: 벌목부 | S40: 248681 | T40: 251041 | U40: 243490 | V40: 237386 | W40: 224390 | X40: 219920 | Y40: 213333 | Z40: 201640 | AA40: 200000 | AB40: 188584 | AC40: 174278 | AD40: 166034 | AE40: 162884 | AF40: 153571 | AG40: 144976 | AH40: 139681 | AI40: 133882 | AJ40: 126094 | AK40: 123948 | AL40: 122125 | AM40: 115303 | AN40: 114201 | AO40: 105911 | AP40: 105800 | AQ40: 99200
B41: 플랜트 배관(32A) | C41: TON | E41: W6311 | I41: 0.1 | L41: =N41*(1+SUM(F41:G41))*(1+SUM(H41:J41)) -> 20407250 | N41: =32.4*VLOOKUP("플랜트용접공",$R:$X,2,FALSE)+16.2*VLOOKUP("플랜트배관공",$R:$X,2,FALSE)+16.2*VLOOKUP("특별인부",$R:$X,2,FALSE) -> 18552046 | O41: =L41*1.475 -> 30100694 | Q41: 1038 | R41: 조경공 | S41: 224132 | T41: 222504 | U41: 219533 | V41: 213634 | W41: 203631 | X41: 192790 | Y41: 198749 | Z41: 185347 | AA41: 181378 | AB41: 179178 | AC41: 175057 | AD41: 169758 | AE41: 159410 | AF41: 147733 | AG41: 143852 | AH41: 137988 | AI41: 135114 | AJ41: 128487 | AK41: 124463 | AL41: 119232 | AM41: 113331 | AN41: 113194 | AO41: 104904 | AP41: 103362 | AQ41: 95540
B42: 플랜트 배관(40A) | C42: TON | E42: W6311 | I42: 0.1 | L42: =N42*(1+SUM(F42:G42))*(1+SUM(H42:J42)) -> 19777397 | N42: =31.4*VLOOKUP("플랜트용접공",$R:$X,2,FALSE)+15.7*VLOOKUP("플랜트배관공",$R:$X,2,FALSE)+15.7*VLOOKUP("특별인부",$R:$X,2,FALSE) -> 17979452 | O42: =L42*1.475 -> 29171660 | Q42: 1039 | R42: 배관공 | S42: 238145 | T42: 229664 | U42: 229482 | V42: 224209 | W42: 214118 | X42: 208255 | Y42: 202689 | Z42: 202212 | AA42: 201852 | AB42: 189003 | AC42: 186665 | AD42: 176011 | AE42: 163004 | AF42: 148689 | AG42: 137910 | AH42: 134427 | AI42: 125901 | AJ42: 122333 | AK42: 116622 | AL42: 117068 | AM42: 108729 | AN42: 112679 | AO42: 104844 | AP42: 103242 | AQ42: 95187
B43: 플랜트 배관(50A) | C43: TON | E43: W6311 | I43: 0.1 | L43: =N43*(1+SUM(F43:G43))*(1+SUM(H43:J43)) -> 18172753 | N43: =28.9*VLOOKUP("플랜트용접공",$R:$X,2,FALSE)+14.4*VLOOKUP("플랜트배관공",$R:$X,2,FALSE)+14.4*VLOOKUP("특별인부",$R:$X,2,FALSE) -> 16520685 | O43: =L43*1.52 -> 27622585 | Q43: 1040 | R43: 배관공(수도) | S43: 250572 | T43: 248510 | U43: 243168 | V43: 237446 | W43: 226771 | X43: 220741 | Y43: 216011 | Z43: 208005 | AA43: 205381 | AB43: 182347 | AC43: 180219 | AD43: 173600 | AE43: 177266 | AF43: 163848 | AG43: 149515 | AH43: 143391 | AI43: 140704 | AJ43: 136044 | AK43: 129775 | AL43: 137091 | AM43: 129456 | AN43: 133005 | AO43: 130795 | AP43: 124928 | AQ43: 121189
B44: 플랜트 배관(80A) | C44: TON | E44: W6311 | I44: 0.1 | L44: =N44*(1+SUM(F44:G44))*(1+SUM(H44:J44)) -> 16091272 | N44: =25.5*VLOOKUP("플랜트용접공",$R:$X,2,FALSE)+12.8*VLOOKUP("플랜트배관공",$R:$X,2,FALSE)+12.8*VLOOKUP("특별인부",$R:$X,2,FALSE) -> 14628429 | O44: =L44*1.52 -> 24458733 | Q44: 1041 | R44: 보일러공 | S44: 233255 | T44: 230103 | V44: 216022 | W44: 210465 | X44: 205072 | Z44: 193938 | AA44: 190000 | AB44: 182298 | AC44: 178567 | AD44: 171738 | AE44: 159406 | AF44: 147079 | AG44: 136450 | AH44: 130838 | AI44: 125520 | AJ44: 118057 | AK44: 122300 | AL44: 119278 | AM44: 113314 | AN44: 111174 | AO44: 103571 | AP44: 105230 | AQ44: 97465
B45: 플랜트 배관(100A) | C45: TON | E45: W6311 | I45: 0.1 | L45: =N45*(1+SUM(F45:G45))*(1+SUM(H45:J45)) -> 15023486 | N45: =23.9*VLOOKUP("플랜트용접공",$R:$X,2,FALSE)+11.9*VLOOKUP("플랜트배관공",$R:$X,2,FALSE)+11.9*VLOOKUP("특별인부",$R:$X,2,FALSE) -> 13657715 | O45: =L45*1.57 -> 23586873 | Q45: 1042 | R45: 위생공 | S45: 219040 | T45: 214222 | U45: 213253 | V45: 204242 | W45: 202504 | X45: 201663 | Y45: 196165 | Z45: 193759 | AA45: 193773 | AB45: 179133 | AC45: 173148 | AD45: 166350 | AE45: 153392 | AF45: 141618 | AG45: 131450 | AH45: 126225 | AI45: 121038 | AJ45: 116013 | AK45: 114023 | AL45: 113837 | AM45: 112110 | AN45: 105651 | AO45: 101593 | AP45: 102698 | AQ45: 93707
B46: 플랜트 배관(125A) | C46: TON | E46: W6311 | I46: 0.1 | L46: =N46*(1+SUM(F46:G46))*(1+SUM(H46:J46)) -> 14771545 | N46: =23.5*VLOOKUP("플랜트용접공",$R:$X,2,FALSE)+11.7*VLOOKUP("플랜트배관공",$R:$X,2,FALSE)+11.7*VLOOKUP("특별인부",$R:$X,2,FALSE) -> 13428677 | O46: =L46*1.635 -> 24151476 | Q46: 1043 | R46: 덕트공 | S46: 201482 | T46: 207557 | U46: 207048 | V46: 203376 | W46: 198718 | X46: 189441 | Y46: 188856 | Z46: 181078 | AA46: 181676 | AB46: 168742 | AC46: 164907 | AD46: 152631 | AE46: 147452 | AF46: 137653 | AG46: 126874 | AH46: 122054 | AI46: 116121 | AJ46: 112186 | AK46: 108388 | AL46: 105056 | AM46: 100659 | AN46: 100200 | AO46: 96182 | AP46: 96913 | AQ46: 88603 | AR46: 함석공
B47: 플랜트 배관(150A) | C47: TON | E47: W6311 | I47: 0.1 | L47: =N47*(1+SUM(F47:G47))*(1+SUM(H47:J47)) -> 13823799 | N47: =21.9*VLOOKUP("플랜트용접공",$R:$X,2,FALSE)+11*VLOOKUP("플랜트배관공",$R:$X,2,FALSE)+11*VLOOKUP("특별인부",$R:$X,2,FALSE) -> 12567090 | O47: =L47*1.72 -> 23776935 | Q47: 1044 | R47: 보온공 | S47: 213722 | T47: 214086 | U47: 204285 | V47: 201180 | W47: 194048 | X47: 191095 | Y47: 185212 | Z47: 183071 | AA47: 184244 | AB47: 180707 | AC47: 174352 | AD47: 160788 | AE47: 147179 | AF47: 133195 | AG47: 123274 | AH47: 118712 | AI47: 112777 | AJ47: 107826 | AK47: 101978 | AL47: 106975 | AM47: 105408 | AN47: 107815 | AO47: 98179 | AP47: 90568 | AQ47: 93112
B48: 플랜트 배관(200A) | C48: TON | E48: W6311 | I48: 0.1 | L48: =N48*(1+SUM(F48:G48))*(1+SUM(H48:J48)) -> 12630043 | N48: =20.1*VLOOKUP("플랜트용접공",$R:$X,2,FALSE)+10*VLOOKUP("플랜트배관공",$R:$X,2,FALSE)+10*VLOOKUP("특별인부",$R:$X,2,FALSE) -> 11481858 | O48: =L48*1.81 -> 22860378 | Q48: 1045 | R48: 인력운반공 | S48: 180404 | T48: 178347 | U48: 174273 | V48: 166401 | W48: 170594 | X48: 162860 | Y48: 161039 | Z48: 152837 | AA48: 152601 | AB48: 154522 | AC48: 146205 | AD48: 138477 | AE48: 131775 | AF48: 124911 | AG48: 113766 | AH48: 110197 | AI48: 104483 | AJ48: 98941 | AK48: 98311 | AL48: 97436 | AM48: 91429 | AN48: 93747 | AO48: 94666 | AP48: 95422 | AQ48: 88865 | AR48: 목도
B49: 플랜트 배관(300A) | C49: TON | E49: W6311 | I49: 0.1 | L49: =N49*(1+SUM(F49:K49)) -> 11451470 | N49: =17.8*VLOOKUP("플랜트용접공",$R:$X,2,FALSE)+9.3*VLOOKUP("플랜트배관공",$R:$X,2,FALSE)+9.3*VLOOKUP("특별인부",$R:$X,2,FALSE) -> 10410428 | O49: =L49*1.93 -> 22101338 | Q49: 1046 | R49: 궤도공 | S49: - | T49: 213095 | U49: 209325 | V49: 199932 | W49: 190168 | X49: 182713 | Y49: 175508 | Z49: 167662 | AA49: 163911 | AB49: 172081 | AC49: 159726 | AD49: 149629 | AE49: 140101 | AF49: 130850 | AG49: 121380 | AH49: 118155 | AI49: 110698 | AJ49: 106163 | AK49: 104040 | AL49: 103369 | AM49: 0 | AN49: 108682 | AO49: 104006 | AP49: 104948 | AQ49: 96970
B50: 플랜트 배관(400A) | C50: TON | E50: W6311 | I50: 0.1 | L50: =N50*(1+SUM(F50:K50)) -> 10548562 | N50: =16.7*VLOOKUP("플랜트용접공",$R:$X,2,FALSE)+8.4*VLOOKUP("플랜트배관공",$R:$X,2,FALSE)+8.4*VLOOKUP("특별인부",$R:$X,2,FALSE) -> 9589601.6 | O50: =L50*2.12 -> 22362951 | Q50: 1047 | R50: 건설기계조장 | S50: 202954 | T50: 200944 | U50: 194091 | W50: 186691 | X50: 183489 | Y50: 172131 | Z50: 165046 | AA50: 162226 | AB50: 160039 | AC50: 150469 | AD50: 148214 | AE50: 150798 | AF50: 138494 | AG50: 126645 | AH50: 122763 | AI50: 113244 | AJ50: 108152 | AK50: 106921 | AL50: 106163 | AM50: 101301 | AN50: 100397 | AO50: 96741 | AP50: 96560 | AQ50: 92878
B51: 플랜트 배관(500A) | C51: TON | E51: W6311 | I51: 0.1 | L51: =N51*(1+SUM(F51:K51)) -> 10087619 | N51: =13.3*VLOOKUP("플랜트용접공",$R:$X,2,FALSE)+9.5*VLOOKUP("플랜트배관공",$R:$X,2,FALSE)+9.5*VLOOKUP("특별인부",$R:$X,2,FALSE) -> 9170562.8 | O51: =L51*2.31 -> 23302400 | Q51: 1048 | R51: 건설기계운전사 | S51: 273971 | T51: 272996 | U51: 267360 | V51: 255803 | W51: 243295 | X51: 230245 | Y51: 229676 | Z51: 215834 | AA51: 212637 | AB51: 202885 | AC51: 190235 | AD51: 187069 | AE51: 181074 | AF51: 162022 | AG51: 148613 | AH51: 143601 | AI51: 135644 | AJ51: 130411 | AK51: 123642 | AL51: 121654 | AM51: 112268 | AN51: 114259 | AO51: 108713 | AP51: 104611 | AQ51: 109748 | AR51: 건설기계운전기사
B52: 플랜트 배관(600A) | C52: TON | E52: W6311 | I52: 0.1 | L52: =N52*(1+SUM(F52:K52)) -> 9540796.3 | N52: =15.1*VLOOKUP("플랜트용접공",$R:$X,2,FALSE)+7.6*VLOOKUP("플랜트배관공",$R:$X,2,FALSE)+7.6*VLOOKUP("특별인부",$R:$X,2,FALSE) -> 8673451.2 | O52: =L52*2.46 -> 23470359 | Q52: 1049 | R52: 화물차운전사 | S52: 237500 | T52: 233960 | U52: 226709 | V52: 218549 | W52: 208927 | X52: 192000 | Y52: 190297 | Z52: 178501 | AA52: 173879 | AB52: 176227 | AC52: 166752 | AD52: 158708 | AE52: 149306 | AF52: 138151 | AG52: 128673 | AH52: 125031 | AI52: 122499 | AJ52: 117523 | AK52: 115755 | AL52: 111861 | AM52: 105175 | AN52: 105884 | AO52: 98507 | AP52: 95017 | AQ52: 90701 | AR52: 운전사(운반차)
B53: 플랜트 배관(6A) 옥외 | C53: TON | E53: W6311 | I53: 0.1 | L53: =N53*(1+SUM(F53:G53))*(1+SUM(H53:J53)) -> 51237091 | N53: =81.3*VLOOKUP("플랜트용접공",$R:$X,2,FALSE)+40.7*VLOOKUP("플랜트배관공",$R:$X,2,FALSE)+40.7*VLOOKUP("특별인부",$R:$X,2,FALSE) -> 46579174 | O53: =L53*1.475 -> 75574710 | Q53: 1050 | R53: 일반기계운전사 | S53: 170920 | T53: 167059 | U53: 161142 | X53: 151669 | Y53: 140351 | Z53: 137143 | AA53: 137143 | AB53: 138956 | AC53: 131528 | AD53: 123282 | AE53: 117754 | AF53: 118763 | AG53: 106400 | AH53: 101844 | AI53: 96512 | AJ53: 90909 | AK53: 88379 | AL53: 90954 | AM53: 0 | AN53: 89737 | AO53: 82849 | AP53: 78273 | AQ53: 81728 | AR53: 운전사(기계)
B54: 플랜트 배관(15A) 옥외 | C54: TON | E54: W6311 | I54: 0.1 | L54: =N54*(1+SUM(F54:G54))*(1+SUM(H54:J54)) -> 24153395 | N54: =38.3*VLOOKUP("플랜트용접공",$R:$X,2,FALSE)+19.2*VLOOKUP("플랜트배관공",$R:$X,2,FALSE)+19.2*VLOOKUP("특별인부",$R:$X,2,FALSE) -> 21957632 | O54: =L54*1.475 -> 35626258 | Q54: 1051 | R54: 기계설비공 | S54: 237652 | T54: 242281 | U54: 233722 | V54: 232974 | W54: 213337 | X54: 210486 | Y54: 199489 | Z54: 194812 | AA54: 190522 | AB54: 185702 | AC54: 175669 | AD54: 166666 | AE54: 153426 | AF54: 145131 | AG54: 135407 | AH54: 131319 | AI54: 124953 | AJ54: 120482 | AK54: 114481 | AL54: 112867 | AM54: 106812 | AN54: 107755 | AO54: 100381 | AP54: 94676 | AQ54: 95011 | AR54: 기계공+기계설치공
B55: 플랜트 배관(20A) | C55: TON | E55: W6311 | I55: 0.1 | L55: =N55*(1+SUM(F55:G55))*(1+SUM(H55:J55)) -> 21540986 | N55: =34.2*VLOOKUP("플랜트용접공",$R:$X,2,FALSE)+17.1*VLOOKUP("플랜트배관공",$R:$X,2,FALSE)+17.1*VLOOKUP("특별인부",$R:$X,2,FALSE) -> 19582715 | O55: =L55*1.475 -> 31772955 | Q55: 1052 | R55: 준설선선장 | S55: - | T55: - | V55: 231855 | W55: 209438 | Z55: - | AA55: - | AB55: - | AC55: 153960 | AD55: 0 | AE55: 149178 | AF55: 136571 | AG55: 131924 | AH55: 126060 | AI55: 128000 | AJ55: 126060 | AK55: 123810 | AL55: 118056 | AM55: 0 | AN55: 116571 | AO55: 126154 | AP55: 0 | AQ55: 119215
B56: 플랜트 배관(25A) | C56: TON | E56: W6311 | I56: 0.1 | L56: =N56*(1+SUM(F56:G56))*(1+SUM(H56:J56)) -> 17920812 | N56: =28.5*VLOOKUP("플랜트용접공",$R:$X,2,FALSE)+14.2*VLOOKUP("플랜트배관공",$R:$X,2,FALSE)+14.2*VLOOKUP("특별인부",$R:$X,2,FALSE) -> 16291647 | O56: =L56*1.475 -> 26433198 | Q56: 1053 | R56: 준설선기관사 | S56: - | T56: - | V56: 204039 | W56: 184956 | Z56: - | AA56: - | AB56: - | AC56: 140829 | AD56: 0 | AE56: 141301 | AF56: 129869 | AG56: 125150 | AH56: 120000 | AI56: 121847 | AJ56: 120000 | AK56: 117463 | AL56: 111883 | AM56: 110167 | AN56: 100290 | AO56: 107692 | AP56: 0 | AQ56: 98825 | AR56: 준설선기관장, 준설선전기사
B57: 플랜트 배관(32A) | C57: TON | E57: W6311 | I57: 0.1 | L57: =N57*(1+SUM(F57:G57))*(1+SUM(H57:J57)) -> 15620364 | N57: =24.8*VLOOKUP("플랜트용접공",$R:$X,2,FALSE)+12.4*VLOOKUP("플랜트배관공",$R:$X,2,FALSE)+12.4*VLOOKUP("특별인부",$R:$X,2,FALSE) -> 14200331 | O57: =L57*1.475 -> 23040037 | P57: =O57*(1+SUM(F57:G57))*(1+SUM(H57:J57)) -> 25344041 | Q57: 1054 | R57: 준설선운전사 | S57: - | T57: - | V57: 198611 | W57: 180381 | Z57: - | AA57: - | AB57: - | AC57: 139161 | AD57: 131778 | AE57: 126892 | AF57: 119424 | AG57: 112007 | AH57: 106774 | AI57: 108417 | AJ57: 106774 | AK57: 104482 | AL57: 99884 | AM57: 0 | AN57: 98425 | AO57: 102857 | AP57: 0 | AQ57: 98299
B58: 플랜트 배관(40A) | C58: TON | E58: W6311 | I58: 0.1 | L58: =N58*(1+SUM(F58:G58))*(1+SUM(H58:J58)) -> 14990511 | N58: =23.8*VLOOKUP("플랜트용접공",$R:$X,2,FALSE)+11.9*VLOOKUP("플랜트배관공",$R:$X,2,FALSE)+11.9*VLOOKUP("특별인부",$R:$X,2,FALSE) -> 13627737 | O58: =L58*1.475 -> 22111004 | Q58: 1055 | R58: 선원 | S58: - | T58: 204255 | V58: 191869 | W58: 175538 | Y58: 160646 | Z58: 148176 | AA58: - | AB58: 142201 | AC58: 137972 | AD58: 130194 | AE58: 125707 | AF58: 118553 | AG58: 110424 | AH58: 111459 | AI58: 108000 | AJ58: 107317 | AK58: 107255 | AL58: 102894 | AM58: 100991 | AN58: 93160 | AO58: 91692 | AP58: 89177 | AQ58: 83617 | AR58: 보통선원+고급선원
B59: 플랜트 배관(50A) | C59: TON | E59: W6311 | I59: 0.1 | L59: =N59*(1+SUM(F59:G59))*(1+SUM(H59:J59)) -> 13571858 | N59: =21.5*VLOOKUP("플랜트용접공",$R:$X,2,FALSE)+10.8*VLOOKUP("플랜트배관공",$R:$X,2,FALSE)+10.8*VLOOKUP("특별인부",$R:$X,2,FALSE) -> 12338053 | O59: =L59*1.52 -> 20629224 | Q59: 1056 | R59: 플랜트배관공 | S59: 324130 | T59: 318247 | U59: 310129 | V59: 292829 | W59: 296392 | X59: 296124 | Y59: 289075 | Z59: 271268 | AA59: 266618 | AB59: 252529 | AC59: 249688 | AD59: 255579 | AE59: 240654 | AF59: 227813 | AG59: 236621 | AH59: 228165 | AI59: 215183 | AJ59: 207691 | AK59: 199445 | AL59: 191518 | AM59: 184655 | AN59: 180976 | AO59: 172716 | AP59: 157877 | AQ59: 155819 | AR59: 원자력배관공
B60: 플랜트 배관(80A) | C60: TON | E60: W6311 | I60: 0.1 | L60: =N60*(1+SUM(F60:G60))*(1+SUM(H60:J60)) -> 11808269 | N60: =18.7*VLOOKUP("플랜트용접공",$R:$X,2,FALSE)+9.4*VLOOKUP("플랜트배관공",$R:$X,2,FALSE)+9.4*VLOOKUP("특별인부",$R:$X,2,FALSE) -> 10734790 | O60: =L60*1.52 -> 17948568 | Q60: 1057 | R60: 플랜트제관공 | S60: 259128 | T60: 253759 | U60: 249947 | V60: 242760 | W60: 236086 | X60: 232031 | Y60: 228994 | Z60: 220871 | AA60: 208513 | AB60: 215389 | AC60: 210021 | AD60: 218174 | AE60: 208835 | AF60: 202953 | AG60: 194858 | AH60: 186570 | AI60: 181919 | AJ60: 174450 | AK60: 169175 | AL60: 159019 | AM60: 151437 | AN60: 149292 | AO60: 146253 | AP60: 145093 | AQ60: 132884 | AR60: 원자력제관공
B61: 플랜트 배관(100A) | C61: TON | E61: W6311 | I61: 0.1 | L61: =N61*(1+SUM(F61:G61))*(1+SUM(H61:J61)) -> 10926474 | N61: =17.3*VLOOKUP("플랜트용접공",$R:$X,2,FALSE)+8.7*VLOOKUP("플랜트배관공",$R:$X,2,FALSE)+8.7*VLOOKUP("특별인부",$R:$X,2,FALSE) -> 9933158 | O61: =L61*1.57 -> 17154564 | Q61: 1058 | R61: 플랜트용접공 | S61: 299776 | T61: 289294 | U61: 286083 | V61: 276653 | W61: 273303 | X61: 263081 | Y61: 254611 | Z61: 240972 | AA61: 238423 | AB61: 229620 | AC61: 221110 | AD61: 220359 | AE61: 214751 | AF61: 211791 | AG61: 221554 | AH61: 214492 | AI61: 206005 | AJ61: 198280 | AK61: 192353 | AL61: 191416 | AM61: 189801 | AN61: 182147 | AO61: 168786 | AP61: 163191 | AQ61: 176855
B62: 플랜트 배관(125A) | C62: TON | E62: W6311 | I62: 0.1 | L62: =N62*(1+SUM(F62:G62))*(1+SUM(H62:J62)) -> 10674532 | N62: =16.9*VLOOKUP("플랜트용접공",$R:$X,2,FALSE)+8.5*VLOOKUP("플랜트배관공",$R:$X,2,FALSE)+8.5*VLOOKUP("특별인부",$R:$X,2,FALSE) -> 9704120.4 | O62: =L62*1.635 -> 17452861 | Q62: 1059 | R62: 플랜트특수용접공 | S62: - | T62: 335294 | U62: 337986 | V62: 330000 | Y62: 309714 | AA62: 285714 | AB62: 242150 | AC62: - | AD62: 266702 | AE62: 245943 | AF62: 242882 | AG62: 238468 | AH62: 246554 | AI62: 238902 | AJ62: 231482 | AK62: 225221 | AL62: 216240 | AM62: 200635 | AN62: 203604 | AO62: 187135 | AP62: 182554 | AQ62: 176077
B63: 플랜트 배관(150A) | C63: TON | E63: W6311 | I63: 0.1 | L63: =N63*(1+SUM(F63:G63))*(1+SUM(H63:J63)) -> 9732717.7 | N63: =15.5*VLOOKUP("플랜트용접공",$R:$X,2,FALSE)+7.7*VLOOKUP("플랜트배관공",$R:$X,2,FALSE)+7.7*VLOOKUP("특별인부",$R:$X,2,FALSE) -> 8847925.2 | O63: =L63*1.72 -> 16740274 | Q63: 1060 | R63: 플랜트기계설치공 | S63: 236640 | T63: 238910 | U63: 240652 | V63: 236212 | W63: 240797 | X63: 228122 | Y63: 232558 | Z63: 224492 | AA63: 217415 | AB63: 204705 | AC63: 219705 | AD63: 223690 | AE63: 219777 | AF63: 217129 | AG63: 216166 | AH63: 208455 | AI63: 208340 | AJ63: 198390 | AK63: 185554 | AL63: 189035 | AM63: 182205 | AN63: 190147 | AO63: 173641 | AP63: 162361 | AQ63: 152521
B64: 플랜트 배관(200A) | C64: TON | E64: W6311 | I64: 0.1 | L64: =N64*(1+SUM(F64:G64))*(1+SUM(H64:J64)) -> 9036913.6 | N64: =14.3*VLOOKUP("플랜트용접공",$R:$X,2,FALSE)+7.2*VLOOKUP("플랜트배관공",$R:$X,2,FALSE)+7.2*VLOOKUP("특별인부",$R:$X,2,FALSE) -> 8215376 | O64: =L64*1.81 -> 16356814 | Q64: 1061 | R64: 플랜트특별인부 | S64: 218614 | T64: 215290 | U64: 216634 | V64: 207815 | W64: 205095 | X64: 198285 | Y64: 187735 | Z64: 182649 | AA64: 176704 | AB64: 170378 | AC64: 161468 | AD64: 162616 | AE64: 167839 | AF64: 158269 | AG64: 150555 | AH64: 144628 | AI64: 137324 | AJ64: 131788 | AK64: 128250 | AL64: 126616 | AM64: 118883 | AN64: 116557 | AO64: 108090 | AP64: 102645 | AQ64: 101412 | AR64: 원자력특별인부
B65: 플랜트 배관(300A) | C65: TON | E65: W6311 | I65: 0.1 | L65: =N65*(1+SUM(F65:K65)) -> 8062123.5 | N65: =12.8*VLOOKUP("플랜트용접공",$R:$X,2,FALSE)+6.4*VLOOKUP("플랜트배관공",$R:$X,2,FALSE)+6.4*VLOOKUP("특별인부",$R:$X,2,FALSE) -> 7329203.2 | O65: =L65*1.93 -> 15559898 | Q65: 1062 | R65: 플랜트케이블전공 | S65: 261587 | T65: 268376 | U65: 274097 | V65: 285303 | W65: 290265 | X65: 293572 | Y65: 296879 | Z65: 290040 | AA65: 274707 | AB65: 266554 | AC65: 246036 | AD65: 252875 | AE65: 257060 | AF65: 251985 | AG65: 239501 | AH65: 232364 | AI65: 220324 | AJ65: 210066 | AK65: 207818 | AL65: 199626 | AM65: 182762 | AN65: 174054 | AO65: 167857 | AP65: 160969 | AQ65: 152273 | AR65: 원자력케이블전공
B66: 플랜트 배관(350A) | C66: TON | E66: W6311 | I66: 0.1 | L66: =N66*(1+SUM(F66:K66)) -> 7525265.4 | N66: =11.9*VLOOKUP("플랜트용접공",$R:$X,2,FALSE)+6*VLOOKUP("플랜트배관공",$R:$X,2,FALSE)+6*VLOOKUP("특별인부",$R:$X,2,FALSE) -> 6841150.4 | O66: =L66*1.93 -> 14523762 | Q66: 1063 | R66: 플랜트계장공 | S66: 202712 | T66: 205259 | U66: 211930 | V66: 209366 | W66: 215631 | X66: 214700 | Y66: 208010 | Z66: 194262 | AA66: 196381 | AB66: 179826 | AC66: 189623 | AD66: 193134 | AE66: 184732 | AF66: 182976 | AG66: 167787 | AH66: 167232 | AI66: 162516 | AJ66: 165415 | AK66: 169435 | AL66: 168859 | AM66: 177113 | AN66: 169175 | AO66: 157124 | AP66: 154515 | AQ66: 141831 | AR66: 원자력계장공
B67: 플랜트 배관(400A) | C67: TON | E67: W6311 | I67: 0.1 | L67: =N67*(1+SUM(F67:K67)) -> 7465245.5 | N67: =11.9*VLOOKUP("플랜트용접공",$R:$X,2,FALSE)+5.9*VLOOKUP("플랜트배관공",$R:$X,2,FALSE)+5.9*VLOOKUP("특별인부",$R:$X,2,FALSE) -> 6786586.8 | O67: =L67*2.12 -> 15826320 | Q67: 1064 | R67: 플랜트덕트공 | S67: - | T67: - | U67: 210034 | V67: 196957 | AA67: 183708 | AB67: 168365 | AC67: 160300 | AD67: 161831 | AE67: - | AF67: 160714 | AG67: 152204 | AH67: 153762 | AI67: 148990 | AJ67: 148463 | AK67: 141804 | AL67: 137752 | AM67: 131657 | AN67: 0 | AO67: 0 | AP67: 0 | AQ67: 124424 | AR67: 원자력덕트공
B68: 플랜트 배관(500A) | C68: TON | E68: W6311 | I68: 0.1 | L68: =N68*(1+SUM(F68:K68)) -> 6769441.4 | N68: =10.7*VLOOKUP("플랜트용접공",$R:$X,2,FALSE)+5.4*VLOOKUP("플랜트배관공",$R:$X,2,FALSE)+5.4*VLOOKUP("특별인부",$R:$X,2,FALSE) -> 6154037.6 | O68: =L68*2.31 -> 15637410 | Q68: 1065 | R68: 플랜트보온공 | S68: 247028 | T68: 244203 | U68: 241557 | V68: 248017 | X68: 248570 | Y68: 236000 | Z68: 227694 | AA68: 219868 | AB68: 229121 | AC68: 237525 | AD68: 225972 | AE68: 227973 | AF68: 214681 | AG68: 209797 | AH68: 218315 | AI68: 207683 | AJ68: 199137 | AK68: 187469 | AL68: 188572 | AM68: 171547 | AN68: 165375 | AO68: 151459 | AP68: 149843 | AQ68: 138852 | AR68: 원자력보온공
B69: 플랜트 배관(600A) | C69: TON | E69: W6311 | I69: 0.1 | L69: =N69*(1+SUM(F69:K69)) -> 0 | O69: =L69*2.46 -> 0 | Q69: 1066 | R69: 제철축로공 | S69: - | T69: 349464 | U69: 326780 | V69: 323683 | W69: 292571 | X69: 282707 | Y69: 270000 | Z69: 260000 | AA69: 260000 | AB69: 260000 | AC69: 260000 | AD69: 250533 | AE69: 237472 | AF69: 235955 | AG69: 233372 | AH69: 233932 | AI69: 227911 | AJ69: 229812 | AK69: 223949 | AL69: 211829 | AM69: 225000 | AN69: 230603 | AO69: 255951 | AP69: 275263 | AQ69: 250667
B70: 플랜트배관 (900A) 옥외 | C70: Ton | E70: W6311 | H70: 0.1 | I70: 0.1 | L70: =N70*(1+SUM(F70:K70)) -> 7594213.9 | N70: =11.1*VLOOKUP("플랜트용접공",$R:$X,2,FALSE)+5.5*VLOOKUP("플랜트배관공",$R:$X,2,FALSE)+5.5*VLOOKUP("특별인부",$R:$X,2,FALSE) -> 6328511.6 | Q70: 1067 | R70: 비파괴시험공 | S70: 217619 | T70: 215484 | U70: 216221 | V70: 211797 | W70: 224819 | X70: 221714 | Y70: 218137 | Z70: 222653 | AA70: 227625 | AB70: 211907 | AC70: 258161 | AD70: 266376 | AE70: 272157 | AF70: 252642 | AG70: 236018 | AH70: 228210 | AI70: 215672 | AJ70: 218104 | AK70: 212015 | AL70: 208460 | AM70: 202305 | AN70: 196403 | AO70: 184376 | AP70: 181152 | AQ70: 167675 | AR70: 특급원자력비파괴시험공+고급원자력비파괴시험공
B71: 플랜트 배관(250A) 옥외 | C71: TON | E71: W6311 | I71: 0.1 | L71: =N71*(1+SUM(F71:K71)) -> 8314064.9 | N71: =13.2*VLOOKUP("플랜트용접공",$R:$X,2,FALSE)+6.6*VLOOKUP("플랜트배관공",$R:$X,2,FALSE)+6.6*VLOOKUP("특별인부",$R:$X,2,FALSE) -> 7558240.8 | Q71: 1068 | R71: 특급품질관리원 | S71: - | T71: - | U71: 196399 | V71: 192294 | X71: 186667 | Z71: 184123 | AA71: 182441 | AB71: 175338 | AC71: 166727 | AD71: 161386 | AE71: 165589 | AF71: 163055 | AG71: 151429 | AH71: 145116 | AI71: 141211 | AJ71: 138407 | AK71: 138292 | AL71: 135667 | AM71: 124954 | AN71: 123169 | AO71: 117460 | AP71: 119477 | AQ71: 109418 | AR71: 시험관련기사
Q72: 1069 | R72: 고급품질관리원 | S72: - | T72: 192704 | U72: 189751 | W72: 186338 | X72: 183333 | Y72: 179705 | Z72: 178915 | AA72: 175386 | AB72: 171650 | AC72: 159454 | AD72: 153385 | AE72: 149200 | AF72: 145529 | AG72: 134065 | AH72: 128297 | AI72: 121054 | AJ72: 114532 | AK72: 112496 | AL72: 109707 | AM72: 101427 | AN72: 100414 | AO72: 97066 | AP72: 97623 | AQ72: 106383 | AR72: 시험관련산업기사
B73: PUMP 설치 (원심 2단) 901- 1000 CMH 이하 | C73: 대 | E73: W5821 | I73: 0.1 | L73: =N73*(1+SUM(F73:K73)) -> 0 | Q73: 1070 | R73: 중급품질관리원 | S73: 172227 | T73: 173658 | U73: 178723 | V73: 175758 | W73: 166550 | X73: 167559 | Y73: 165777 | Z73: 163497 | AA73: 160900 | AB73: 157863 | AC73: 146887 | AD73: 140389 | AE73: 136237 | AF73: 133063 | AG73: 122121 | AH73: 117817 | AI73: 113011 | AJ73: 109937 | AK73: 104633 | AL73: 102339 | AM73: 96934 | AN73: 91909 | AO73: 88837 | AP73: 89894 | AQ73: 93802 | AR73: 2010년 신설
B74: PUMP 설치 (원심 2단) 1001- 2000 CMH 이하 | C74: 대 | E74: W5822 | I74: 0.1 | L74: =N74*(1+SUM(F74:K74)) -> 0 | Q74: 1071 | R74: 초급품질관리원 | S74: 144810 | T74: 146440 | U74: 147314 | V74: 146453 | W74: 139859 | X74: 140000 | Y74: 138833 | Z74: 137759 | AA74: 136668 | AB74: 132897 | AC74: 124000 | AD74: 119905 | AE74: 124164 | AF74: 120681 | AG74: 110001 | AH74: 105716 | AI74: 99902 | AJ74: 94545 | AK74: 91359 | AL74: 88983 | AM74: 84739 | AN74: 84561 | AO74: 86364 | AP74: 85278 | AQ74: 90660 | AR74: 시험관련기능사
Q75: 1072 | R75: 지적기사 | S75: 263991 | T75: 256260 | U75: 256928 | V75: 255175 | W75: 246481 | X75: 250962 | Y75: 250223 | Z75: 245110 | AA75: 248325 | AB75: 243896 | AC75: 235826 | AD75: 235513 | AE75: 236123 | AF75: 236268 | AG75: 223382 | AH75: 223006 | AI75: 206417 | AJ75: 213060 | AK75: 202574 | AL75: 201493 | AM75: 210950 | AN75: 211122 | AO75: 196139 | AP75: 193114 | AQ75: 195584
B76: Bag Filter 설치 | E76: W5835 | Q76: 1073 | R76: 지적산업기사 | S76: 236718 | T76: 234723 | U76: 233365 | V76: 231699 | W76: 215026 | X76: 219741 | Y76: 219307 | Z76: 217040 | AA76: 211956 | AB76: 210073 | AC76: 204511 | AD76: 204765 | AE76: 205702 | AF76: 205925 | AG76: 192665 | AH76: 190980 | AI76: 176057 | AJ76: 189484 | AK76: 178013 | AL76: 180780 | AM76: 175205 | AN76: 176646 | AO76: 173201 | AP76: 168906 | AQ76: 163870
B77: - 본체조립설치(본체, hopper, 계단 등) | E77: W5835 | H77: 0.1 | I77: 0.1 | L77: =N77*(1+SUM(F77:G77))*(1+SUM(H77:J77)) -> 3092965.9 | N77: =(4.98)*VLOOKUP("철골공",$R:$X,2,FALSE)+(3.27)*VLOOKUP("비계공",$R:$X,2,FALSE)+(0.82)*VLOOKUP("기계설비공",$R:$X,2,FALSE)+(0.8)*VLOOKUP("용접공",$R:$X,2,FALSE) -> 2577471.6 | Q77: 1074 | R77: 지적기능사 | S77: 181822 | T77: 185830 | U77: 192899 | V77: 189226 | W77: 118071 | X77: 181993 | Y77: 179864 | Z77: 177107 | AA77: 172575 | AB77: 176698 | AC77: 171936 | AD77: 173954 | AE77: 173700 | AF77: 174105 | AG77: 169586 | AH77: 163334 | AI77: 152797 | AJ77: 160774 | AK77: 154961 | AL77: 155121 | AM77: 149139 | AN77: 149064 | AO77: 151646 | AP77: 141524 | AQ77: 130795
B78: - 구동부, 구동기기 (후처리, vibrator 등) | E78: W5835 | I78: 0.1 | L78: =N78*(1+SUM(F78:G78))*(1+SUM(H78:J78)) -> 4012868.2 | N78: =(7.24)*VLOOKUP("기계설비공",$R:$X,2,FALSE)+(2.86)*VLOOKUP("비계공",$R:$X,2,FALSE)+(0.95)*VLOOKUP("용접공",$R:$X,2,FALSE)+(3.9)*VLOOKUP("특별인부",$R:$X,2,FALSE) -> 3648062 | Q78: 1075 | R78: 내선전공 | S78: 268915 | T78: 272860 | U78: 270251 | V78: 269968 | W78: 265406 | X78: 259089 | Y78: 258917 | Z78: 246868 | AA78: 242731 | AB78: 239716 | AC78: 233369 | AD78: 225408 | AE78: 212226 | AF78: 199157 | AG78: 185611 | AH78: 179883 | AI78: 169202 | AJ78: 160882 | AK78: 154049 | AL78: 151380 | AM78: 145901 | AN78: 144239 | AO78: 135106 | AP78: 134897 | AQ78: 122891
B79: - Bag Filter 설치 | E79: W5835 | H79: 0.2 | I79: 0.1 | L79: =N79*(1+SUM(F79:G79))*(1+SUM(H79:J79)) -> 21524.675 | N79: =(0.024)*VLOOKUP("기계설비공",$R:$X,2,FALSE)+(0.049)*VLOOKUP("특별인부",$R:$X,2,FALSE) -> 16557.442 | Q79: 1076 | R79: 특고압케이블전공 | S79: 436458 | T79: 414989 | U79: 431830 | V79: 421236 | W79: 420571 | X79: 399437 | Y79: 398124 | Z79: 379743 | AA79: 371737 | AB79: 354829 | AC79: 343650 | AD79: 323944 | AE79: 308360 | AF79: 288346 | AG79: 268590 | AH79: 258175 | AI79: 264903 | AJ79: 260975 | AK79: 249446 | AL79: 247913 | AM79: 246203 | AN79: 243173 | AO79: 237241 | AP79: 230335 | AQ79: 222742
Q80: 1077 | R80: 고압케이블전공 | S80: 370529 | T80: 354400 | U80: 363241 | V80: 354087 | W80: 353395 | X80: 340018 | Y80: 338864 | Z80: 321061 | AA80: 313970 | AB80: 300453 | AC80: 288852 | AD80: 295582 | AE80: 281860 | AF80: 276182 | AG80: 249846 | AH80: 239949 | AI80: 235207 | AJ80: 235019 | AK80: 226338 | AL80: 222944 | AM80: 219958 | AN80: 217218 | AO80: 205729 | AP80: 188200 | AQ80: 187417
Q81: 1078 | R81: 저압케이블전공 | S81: 300337 | T81: 301374 | U81: 295784 | V81: 290333 | W81: 288442 | X81: 272282 | Y81: 271717 | Z81: 261463 | AA81: 254661 | AB81: 237385 | AC81: 237221 | AD81: 235560 | AE81: 223581 | AF81: 219560 | AG81: 200964 | AH81: 192705 | AI81: 199868 | AJ81: 193986 | AK81: 189301 | AL81: 185731 | AM81: 179717 | AN81: 173655 | AO81: 163808 | AP81: 162923 | AQ81: 149599
B82: 이설 | Q82: 1079 | R82: 송전전공 | S82: 627960 | T82: 621630 | U82: 597707 | V82: 592622 | W82: 536946 | X82: 518464 | Y82: 494608 | Z82: 478574 | AA82: 458124 | AB82: 436350 | AC82: 425796 | AD82: 402795 | AE82: 394532 | AF82: 385403 | AG82: 366921 | AH82: 356456 | AI82: 351506 | AJ82: 358569 | AK82: 346129 | AL82: 345127 | AM82: 344087 | AN82: 342661 | AO82: 341541 | AP82: 332019 | AQ82: 317565
B83: 일반기기 설치 0.5ton 미만 | C83: TON | E83: W5832 | F83: 0.2 | I83: 0.1 | K83: 0.3 | L83: =$N$83*(1+SUM(F83:K83)) -> 6067195.9 | N83: =N10 -> 3791997.5 | Q83: 1080 | R83: 송전활선전공 | S83: 662709 | T83: 652757 | U83: 636410 | V83: 618655 | W83: 590847 | X83: 568157 | Y83: 542726 | Z83: 521531 | AA83: 501102 | AB83: 465125 | AC83: 451971 | AD83: 434661 | AE83: 407698 | AF83: 408278 | AG83: 397543 | AH83: 377712 | AI83: 390035 | AJ83: 392819 | AK83: 377103 | AL83: 375466 | AM83: 374490 | AN83: 373352 | AO83: 372088 | AP83: 367817 | AQ83: 363254
B84: 일반기기 설치 0.5~1ton 미만 | C84: TON | E84: W5832 | F84: 0.1 | I84: 0.1 | K84: 0.3 | L84: =$N$83*(1+SUM(F84:K84)) -> 5687996.2 | Q84: 1081 | R84: 배전전공 | S84: 408559 | T84: 402995 | U84: 402085 | V84: 397884 | W84: 397259 | X84: 387818 | Y84: 379666 | Z84: 367399 | AA84: 361209 | AB84: 334072 | AC84: 350233 | AD84: 336973 | AE84: 322317 | AF84: 303747 | AG84: 304689 | AH84: 300525 | AI84: 274706 | AJ84: 254503 | AK84: 247311 | AL84: 244965 | AM84: 237193 | AN84: 232495 | AO84: 216877 | AP84: 214518 | AQ84: 195794
B85: 일반기기 설치 1~5ton 미만 | C85: TON | E85: W5832 | F85: 0 | I85: 0.1 | K85: 0.3 | L85: =$N$83*(1+SUM(F85:K85)) -> 5308796.4 | Q85: 1082 | R85: 배전활선전공 | S85: 557881 | T85: 537271 | U85: 563401 | V85: 528123 | W85: 520394 | X85: 509392 | Y85: 508299 | Z85: 496651 | AA85: 472721 | AB85: 440180 | AC85: 439018 | AD85: 424632 | AE85: 414974 | AF85: 393347 | AG85: 387463 | AH85: 385385 | AI85: 376824 | AJ85: 373173 | AK85: 366779 | AL85: 361522 | AM85: 352345 | AN85: 349284 | AO85: 345506 | AP85: 341528 | AQ85: 338780
B86: 일반기기 설치 5~30ton 미만 | C86: TON | E86: W5832 | F86: -0.15 | I86: 0.1 | K86: 0.3 | L86: =$N$83*(1+SUM(F86:K86)) -> 4739996.8 | Q86: 1083 | R86: 플랜트전공 | S86: 266062 | T86: 262536 | U86: 250164 | V86: 259896 | W86: 251195 | X86: 241264 | Y86: 228988 | Z86: 221799 | AA86: 216250 | AB86: 216865 | AC86: 206738 | AD86: 205890 | AE86: 209529 | AF86: 202202 | AG86: 184766 | AH86: 185583 | AI86: 180382 | AJ86: 183097 | AK86: 189168 | AL86: 190040 | AM86: 182761 | AN86: 177610 | AO86: 163491 | AP86: 158613 | AQ86: 144303
B87: 일반기기 설치 30ton 이상 | C87: TON | E87: W5832 | F87: -0.25 | I87: 0.1 | K87: 0.3 | L87: =$N$83*(1+SUM(F87:K87)) -> 4360797.1 | Q87: 1084 | R87: 계장공 | S87: 315484 | T87: 310890 | U87: 302065 | V87: 304711 | W87: 283405 | X87: 268571 | Y87: 259947 | Z87: 252262 | AA87: 245687 | AB87: 223793 | AC87: 218322 | AD87: 210643 | AE87: 203065 | AF87: 195084 | AG87: 183803 | AH87: 179627 | AI87: 182853 | AJ87: 171877 | AK87: 169609 | AL87: 158680 | AM87: 156673 | AN87: 152177 | AO87: 148981 | AP87: 145900 | AQ87: 139784
Q88: 1085 | R88: 철도신호공 | S88: 297049 | T88: 302209 | U88: 291991 | V88: 290890 | W88: 271097 | X88: 261379 | Y88: 255337 | Z88: 258264 | AA88: 254765 | AB88: 259555 | AC88: 243070 | AD88: 229729 | AE88: 218618 | AF88: 211706 | AG88: 207768 | AH88: 208591 | AI88: 213802 | AJ88: 203649 | AK88: 202908 | AL88: 189906 | AM88: 185464 | AN88: 183404 | AO88: 175048 | AP88: 168896 | AQ88: 154561
B89: 강재류 조립설치 0.5ton 미만 | C89: TON | E89: W5931 | F89: 0.3 | I89: 0.1 | K89: 0.25 | L89: =$N$89*(1+SUM(F89:K89)) -> 4395324.2 | N89: =N16 -> 2663832.9 | Q89: 1086 | R89: 통신내선공 | S89: 278565 | T89: 275107 | U89: 267277 | V89: 263371 | W89: 251790 | X89: 242964 | Y89: 235597 | Z89: 226011 | AA89: 224251 | AB89: 219422 | AC89: 214857 | AD89: 204358 | AE89: 200374 | AF89: 187873 | AG89: 174758 | AH89: 168154 | AI89: 160672 | AJ89: 152692 | AK89: 147290 | AL89: 146101 | AM89: 143290 | AN89: 138712 | AO89: 129963 | AP89: 128024 | AQ89: 122975
B90: 강재류 조립설치 0.5~1ton 미만 | C90: TON | E90: W5931 | F90: 0.15 | I90: 0.1 | K90: 0.25 | L90: =$N$89*(1+SUM(F90:K90)) -> 3995749.3 | Q90: 1087 | R90: 통신설비공 | S90: 308930 | T90: 305050 | U90: 296882 | V90: 293037 | W90: 280506 | X90: 272067 | Y90: 262069 | Z90: 256098 | AA90: 245619 | AB90: 245030 | AC90: 233636 | AD90: 224927 | AE90: 219053 | AF90: 203165 | AG90: 184999 | AH90: 186932 | AI90: 175822 | AJ90: 165682 | AK90: 162844 | AL90: 159843 | AM90: 151363 | AN90: 149755 | AO90: 137172 | AP90: 136710 | AQ90: 124758
B91: 강재류 조립설치 1~5ton 미만 | C91: TON | E91: W5931 | F91: 0 | I91: 0.1 | K91: 0.25 | L91: =$N$89*(1+SUM(F91:K91)) -> 3596174.4 | Q91: 1088 | R91: 통신외선공 | S91: 405235 | T91: 397952 | U91: 387376 | V91: 380953 | W91: 363102 | X91: 357144 | Y91: 339610 | Z91: 334353 | AA91: 319849 | AB91: 315405 | AC91: 302821 | AD91: 290398 | AE91: 281811 | AF91: 257995 | AG91: 236760 | AH91: 228133 | AI91: 217488 | AJ91: 206221 | AK91: 200255 | AL91: 197710 | AM91: 193017 | AN91: 184490 | AO91: 174902 | AP91: 173041 | AQ91: 172407
B92: 강재류 조립설치 5~10ton 미만 | C92: TON | E92: W5931 | F92: -0.2 | I92: 0.1 | K92: 0.25 | L92: =$N$89*(1+SUM(F92:K92)) -> 3063407.8 | Q92: 1089 | R92: 통신케이블공 | S92: 433400 | T92: 423830 | U92: 414944 | V92: 407575 | W92: 389536 | X92: 381041 | Y92: 364905 | Z92: 356624 | AA92: 339623 | AB92: 332485 | AC92: 326966 | AD92: 326000 | AE92: 314268 | AF92: 297858 | AG92: 271248 | AH92: 261699 | AI92: 254897 | AJ92: 247227 | AK92: 237581 | AL92: 235275 | AM92: 223853 | AN92: 223084 | AO92: 210204 | AP92: 209638 | AQ92: 191885
B93: 강재류 조립설치 10ton 이상 | C93: TON | E93: W5931 | F93: -0.3 | H93: 0.2 | I93: 0.1 | K93: 0.25 | L93: =$N$89*(1+SUM(F93:K93)) -> 3329791.1 | Q93: 1090 | R93: 무선안테나공 | S93: 350908 | T93: 347927 | U93: 339642 | V93: 334429 | W93: 319190 | X93: 311012 | Y93: 299544 | Z93: 284467 | AA93: 273520 | AB93: 268208 | AC93: 254636 | AD93: 246693 | AE93: 251889 | AF93: 228313 | AG93: 210980 | AH93: 203950 | AI93: 197143 | AJ93: 189061 | AK93: 185961 | AL93: 181233 | AM93: 178124 | AN93: 176534 | AO93: 164612 | AP93: 156739 | AQ93: 149521
Q94: 1091 | R94: 석면해체공 | S94: 203923 | T94: 203469 | U94: 196351 | V94: 202830 | W94: 198675 | X94: 191523 | Y94: 181057 | Z94: 186269 | AA94: 184615 | AB94: 186578 | AC94: 178514 | AD94: 168117 | AE94: 159868 | AF94: 147482 | AG94: 134648 | AH94: 129920 | AI94: 123810 | AJ94: 117550 | AK94: 108037 | AL94: 111020 | AM94: 105370 | AN94: 99818 | AO94: 97473 | AP94: 93868 | AQ94: 99179 | AR94: 2010년 신설
B95: 철거 | Q95: <광.전자통신직종>
B96: 기기강재류 철거 | C96: TON | E96: W5944 | H96: 0.1 | I96: 0.1 | L96: =N96*(1+SUM(F96:G96))*(1+SUM(H96:J96)) -> 499752.35 | N96: =(0.255)*VLOOKUP("철골공",$R:$X,2,FALSE)+(1.015)*VLOOKUP("비계공",$R:$X,2,FALSE)+(0.248)*VLOOKUP("용접공",$R:$X,2,FALSE) -> 416460.29 | Q96: 2001 | R96: 광케이블설치사 | S96: 460429 | T96: 455593 | U96: 444142 | V96: 430849 | W96: 409726 | X96: 398214 | Y96: 388288 | Z96: 374910 | AA96: 360206 | AB96: 339533 | AC96: 340232 | AD96: 332790 | AE96: 329592 | AF96: 307477 | AG96: 286348 | AH96: 278477 | AI96: 259367 | AJ96: 246430 | AK96: 242548 | AL96: 236098 | AM96: 226062 | AN96: 223842 | AO96: 214819 | AP96: 213445 | AQ96: 195695 | AR96: 광통신설치사
B97: 기기강재류 철거(재사용) | C97: TON | E97: W5932 | L97: =L96*1.4 -> 699653.28 | Q97: 2002 | R97: H/W시험사 | S97: 384609 | T97: 381052 | U97: 375020 | V97: 364183 | W97: 354947 | X97: 349792 | Y97: 330981 | Z97: 332268 | AA97: 330411 | AB97: 322434 | AC97: 316006 | AD97: 300441 | AE97: 281211 | AF97: 258122 | AG97: 240107 | AH97: 232334 | AI97: 221946 | AJ97: 210314 | AK97: 207463 | AL97: 204329 | AM97: 196712 | AN97: 194224 | AO97: 191839 | AP97: 191461 | AQ97: 183444 | AR97: H/W설치사
B98: 플랜트 배관(25A) | C98: TON | E98: W6351 | F98: -0.3 | I98: 0.1 | L98: =N98*(1+SUM(F98:K98)) -> 0 | Q98: 2003 | R98: S/W시험사 | S98: 445000 | T98: 444532 | U98: 433747 | V98: 423318 | W98: 401195 | X98: 391265 | Y98: 377187 | Z98: 364327 | AA98: 354793 | AB98: 344600 | AC98: 335062 | AD98: 316695 | AE98: 306008 | AF98: 282126 | AG98: 261513 | AH98: 253927 | AI98: 240506 | AJ98: 228481 | AK98: 225925 | AL98: 222435 | AM98: 218372 | AN98: 215253 | AO98: 211502 | AP98: 207425 | AQ98: 194219 | AR98: CPU시험사
B99: 플랜트 배관(50A) | C99: TON | E99: W6351 | F99: -0.3 | I99: 0.1 | L99: =N99*(1+SUM(F99:K99)) -> 0 | Q99: <문화재 공사직종> | T99: -
B100: 플랜트 배관(100A) | C100: TON | E100: W6351 | F100: -0.3 | I100: 0.1 | L100: =N100*(1+SUM(F100:K100)) -> 0 | Q100: 3001 | R100: 도편수 | S100: - | T100: 506030 | U100: 514479 | V100: 508529 | W100: 457143 | X100: 477025 | AA100: 421053 | AB100: 369417 | AC100: 350394 | AD100: 331207 | AE100: 320137 | AF100: 323645 | AG100: 303876 | AH100: 293638 | AI100: 302639 | AJ100: 292427 | AK100: 291962 | AL100: 281023 | AM100: 262142 | AN100: 236222 | AO100: 224975 | AP100: 204917 | AQ100: 185455
...

Sheet #제작품
B1: [제작품]
B2: 구 분 | E2: UNIT | F2: 물량 | G2: 적용품셈 | H2: FACTOR | M2: 품셈가 (ton당) | R2: NO | S2: 직종명 | T2: 2025(상) 25.1.1 | U2: 2024(하) 24.9.1 | V2: 2024(상) | W2: 2023(하) | X2: 2023(상) | Y2: 2022(하) | Z2: 2022(상) | AA2: 2021(하) | AB2: 2021(상) | AC2: 2020(상) | AD2: 2019(하) | AE2: 2019(상) | AF2: 2018(하) | AG2: 2018(上) | AH2: 2017(上) | AI2: 2016(下) | AJ2: 2016(上) | AK2: 2015(下) | AL2: 2015(上) | AM2: 2014(下) | AN2: 2014(上) | AO2: 2013(下) | AP2: 2013(上) | AQ2: 2012(下) | AR2: 2012(上)
H3: F01(a) | I3: F02(b) | J3: F03 | K3: F04 | R3: <공사직종>
H4: 단중 | I4: 종류 | J4: 용접공 | K4: 특별인부 | L4: 강종 | O4: 공장제작 | P4: 현장제작 | R4: 1001 | S4: 작업반장 | T4: 213033 | U4: 209949 | V4: 208713 | W4: 204626 | X4: 197548 | Y4: 191344 | Z4: 189313 | AA4: 182544 | AB4: 180013 | AC4: 175081 | AD4: 159003 | AE4: 153186 | AF4: 145013 | AG4: 137535 | AH4: 128126 | AI4: 124304 | AJ4: 117612 | AK4: 111998 | AL4: 108086 | AM4: 109664 | AN4: 105826 | AO4: 105174 | AP4: 106156 | AQ4: 103595 | AR4: 102573
B5: 1. 제작 공사 | D5: W6151 | M5: 현장적용 | O5: W6151 | P5: W6152 | R5: 1002 | S5: 보통인부 | T5: 169804 | U5: 167081 | V5: 165545 | W5: 161858 | X5: 157068 | Y5: 153671 | Z5: 148510 | AA5: 144481 | AB5: 141096 | AC5: 138290 | AD5: 130264 | AE5: 125427 | AF5: 118130 | AG5: 109819 | AH5: 102628 | AI5: 99882 | AJ5: 94338 | AK5: 89566 | AL5: 87805 | AM5: 86686 | AN5: 84166 | AO5: 83975 | AP5: 81443 | AQ5: 80732 | AR5: 75608 | AS5: 선부
C6: 지주류 | D6: 0.5TON이하 | E6: TON | G6: W6151 | H6: 0.7 | I6: 0 | J6: 1.4 | K6: 0.37 | L6: 0.4 | M6: =P6*(1+L6+SUM(H6:I6))+(J6)*VLOOKUP("용접공",$S:$AB,2,FALSE)+(K6)*VLOOKUP("보통인부",$S:$AB,2,FALSE) -> 7643222.5 | N6: 6273558 | O6: =(8.15)*VLOOKUP("철골공",$S:$AB,2,FALSE)+(3)*VLOOKUP("비계공",$S:$AB,2,FALSE)+(0.25)*VLOOKUP("보통인부",$S:$AB,2,FALSE) -> 2920197.9 | P6: =(10.13)*VLOOKUP("철골공",$S:$AB,2,FALSE)+(3)*VLOOKUP("비계공",$S:$AB,2,FALSE)+(0.3)*VLOOKUP("보통인부",$S:$AB,2,FALSE) -> 3424161.3 | R6: 1003 | S6: 특별인부 | T6: 221506 | U6: 219321 | V6: 214222 | W6: 208527 | X6: 197450 | Y6: 192375 | Z6: 187435 | AA6: 181293 | AB6: 179203 | AC6: 166063 | AD6: 155599 | AE6: 152019 | AF6: 141507 | AG6: 133417 | AH6: 123074 | AI6: 120716 | AJ6: 115272 | AK6: 111771 | AL6: 108245 | AM6: 106569 | AN6: 102334 | AO6: 100936 | AP6: 97951 | AQ6: 92512 | AR6: 97283 | AS6: 갱부
D7: 0.5-2.5TON | E7: TON | G7: W6151 | H7: 0.5 | I7: 0 | J7: 1.4 | K7: 0.37 | M7: =P7*(1+L7+SUM(H7:I7))+(J7)*VLOOKUP("용접공",$S:$AB,2,FALSE)+(K7)*VLOOKUP("보통인부",$S:$AB,2,FALSE) -> 5588725.8 | O7: =(8.15)*VLOOKUP("철골공",$S:$AB,2,FALSE)+(3)*VLOOKUP("비계공",$S:$AB,2,FALSE)+(0.25)*VLOOKUP("보통인부",$S:$AB,2,FALSE) -> 2920197.9 | P7: =(10.13)*VLOOKUP("철골공",$S:$AB,2,FALSE)+(3)*VLOOKUP("비계공",$S:$AB,2,FALSE)+(0.3)*VLOOKUP("보통인부",$S:$AB,2,FALSE) -> 3424161.3 | R7: 1004 | S7: 조력공 | T7: 180331 | U7: 178077 | V7: 176618 | W7: 171630 | X7: 165635 | Y7: 162577 | Z7: 160048 | AA7: 153674 | AB7: 152740 | AC7: 140722 | AD7: 140220 | AE7: 133863 | AF7: 127124 | AG7: 120416 | AH7: 112847 | AI7: 110194 | AJ7: 105790 | AK7: 102144 | AL7: 98132 | AM7: 99380 | AN7: 103497 | AO7: 101122 | AP7: 95261 | AQ7: 92694 | AR7: 88637 | AS7: 조림인부
D8: 2.5-5.0TON | E8: TON | G8: W6151 | H8: 0.4 | I8: 0 | J8: 1.4 | K8: 0.37 | M8: =P8*(1+L8+SUM(H8:I8))+(J8)*VLOOKUP("용접공",$S:$AB,2,FALSE)+(K8)*VLOOKUP("보통인부",$S:$AB,2,FALSE) -> 5246309.7 | O8: =(8.15)*VLOOKUP("철골공",$S:$AB,2,FALSE)+(3)*VLOOKUP("비계공",$S:$AB,2,FALSE)+(0.25)*VLOOKUP("보통인부",$S:$AB,2,FALSE) -> 2920197.9 | P8: =(10.13)*VLOOKUP("철골공",$S:$AB,2,FALSE)+(3)*VLOOKUP("비계공",$S:$AB,2,FALSE)+(0.3)*VLOOKUP("보통인부",$S:$AB,2,FALSE) -> 3424161.3 | R8: 1005 | S8: 제도사 | T8: 232099 | U8: 230134 | V8: 223779 | W8: 217544 | X8: 209231 | Y8: 207792 | Z8: 194662 | AA8: 188233 | AB8: 186251 | AC8: 171952 | AD8: 167434 | AE8: 159514 | AF8: 153608 | AG8: 144980 | AH8: 132819 | AI8: 128795 | AJ8: 122341 | AK8: 117921 | AL8: 113453 | AM8: 110834 | AN8: 108774 | AO8: 101657 | AP8: 93466 | AQ8: 91037 | AR8: 88987
D9: 5.0TON이상 | E9: TON | G9: W6151 | H9: 0 | I9: 0 | J9: 1.4 | K9: 0.37 | M9: =P9*(1+L9+SUM(H9:I9))+(J9)*VLOOKUP("용접공",$S:$AB,2,FALSE)+(K9)*VLOOKUP("보통인부",$S:$AB,2,FALSE) -> 3876645.2 | O9: =(8.15)*VLOOKUP("철골공",$S:$AB,2,FALSE)+(3)*VLOOKUP("비계공",$S:$AB,2,FALSE)+(0.25)*VLOOKUP("보통인부",$S:$AB,2,FALSE) -> 2920197.9 | P9: =(10.13)*VLOOKUP("철골공",$S:$AB,2,FALSE)+(3)*VLOOKUP("비계공",$S:$AB,2,FALSE)+(0.3)*VLOOKUP("보통인부",$S:$AB,2,FALSE) -> 3424161.3 | R9: 1006 | S9: 비계공 | T9: 279433 | U9: 282352 | V9: 280472 | W9: 281721 | X9: 278151 | Y9: 269039 | Z9: 262297 | AA9: 254117 | AB9: 247977 | AC9: 234297 | AD9: 228462 | AE9: 224359 | AF9: 208195 | AG9: 196261 | AH9: 180153 | AI9: 175367 | AJ9: 167860 | AK9: 161990 | AL9: 158014 | AM9: 153958 | AN9: 149852 | AO9: 150673 | AP9: 141535 | AQ9: 136740 | AR9: 126924 | AS9: 특수비계공
C10: Deck류 | D10: 0.5TON이하 | E10: TON | G10: W6151 | H10: 0.7 | I10: -0.175 | J10: 1.29 | K10: 0.34 | M10: =P10*(1+L10+SUM(H10:I10))+(J10)*VLOOKUP("용접공",$S:$AB,2,FALSE)+(K10)*VLOOKUP("보통인부",$S:$AB,2,FALSE) -> 5638619.8 | O10: =(8.15)*VLOOKUP("철골공",$S:$AB,2,FALSE)+(3)*VLOOKUP("비계공",$S:$AB,2,FALSE)+(0.25)*VLOOKUP("보통인부",$S:$AB,2,FALSE) -> 2920197.9 | P10: =(10.13)*VLOOKUP("철골공",$S:$AB,2,FALSE)+(3)*VLOOKUP("비계공",$S:$AB,2,FALSE)+(0.3)*VLOOKUP("보통인부",$S:$AB,2,FALSE) -> 3424161.3 | R10: 1007 | S10: 형틀목공 | T10: 272831 | U10: 275108 | V10: 274978 | W10: 274955 | X10: 259128 | Y10: 246376 | Z10: 242138 | AA10: 230766 | AB10: 226280 | AC10: 215964 | AD10: 207239 | AE10: 201951 | AF10: 197929 | AG10: 189303 | AH10: 174036 | AI10: 168448 | AJ10: 160431 | AK10: 152831 | AL10: 151091 | AM10: 143562 | AN10: 132373 | AO10: 132235 | AP10: 115082 | AQ10: 107506 | AR10: 114466 | AS10: 동발공(터널)
D11: 0.5-2.5TON | E11: TON | G11: W6151 | H11: 0.5 | I11: -0.175 | J11: 1.29 | K11: 0.34 | M11: =P11*(1+L11+SUM(H11:I11))+(J11)*VLOOKUP("용접공",$S:$AB,2,FALSE)+(K11)*VLOOKUP("보통인부",$S:$AB,2,FALSE) -> 4953787.6 | O11: =(8.15)*VLOOKUP("철골공",$S:$AB,2,FALSE)+(3)*VLOOKUP("비계공",$S:$AB,2,FALSE)+(0.25)*VLOOKUP("보통인부",$S:$AB,2,FALSE) -> 2920197.9 | P11: =(10.13)*VLOOKUP("철골공",$S:$AB,2,FALSE)+(3)*VLOOKUP("비계공",$S:$AB,2,FALSE)+(0.3)*VLOOKUP("보통인부",$S:$AB,2,FALSE) -> 3424161.3 | R11: 1008 | S11: 철근공 | T11: 264104 | U11: 261934 | V11: 260137 | W11: 261936 | X11: 252113 | Y11: 240080 | Z11: 236805 | AA11: 229629 | AB11: 228896 | AC11: 219392 | AD11: 212935 | AE11: 210096 | AF11: 199266 | AG11: 189585 | AH11: 170033 | AI11: 164864 | AJ11: 154424 | AK11: 148057 | AL11: 140157 | AM11: 137204 | AN11: 128252 | AO11: 127758 | AP11: 118264 | AQ11: 118389 | AR11: 114884 | AS11: 절단공
D12: 2.5-5.0TON | E12: TON | G12: W6151 | H12: 0.4 | I12: -0.175 | J12: 1.29 | K12: 0.34 | M12: =P12*(1+L12+SUM(H12:I12))+(J12)*VLOOKUP("용접공",$S:$AB,2,FALSE)+(K12)*VLOOKUP("보통인부",$S:$AB,2,FALSE) -> 4611371.5 | O12: =(8.15)*VLOOKUP("철골공",$S:$AB,2,FALSE)+(3)*VLOOKUP("비계공",$S:$AB,2,FALSE)+(0.25)*VLOOKUP("보통인부",$S:$AB,2,FALSE) -> 2920197.9 | P12: =(10.13)*VLOOKUP("철골공",$S:$AB,2,FALSE)+(3)*VLOOKUP("비계공",$S:$AB,2,FALSE)+(0.3)*VLOOKUP("보통인부",$S:$AB,2,FALSE) -> 3424161.3 | R12: 1009 | S12: 철공 | T12: 237754 | U12: 237480 | V12: 233754 | W12: 230289 | X12: 223124 | Y12: 211415 | Z12: 209189 | AA12: 202032 | AB12: 200155 | AC12: 192968 | AD12: 184100 | AE12: 178249 | AF12: 177994 | AG12: 170500 | AH12: 156492 | AI12: 151564 | AJ12: 146509 | AK12: 138413 | AL12: 138946 | AM12: 134827 | AN12: 132283 | AO12: 123225 | AP12: 122482 | AQ12: 117844 | AR12: 113632 | AS12: 절단공
D13: 5.0TON이상 | E13: TON | G13: W6151 | H13: 0 | I13: -0.175 | J13: 1.29 | K13: 0.34 | M13: =P13*(1+L13+SUM(H13:I13))+(J13)*VLOOKUP("용접공",$S:$AB,2,FALSE)+(K13)*VLOOKUP("보통인부",$S:$AB,2,FALSE) -> 3241706.9 | O13: =(8.15)*VLOOKUP("철골공",$S:$AB,2,FALSE)+(3)*VLOOKUP("비계공",$S:$AB,2,FALSE)+(0.25)*VLOOKUP("보통인부",$S:$AB,2,FALSE) -> 2920197.9 | P13: =(10.13)*VLOOKUP("철골공",$S:$AB,2,FALSE)+(3)*VLOOKUP("비계공",$S:$AB,2,FALSE)+(0.3)*VLOOKUP("보통인부",$S:$AB,2,FALSE) -> 3424161.3 | R13: 1010 | S13: 철판공 | T13: 219236 | U13: 216258 | V13: 211998 | W13: 208846 | X13: 202901 | Y13: 193615 | Z13: 188181 | AA13: 185232 | AB13: 181604 | AC13: 183489 | AD13: 178010 | AE13: 164550 | AF13: 160892 | AG13: 153766 | AH13: 143643 | AI13: 140589 | AJ13: 131821 | AK13: 128022 | AL13: 120603 | AM13: 124199 | AN13: 124319 | AO13: 121590 | AP13: 120277 | AQ13: 118154 | AR13: 111670 | AS13: 절단공
C14: 계단류 | D14: 0.5TON이하 | E14: TON | G14: W6151 | H14: 0.7 | I14: 0.1 | J14: 0.98 | K14: 0.26 | M14: =P14*(1+L14+SUM(H14:I14))+(J14)*VLOOKUP("용접공",$S:$AB,2,FALSE)+(K14)*VLOOKUP("보통인부",$S:$AB,2,FALSE) -> 6480398.8 | O14: =(8.15)*VLOOKUP("철골공",$S:$AB,2,FALSE)+(3)*VLOOKUP("비계공",$S:$AB,2,FALSE)+(0.25)*VLOOKUP("보통인부",$S:$AB,2,FALSE) -> 2920197.9 | P14: =(10.13)*VLOOKUP("철골공",$S:$AB,2,FALSE)+(3)*VLOOKUP("비계공",$S:$AB,2,FALSE)+(0.3)*VLOOKUP("보통인부",$S:$AB,2,FALSE) -> 3424161.3 | R14: 1011 | S14: 철골공 | T14: 250239 | U14: 247269 | V14: 243126 | W14: 238762 | X14: 230145 | Y14: 216712 | Z14: 214374 | AA14: 207346 | AB14: 205246 | AC14: 203456 | AD14: 198829 | AE14: 195321 | AF14: 185739 | AG14: 176388 | AH14: 156660 | AI14: 152524 | AJ14: 143120 | AK14: 138516 | AL14: 132746 | AM14: 129299 | AN14: 126237 | AO14: 130770 | AP14: 124625 | AQ14: 120830 | AR14: 114141 | AS14: 절단공
D15: 0.5-2.5TON | E15: TON | G15: W6151 | H15: 0.5 | I15: 0.1 | J15: 0.98 | K15: 0.26 | M15: =P15*(1+L15+SUM(H15:I15))+(J15)*VLOOKUP("용접공",$S:$AB,2,FALSE)+(K15)*VLOOKUP("보통인부",$S:$AB,2,FALSE) -> 5795566.6 | O15: =(8.15)*VLOOKUP("철골공",$S:$AB,2,FALSE)+(3)*VLOOKUP("비계공",$S:$AB,2,FALSE)+(0.25)*VLOOKUP("보통인부",$S:$AB,2,FALSE) -> 2920197.9 | P15: =(10.13)*VLOOKUP("철골공",$S:$AB,2,FALSE)+(3)*VLOOKUP("비계공",$S:$AB,2,FALSE)+(0.3)*VLOOKUP("보통인부",$S:$AB,2,FALSE) -> 3424161.3 | R15: 1012 | S15: 용접공 | T15: 278326 | U15: 270724 | V15: 267021 | W15: 262551 | X15: 249748 | Y15: 238739 | Z15: 234564 | AA15: 230706 | AB15: 225966 | AC15: 223094 | AD15: 209394 | AE15: 198711 | AF15: 180350 | AG15: 169201 | AH15: 157183 | AI15: 153849 | AJ15: 143509 | AK15: 138252 | AL15: 134516 | AM15: 129940 | AN15: 129095 | AO15: 128244 | AP15: 118754 | AQ15: 123164 | AR15: 118003 | AS15: 용접공(일반)+용접공(철도)
D16: 2.5-5.0TON | E16: TON | G16: W6151 | H16: 0.4 | I16: 0.1 | J16: 0.98 | K16: 0.26 | M16: =P16*(1+L16+SUM(H16:I16))+(J16)*VLOOKUP("용접공",$S:$AB,2,FALSE)+(K16)*VLOOKUP("보통인부",$S:$AB,2,FALSE) -> 5453150.4 | O16: =(8.15)*VLOOKUP("철골공",$S:$AB,2,FALSE)+(3)*VLOOKUP("비계공",$S:$AB,2,FALSE)+(0.25)*VLOOKUP("보통인부",$S:$AB,2,FALSE) -> 2920197.9 | P16: =(10.13)*VLOOKUP("철골공",$S:$AB,2,FALSE)+(3)*VLOOKUP("비계공",$S:$AB,2,FALSE)+(0.3)*VLOOKUP("보통인부",$S:$AB,2,FALSE) -> 3424161.3 | R16: 1013 | S16: 콘크리트공 | T16: 266361 | U16: 264080 | V16: 261283 | W16: 255373 | X16: 245223 | Y16: 235988 | Z16: 227269 | AA16: 220755 | AB16: 215145 | AC16: 216409 | AD16: 208492 | AE16: 198242 | AF16: 199737 | AG16: 176062 | AH16: 161530 | AI16: 157427 | AJ16: 148586 | AK16: 142556 | AL16: 139853 | AM16: 131474 | AN16: 125217 | AO16: 123616 | AP16: 117989 | AQ16: 111559 | AR16: 107477 | AS16: 노즐공
D17: 5.0TON이상 | E17: TON | G17: W6151 | H17: 0 | I17: 0.1 | J17: 0.98 | K17: 0.26 | M17: =P17*(1+L17+SUM(H17:I17))+(J17)*VLOOKUP("용접공",$S:$AB,2,FALSE)+(K17)*VLOOKUP("보통인부",$S:$AB,2,FALSE) -> 4083485.9 | O17: =(8.15)*VLOOKUP("철골공",$S:$AB,2,FALSE)+(3)*VLOOKUP("비계공",$S:$AB,2,FALSE)+(0.25)*VLOOKUP("보통인부",$S:$AB,2,FALSE) -> 2920197.9 | P17: =(10.13)*VLOOKUP("철골공",$S:$AB,2,FALSE)+(3)*VLOOKUP("비계공",$S:$AB,2,FALSE)+(0.3)*VLOOKUP("보통인부",$S:$AB,2,FALSE) -> 3424161.3 | R17: 1014 | S17: 보링공 | T17: 225273 | U17: 221816 | V17: 223458 | W17: 220391 | X17: 212226 | Y17: 199921 | Z17: 199076 | AA17: 193659 | AB17: 191340 | AC17: 174955 | AD17: 169406 | AE17: 161455 | AF17: 150050 | AG17: 142459 | AH17: 131456 | AI17: 127977 | AJ17: 120813 | AK17: 116234 | AL17: 111074 | AM17: 106648 | AN17: 104870 | AO17: 100791 | AP17: 97175 | AQ17: 96008 | AR17: 87389 | AS17: 보링공(지질조사)
C18: Frame류 | D18: 0.5TON이하 | E18: TON | G18: W6151 | H18: 0.7 | I18: 0.2 | J18: 1.43 | K18: 0.36 | M18: =P18*(1+L18+SUM(H18:I18))+(J18)*VLOOKUP("용접공",$S:$AB,2,FALSE)+(K18)*VLOOKUP("보통인부",$S:$AB,2,FALSE) -> 6965042 | O18: =(8.15)*VLOOKUP("철골공",$S:$AB,2,FALSE)+(3)*VLOOKUP("비계공",$S:$AB,2,FALSE)+(0.25)*VLOOKUP("보통인부",$S:$AB,2,FALSE) -> 2920197.9 | P18: =(10.13)*VLOOKUP("철골공",$S:$AB,2,FALSE)+(3)*VLOOKUP("비계공",$S:$AB,2,FALSE)+(0.3)*VLOOKUP("보통인부",$S:$AB,2,FALSE) -> 3424161.3 | R18: 1015 | S18: 착암공 | T18: 220081 | U18: 212500 | V18: 210152 | W18: 207037 | X18: 194463 | Y18: 189031 | Z18: 185264 | AA18: 174178 | AB18: 173250 | AC18: 156731 | AD18: 150052 | AE18: 142030 | AF18: 135852 | AG18: 129160 | AH18: 122918 | AI18: 119308 | AJ18: 113289 | AK18: 106060 | AL18: 103874 | AM18: 104951 | AN18: 96782 | AO18: 97004 | AP18: 89295 | AQ18: 90510 | AR18: 83149
D19: 0.5-2.5TON | E19: TON | G19: W6151 | H19: 0.5 | I19: 0.2 | J19: 1.43 | K19: 0.36 | M19: =P19*(1+L19+SUM(H19:I19))+(J19)*VLOOKUP("용접공",$S:$AB,2,FALSE)+(K19)*VLOOKUP("보통인부",$S:$AB,2,FALSE) -> 6280209.8 | O19: =(8.15)*VLOOKUP("철골공",$S:$AB,2,FALSE)+(3)*VLOOKUP("비계공",$S:$AB,2,FALSE)+(0.25)*VLOOKUP("보통인부",$S:$AB,2,FALSE) -> 2920197.9 | P19: =(10.13)*VLOOKUP("철골공",$S:$AB,2,FALSE)+(3)*VLOOKUP("비계공",$S:$AB,2,FALSE)+(0.3)*VLOOKUP("보통인부",$S:$AB,2,FALSE) -> 3424161.3 | R19: 1016 | S19: 화약취급공 | T19: 258751 | U19: 252322 | V19: 254202 | W19: 246180 | X19: 236187 | Y19: 226437 | Z19: 223097 | AA19: 207145 | AB19: 206294 | AC19: 184533 | AD19: 177500 | AE19: 170086 | AF19: 164540 | AG19: 169977 | AH19: 157414 | AI19: 152163 | AJ19: 147280 | AK19: 140738 | AL19: 137626 | AM19: 136494 | AN19: 126338 | AO19: 126015 | AP19: 116803 | AQ19: 116554 | AR19: 107051
D20: 2.5-5.0TON | E20: TON | G20: W6151 | H20: 0.4 | I20: 0.2 | J20: 1.43 | K20: 0.36 | M20: =P20*(1+L20+SUM(H20:I20))+(J20)*VLOOKUP("용접공",$S:$AB,2,FALSE)+(K20)*VLOOKUP("보통인부",$S:$AB,2,FALSE) -> 5937793.7 | O20: =(8.15)*VLOOKUP("철골공",$S:$AB,2,FALSE)+(3)*VLOOKUP("비계공",$S:$AB,2,FALSE)+(0.25)*VLOOKUP("보통인부",$S:$AB,2,FALSE) -> 2920197.9 | P20: =(10.13)*VLOOKUP("철골공",$S:$AB,2,FALSE)+(3)*VLOOKUP("비계공",$S:$AB,2,FALSE)+(0.3)*VLOOKUP("보통인부",$S:$AB,2,FALSE) -> 3424161.3 | R20: 1017 | S20: 할석공 | T20: 236986 | U20: 233977 | V20: 229326 | W20: 220443 | X20: 210767 | Y20: 208344 | Z20: 200625 | AA20: 195374 | AB20: 189028 | AC20: 182443 | AD20: 176436 | AE20: 170023 | AF20: 163030 | AG20: 152559 | AH20: 139420 | AI20: 135760 | AJ20: 128283 | AK20: 124273 | AL20: 119672 | AM20: 119120 | AN20: 112398 | AO20: 116402 | AP20: 107298 | AQ20: 101771 | AR20: 103334
D21: 5.0TON이상 | E21: TON | G21: W6151 | H21: 0 | I21: 0.2 | J21: 1.43 | K21: 0.36 | M21: =P21*(1+L21+SUM(H21:I21))+(J21)*VLOOKUP("용접공",$S:$AB,2,FALSE)+(K21)*VLOOKUP("보통인부",$S:$AB,2,FALSE) -> 4568129.1 | O21: =(8.15)*VLOOKUP("철골공",$S:$AB,2,FALSE)+(3)*VLOOKUP("비계공",$S:$AB,2,FALSE)+(0.25)*VLOOKUP("보통인부",$S:$AB,2,FALSE) -> 2920197.9 | P21: =(10.13)*VLOOKUP("철골공",$S:$AB,2,FALSE)+(3)*VLOOKUP("비계공",$S:$AB,2,FALSE)+(0.3)*VLOOKUP("보통인부",$S:$AB,2,FALSE) -> 3424161.3 | R21: 1018 | S21: 포설공 | T21: 216121 | U21: 211355 | V21: 205982 | W21: 201946 | X21: 194853 | Y21: 192239 | Z21: 183371 | AB21: 172935 | AC21: 158482 | AD21: 151602 | AE21: 145489 | AF21: 138693 | AG21: 131820 | AH21: 119124 | AI21: 115556 | AJ21: 114608 | AK21: 113795 | AL21: 110430 | AM21: 110164 | AN21: 103648 | AO21: 100604 | AP21: 93140 | AQ21: 91841 | AR21: 84211
C22: 각슈트류 | D22: 0.5TON이하 | E22: TON | G22: W6151 | H22: 0.7 | I22: 0.1 | J22: 2.1 | K22: 0.52 | M22: =P22*(1+L22+SUM(H22:I22))+(J22)*VLOOKUP("용접공",$S:$AB,2,FALSE)+(K22)*VLOOKUP("보통인부",$S:$AB,2,FALSE) -> 6836273 | O22: =(8.15)*VLOOKUP("철골공",$S:$AB,2,FALSE)+(3)*VLOOKUP("비계공",$S:$AB,2,FALSE)+(0.25)*VLOOKUP("보통인부",$S:$AB,2,FALSE) -> 2920197.9 | P22: =(10.13)*VLOOKUP("철골공",$S:$AB,2,FALSE)+(3)*VLOOKUP("비계공",$S:$AB,2,FALSE)+(0.3)*VLOOKUP("보통인부",$S:$AB,2,FALSE) -> 3424161.3 | R22: 1019 | S22: 포장공 | T22: 267989 | U22: 266931 | V22: 258360 | W22: 255303 | X22: 237245 | Y22: 232804 | Z22: 225104 | AA22: 215034 | AB22: 212761 | AC22: 194484 | AD22: 185736 | AE22: 176515 | AF22: 162899 | AG22: 154530 | AH22: 141226 | AI22: 137978 | AJ22: 131508 | AK22: 126728 | AL22: 121878 | AM22: 117562 | AN22: 112897 | AO22: 113536 | AP22: 105320 | AQ22: 105237 | AR22: 96988
D23: 0.5-2.5TON | E23: TON | G23: W6151 | H23: 0.5 | I23: 0.1 | J23: 2.1 | K23: 0.52 | M23: =P23*(1+L23+SUM(H23:I23))+(J23)*VLOOKUP("용접공",$S:$AB,2,FALSE)+(K23)*VLOOKUP("보통인부",$S:$AB,2,FALSE) -> 6151440.7 | O23: =(8.15)*VLOOKUP("철골공",$S:$AB,2,FALSE)+(3)*VLOOKUP("비계공",$S:$AB,2,FALSE)+(0.25)*VLOOKUP("보통인부",$S:$AB,2,FALSE) -> 2920197.9 | P23: =(10.13)*VLOOKUP("철골공",$S:$AB,2,FALSE)+(3)*VLOOKUP("비계공",$S:$AB,2,FALSE)+(0.3)*VLOOKUP("보통인부",$S:$AB,2,FALSE) -> 3424161.3 | R23: 1020 | S23: 잠수부 | T23: 388892 | U23: 388408 | V23: 379657 | W23: 362612 | X23: 346760 | Y23: 323830 | Z23: 322115 | AA23: 295409 | AB23: 285645 | AC23: 255749 | AD23: 275382 | AE23: 249770 | AF23: 269167 | AG23: 249104 | AH23: 228347 | AI23: 220486 | AJ23: 199391 | AK23: 185057 | AL23: 179574 | AM23: 185400 | AN23: 166216 | AO23: 158273 | AP23: 157610 | AQ23: 155876 | AR23: 142472
D24: 2.5-5.0TON | E24: TON | G24: W6151 | H24: 0.4 | I24: 0.1 | J24: 2.1 | K24: 0.52 | M24: =P24*(1+L24+SUM(H24:I24))+(J24)*VLOOKUP("용접공",$S:$AB,2,FALSE)+(K24)*VLOOKUP("보통인부",$S:$AB,2,FALSE) -> 5809024.6 | O24: =(8.15)*VLOOKUP("철골공",$S:$AB,2,FALSE)+(3)*VLOOKUP("비계공",$S:$AB,2,FALSE)+(0.25)*VLOOKUP("보통인부",$S:$AB,2,FALSE) -> 2920197.9 | P24: =(10.13)*VLOOKUP("철골공",$S:$AB,2,FALSE)+(3)*VLOOKUP("비계공",$S:$AB,2,FALSE)+(0.3)*VLOOKUP("보통인부",$S:$AB,2,FALSE) -> 3424161.3 | R24: 1021 | S24: 조적공 | T24: 266624 | U24: 269836 | V24: 260473 | W24: 250950 | X24: 242636 | Y24: 233781 | Z24: 222862 | AA24: 219340 | AB24: 217664 | AC24: 209720 | AD24: 192633 | AE24: 185725 | AF24: 172091 | AG24: 161334 | AH24: 148121 | AI24: 143356 | AJ24: 135009 | AK24: 126631 | AL24: 125105 | AM24: 119163 | AN24: 122344 | AO24: 120532 | AP24: 116217 | AQ24: 117597 | AR24: 109297 | AS24: 치장벽돌공
D25: 5.0TON이상 | E25: TON | G25: W6151 | H25: 0 | I25: 0.1 | J25: 2.1 | K25: 0.52 | M25: =P25*(1+L25+SUM(H25:I25))+(J25)*VLOOKUP("용접공",$S:$AB,2,FALSE)+(K25)*VLOOKUP("보통인부",$S:$AB,2,FALSE) -> 4439360.1 | O25: =(8.15)*VLOOKUP("철골공",$S:$AB,2,FALSE)+(3)*VLOOKUP("비계공",$S:$AB,2,FALSE)+(0.25)*VLOOKUP("보통인부",$S:$AB,2,FALSE) -> 2920197.9 | P25: =(10.13)*VLOOKUP("철골공",$S:$AB,2,FALSE)+(3)*VLOOKUP("비계공",$S:$AB,2,FALSE)+(0.3)*VLOOKUP("보통인부",$S:$AB,2,FALSE) -> 3424161.3 | R25: 1022 | S25: 견출공 | T25: 243075 | U25: 247288 | V25: 240918 | W25: 240727 | X25: 232725 | Y25: 227145 | Z25: 218209 | AA25: 209167 | AB25: 199735 | AC25: 199140 | AD25: 187174 | AE25: 182686 | AF25: 170221 | AG25: 159626 | AH25: 146052 | AI25: 141250 | AJ25: 134289 | AK25: 129962 | AL25: 126819 | AM25: 121588 | AN25: 115792 | AO25: 117866 | AP25: 111378 | AQ25: 112082 | AR25: 103673
C26: 환슈트류 | D26: 0.5TON이하 | E26: TON | G26: W6151 | H26: 0.7 | I26: 0.4 | J26: 1.5 | K26: 0.41 | M26: =P26*(1+L26+SUM(H26:I26))+(J26)*VLOOKUP("용접공",$S:$AB,2,FALSE)+(K26)*VLOOKUP("보통인부",$S:$AB,2,FALSE) -> 7677847.3 | O26: =(8.15)*VLOOKUP("철골공",$S:$AB,2,FALSE)+(3)*VLOOKUP("비계공",$S:$AB,2,FALSE)+(0.25)*VLOOKUP("보통인부",$S:$AB,2,FALSE) -> 2920197.9 | P26: =(10.13)*VLOOKUP("철골공",$S:$AB,2,FALSE)+(3)*VLOOKUP("비계공",$S:$AB,2,FALSE)+(0.3)*VLOOKUP("보통인부",$S:$AB,2,FALSE) -> 3424161.3 | R26: 1023 | S26: 건축목공 | T26: 277894 | U26: 279267 | V26: 268058 | W26: 267639 | X26: 254714 | Y26: 242631 | Z26: 237273 | AA26: 225210 | AB26: 224657 | AC26: 210176 | AD26: 203532 | AE26: 200925 | AF26: 188225 | AG26: 175760 | AH26: 163377 | AI26: 158297 | AJ26: 148851 | AK26: 142205 | AL26: 139327 | AM26: 133609 | AN26: 123567 | AO26: 123200 | AP26: 113962 | AQ26: 113281 | AR26: 104682
D27: 0.5-2.5TON | E27: TON | G27: W6151 | H27: 0.5 | I27: 0.4 | J27: 1.5 | K27: 0.41 | M27: =P27*(1+L27+SUM(H27:I27))+(J27)*VLOOKUP("용접공",$S:$AB,2,FALSE)+(K27)*VLOOKUP("보통인부",$S:$AB,2,FALSE) -> 6993015.1 | O27: =(8.15)*VLOOKUP("철골공",$S:$AB,2,FALSE)+(3)*VLOOKUP("비계공",$S:$AB,2,FALSE)+(0.25)*VLOOKUP("보통인부",$S:$AB,2,FALSE) -> 2920197.9 | P27: =(10.13)*VLOOKUP("철골공",$S:$AB,2,FALSE)+(3)*VLOOKUP("비계공",$S:$AB,2,FALSE)+(0.3)*VLOOKUP("보통인부",$S:$AB,2,FALSE) -> 3424161.3 | R27: 1024 | S27: 창호공 | T27: 248350 | U27: 249088 | V27: 248238 | W27: 242050 | X27: 236675 | Y27: 234564 | Z27: 224380 | AA27: 219260 | AB27: 217409 | AC27: 199185 | AD27: 195972 | AE27: 187530 | AF27: 175176 | AG27: 163191 | AH27: 151907 | AI27: 147229 | AJ27: 139607 | AK27: 133792 | AL27: 132695 | AM27: 126072 | AN27: 128451 | AO27: 121799 | AP27: 117090 | AQ27: 110390 | AR27: 107183 | AS27: 창호목공+샷시공
D28: 0.5-2.5TON | E28: TON | G28: W6151 | H28: 0.5 | I28: 0.4 | J28: 1.5 | K28: 0.41 | M28: =P28*(1+L28+SUM(H28:I28))+(J28)*VLOOKUP("용접공",$S:$AB,2,FALSE)+(K28)*VLOOKUP("보통인부",$S:$AB,2,FALSE) -> 6993015.1 | O28: =(8.15)*VLOOKUP("철골공",$S:$AB,2,FALSE)+(3)*VLOOKUP("비계공",$S:$AB,2,FALSE)+(0.25)*VLOOKUP("보통인부",$S:$AB,2,FALSE) -> 2920197.9 | P28: =(10.13)*VLOOKUP("철골공",$S:$AB,2,FALSE)+(3)*VLOOKUP("비계공",$S:$AB,2,FALSE)+(0.3)*VLOOKUP("보통인부",$S:$AB,2,FALSE) -> 3424161.3 | R28: 1025 | S28: 유리공 | T28: 248139 | U28: 247778 | V28: 247643 | W28: 241506 | X28: 235191 | Y28: 229105 | Z28: 221409 | AA28: 211036 | AB28: 205044 | AC28: 193212 | AD28: 190247 | AE28: 181240 | AF28: 167287 | AG28: 155803 | AH28: 143608 | AI28: 139664 | AJ28: 133910 | AK28: 129263 | AL28: 123257 | AM28: 123299 | AN28: 117474 | AO28: 116298 | AP28: 106359 | AQ28: 105193 | AR28: 101191
D29: 2.5-5.0TON | E29: TON | G29: W6151 | H29: 0.4 | I29: 0.4 | J29: 1.5 | K29: 0.41 | M29: =P29*(1+L29+SUM(H29:I29))+(J29)*VLOOKUP("용접공",$S:$AB,2,FALSE)+(K29)*VLOOKUP("보통인부",$S:$AB,2,FALSE) -> 6650598.9 | O29: =(8.15)*VLOOKUP("철골공",$S:$AB,2,FALSE)+(3)*VLOOKUP("비계공",$S:$AB,2,FALSE)+(0.25)*VLOOKUP("보통인부",$S:$AB,2,FALSE) -> 2920197.9 | P29: =(10.13)*VLOOKUP("철골공",$S:$AB,2,FALSE)+(3)*VLOOKUP("비계공",$S:$AB,2,FALSE)+(0.3)*VLOOKUP("보통인부",$S:$AB,2,FALSE) -> 3424161.3 | R29: 1026 | S29: 방수공 | T29: 220722 | U29: 219996 | V29: 212562 | W29: 206323 | X29: 199427 | Y29: 191620 | Z29: 184934 | AA29: 176933 | AB29: 174334 | AC29: 158594 | AD29: 153086 | AE29: 148971 | AF29: 139009 | AG29: 130819 | AH29: 120907 | AI29: 116958 | AJ29: 110271 | AK29: 105008 | AL29: 101093 | AM29: 98523 | AN29: 91971 | AO29: 92902 | AP29: 87417 | AQ29: 88799 | AR29: 81612
D30: 5.0TON이상 | E30: TON | G30: W6151 | H30: 0 | I30: 0.4 | J30: 1.5 | K30: 0.41 | M30: =P30*(1+L30+SUM(H30:I30))+(J30)*VLOOKUP("용접공",$S:$AB,2,FALSE)+(K30)*VLOOKUP("보통인부",$S:$AB,2,FALSE) -> 5280934.4 | O30: =(8.15)*VLOOKUP("철골공",$S:$AB,2,FALSE)+(3)*VLOOKUP("비계공",$S:$AB,2,FALSE)+(0.25)*VLOOKUP("보통인부",$S:$AB,2,FALSE) -> 2920197.9 | P30: =(10.13)*VLOOKUP("철골공",$S:$AB,2,FALSE)+(3)*VLOOKUP("비계공",$S:$AB,2,FALSE)+(0.3)*VLOOKUP("보통인부",$S:$AB,2,FALSE) -> 3424161.3 | R30: 1027 | S30: 미장공 | T30: 272354 | U30: 274502 | V30: 266787 | W30: 256225 | X30: 251976 | Y30: 239846 | Z30: 237304 | AA30: 228820 | AB30: 228423 | AC30: 216528 | AD30: 214502 | AE30: 209611 | AF30: 188228 | AG30: 175547 | AH30: 162424 | AI30: 157810 | AJ30: 149091 | AK30: 141989 | AL30: 140811 | AM30: 135353 | AN30: 129924 | AO30: 123123 | AP30: 115095 | AQ30: 112225 | AR30: 107403
C31: 환호퍼류 | D31: 0.5TON이하 | E31: TON | G31: W6151 | H31: 0.7 | I31: 0.55 | J31: 2.03 | K31: 0.59 | M31: =P31*(1+L31+SUM(H31:I31))+(J31)*VLOOKUP("용접공",$S:$AB,2,FALSE)+(K31)*VLOOKUP("보통인부",$S:$AB,2,FALSE) -> 8369549 | O31: =(8.15)*VLOOKUP("철골공",$S:$AB,2,FALSE)+(3)*VLOOKUP("비계공",$S:$AB,2,FALSE)+(0.25)*VLOOKUP("보통인부",$S:$AB,2,FALSE) -> 2920197.9 | P31: =(10.13)*VLOOKUP("철골공",$S:$AB,2,FALSE)+(3)*VLOOKUP("비계공",$S:$AB,2,FALSE)+(0.3)*VLOOKUP("보통인부",$S:$AB,2,FALSE) -> 3424161.3 | R31: 1028 | S31: 타일공 | T31: 284337 | U31: 279575 | V31: 274325 | W31: 269214 | X31: 258876 | Y31: 253427 | Z31: 247079 | AA31: 234370 | AB31: 230160 | AC31: 210086 | AD31: 206065 | AE31: 199848 | AF31: 187087 | AG31: 174390 | AH31: 159509 | AI31: 153735 | AJ31: 145574 | AK31: 141147 | AL31: 133837 | AM31: 132287 | AN31: 126339 | AO31: 130375 | AP31: 123611 | AQ31: 120603 | AR31: 115534
D32: 0.5-2.5TON | E32: TON | G32: W6151 | H32: 0.5 | I32: 0.55 | J32: 2.03 | K32: 0.59 | M32: =P32*(1+L32+SUM(H32:I32))+(J32)*VLOOKUP("용접공",$S:$AB,2,FALSE)+(K32)*VLOOKUP("보통인부",$S:$AB,2,FALSE) -> 7684716.7 | O32: =(8.15)*VLOOKUP("철골공",$S:$AB,2,FALSE)+(3)*VLOOKUP("비계공",$S:$AB,2,FALSE)+(0.25)*VLOOKUP("보통인부",$S:$AB,2,FALSE) -> 2920197.9 | P32: =(10.13)*VLOOKUP("철골공",$S:$AB,2,FALSE)+(3)*VLOOKUP("비계공",$S:$AB,2,FALSE)+(0.3)*VLOOKUP("보통인부",$S:$AB,2,FALSE) -> 3424161.3 | R32: 1029 | S32: 도장공 | T32: 253409 | U32: 256854 | V32: 250776 | W32: 249977 | X32: 242035 | Y32: 235799 | Z32: 229273 | AA32: 217123 | AB32: 213676 | AC32: 198613 | AD32: 188854 | AE32: 184508 | AF32: 174277 | AG32: 153890 | AH32: 141733 | AI32: 138445 | AJ32: 132552 | AK32: 127681 | AL32: 122128 | AM32: 121900 | AN32: 115265 | AO32: 114929 | AP32: 109720 | AQ32: 106840 | AR32: 105730
D33: 2.5-5.0TON | E33: TON | G33: W6151 | H33: 0.4 | I33: 0.55 | J33: 2.03 | K33: 0.59 | M33: =P33*(1+L33+SUM(H33:I33))+(J33)*VLOOKUP("용접공",$S:$AB,2,FALSE)+(K33)*VLOOKUP("보통인부",$S:$AB,2,FALSE) -> 7342300.6 | O33: =(8.15)*VLOOKUP("철골공",$S:$AB,2,FALSE)+(3)*VLOOKUP("비계공",$S:$AB,2,FALSE)+(0.25)*VLOOKUP("보통인부",$S:$AB,2,FALSE) -> 2920197.9 | P33: =(10.13)*VLOOKUP("철골공",$S:$AB,2,FALSE)+(3)*VLOOKUP("비계공",$S:$AB,2,FALSE)+(0.3)*VLOOKUP("보통인부",$S:$AB,2,FALSE) -> 3424161.3 | R33: 1030 | S33: 내장공 | T33: 252249 | U33: 245524 | V33: 243538 | W33: 236263 | X33: 228883 | Y33: 222738 | Z33: 217517 | AA33: 211250 | AB33: 206253 | AC33: 203246 | AD33: 192305 | AE33: 189600 | AF33: 177322 | AG33: 165367 | AH33: 154536 | AI33: 150050 | AJ33: 144150 | AK33: 137611 | AL33: 135112 | AM33: 129598 | AN33: 126011 | AO33: 124831 | AP33: 116367 | AQ33: 114792 | AR33: 108686
D34: 5.0TON이상 | E34: TON | G34: W6151 | H34: 0 | I34: 0.55 | J34: 2.03 | K34: 0.59 | M34: =P34*(1+L34+SUM(H34:I34))+(J34)*VLOOKUP("용접공",$S:$AB,2,FALSE)+(K34)*VLOOKUP("보통인부",$S:$AB,2,FALSE) -> 5972636.1 | O34: =(8.15)*VLOOKUP("철골공",$S:$AB,2,FALSE)+(3)*VLOOKUP("비계공",$S:$AB,2,FALSE)+(0.25)*VLOOKUP("보통인부",$S:$AB,2,FALSE) -> 2920197.9 | P34: =(10.13)*VLOOKUP("철골공",$S:$AB,2,FALSE)+(3)*VLOOKUP("비계공",$S:$AB,2,FALSE)+(0.3)*VLOOKUP("보통인부",$S:$AB,2,FALSE) -> 3424161.3 | R34: 1031 | S34: 도배공 | T34: 222618 | U34: 221362 | V34: 215675 | W34: 211861 | X34: 205156 | Y34: 199187 | Z34: 192426 | AA34: 188914 | AB34: 185814 | AC34: 174513 | AD34: 169575 | AE34: 165558 | AF34: 157719 | AG34: 145618 | AH34: 133325 | AI34: 129887 | AJ34: 122699 | AK34: 116463 | AL34: 116098 | AM34: 112571 | AN34: 108172 | AO34: 103928 | AP34: 97428 | AQ34: 96090 | AR34: 89724
C35: 특수입체트라스 | D35: 0.5TON이하 | E35: TON | G35: W6151 | H35: 0.7 | I35: 0.5 | M35: =P35*(1+L35+SUM(H35:I35))+(J35)*VLOOKUP("용접공",$S:$AB,2,FALSE)+(K35)*VLOOKUP("보통인부",$S:$AB,2,FALSE) -> 7533154.8 | O35: =(8.15)*VLOOKUP("철골공",$S:$AB,2,FALSE)+(3)*VLOOKUP("비계공",$S:$AB,2,FALSE)+(0.25)*VLOOKUP("보통인부",$S:$AB,2,FALSE) -> 2920197.9 | P35: =(10.13)*VLOOKUP("철골공",$S:$AB,2,FALSE)+(3)*VLOOKUP("비계공",$S:$AB,2,FALSE)+(0.3)*VLOOKUP("보통인부",$S:$AB,2,FALSE) -> 3424161.3 | R35: 1032 | S35: 연마공 | T35: - | U35: - | V35: 201535 | Y35: 186660 | AA35: 170190 | AB35: - | AC35: - | AD35: 153200 | AE35: 148870 | AF35: 145883 | AG35: 135816 | AH35: 129000 | AI35: 126629 | AJ35: 121211 | AK35: 116489 | AL35: 114286 | AM35: 113333 | AN35: 104643 | AO35: 103896 | AP35: 96799 | AQ35: 96541 | AR35: 90245
D36: 0.5-2.5TON | E36: TON | G36: W6151 | H36: 0.5 | I36: 0.5 | M36: =P36*(1+L36+SUM(H36:I36))+(J36)*VLOOKUP("용접공",$S:$AB,2,FALSE)+(K36)*VLOOKUP("보통인부",$S:$AB,2,FALSE) -> 6848322.5 | O36: =(8.15)*VLOOKUP("철골공",$S:$AB,2,FALSE)+(3)*VLOOKUP("비계공",$S:$AB,2,FALSE)+(0.25)*VLOOKUP("보통인부",$S:$AB,2,FALSE) -> 2920197.9 | P36: =(10.13)*VLOOKUP("철골공",$S:$AB,2,FALSE)+(3)*VLOOKUP("비계공",$S:$AB,2,FALSE)+(0.3)*VLOOKUP("보통인부",$S:$AB,2,FALSE) -> 3424161.3 | R36: 1033 | S36: 석공 | T36: 266246 | U36: 263972 | V36: 258935 | W36: 249245 | X36: 245307 | Y36: 236050 | Z36: 226394 | AA36: 217417 | AB36: 212629 | AC36: 209932 | AD36: 204974 | AE36: 204601 | AF36: 190800 | AG36: 173847 | AH36: 162796 | AI36: 157965 | AJ36: 151583 | AK36: 143609 | AL36: 138838 | AM36: 135109 | AN36: 128136 | AO36: 133267 | AP36: 128544 | AQ36: 128509 | AR36: 119030
D37: 2.5-5.0TON | E37: TON | G37: W6151 | H37: 0.4 | I37: 0.5 | M37: =P37*(1+L37+SUM(H37:I37))+(J37)*VLOOKUP("용접공",$S:$AB,2,FALSE)+(K37)*VLOOKUP("보통인부",$S:$AB,2,FALSE) -> 6505906.4 | O37: =(8.15)*VLOOKUP("철골공",$S:$AB,2,FALSE)+(3)*VLOOKUP("비계공",$S:$AB,2,FALSE)+(0.25)*VLOOKUP("보통인부",$S:$AB,2,FALSE) -> 2920197.9 | P37: =(10.13)*VLOOKUP("철골공",$S:$AB,2,FALSE)+(3)*VLOOKUP("비계공",$S:$AB,2,FALSE)+(0.3)*VLOOKUP("보통인부",$S:$AB,2,FALSE) -> 3424161.3 | R37: 1034 | S37: 줄눈공 | T37: 202696 | U37: 200341 | V37: 195370 | W37: 189100 | X37: 185459 | Y37: 181682 | Z37: 176807 | AA37: 173416 | AB37: 169920 | AC37: 156858 | AD37: 150525 | AE37: 146786 | AF37: 134900 | AG37: 126890 | AH37: 121906 | AI37: 117880 | AJ37: 114424 | AK37: 109670 | AL37: 104254 | AM37: 102821 | AN37: 99267 | AO37: 99219 | AP37: 94619 | AQ37: 90959 | AR37: 88140
D38: 5.0TON이상 | E38: TON | G38: W6151 | H38: 0 | I38: 0.5 | M38: =P38*(1+L38+SUM(H38:I38))+(J38)*VLOOKUP("용접공",$S:$AB,2,FALSE)+(K38)*VLOOKUP("보통인부",$S:$AB,2,FALSE) -> 5136241.9 | O38: =(8.15)*VLOOKUP("철골공",$S:$AB,2,FALSE)+(3)*VLOOKUP("비계공",$S:$AB,2,FALSE)+(0.25)*VLOOKUP("보통인부",$S:$AB,2,FALSE) -> 2920197.9 | P38: =(10.13)*VLOOKUP("철골공",$S:$AB,2,FALSE)+(3)*VLOOKUP("비계공",$S:$AB,2,FALSE)+(0.3)*VLOOKUP("보통인부",$S:$AB,2,FALSE) -> 3424161.3 | R38: 1035 | S38: 판넬조립공 | T38: 237854 | U38: 232729 | V38: 226601 | W38: 216928 | X38: 213197 | Y38: 205422 | Z38: 198691 | AA38: 192957 | AB38: 186646 | AC38: 183762 | AD38: 176700 | AE38: 166716 | AF38: 160436 | AG38: 152318 | AH38: 141394 | AI38: 137435 | AJ38: 132250 | AK38: 127665 | AL38: 122968 | AM38: 118192 | AN38: 122756 | AO38: 119474 | AP38: 111372 | AQ38: 111345 | AR38: 103162
C39: 호퍼라이나 평판 | D39: 0.5TON이하 | E39: TON | G39: W6151 | H39: 0.7 | I39: -0.275 | J39: 0.98 | K39: 0.26 | M39: =P39*(1+L39+SUM(H39:I39))+(J39)*VLOOKUP("용접공",$S:$AB,2,FALSE)+(K39)*VLOOKUP("보통인부",$S:$AB,2,FALSE) -> 5196338.3 | O39: =(8.15)*VLOOKUP("철골공",$S:$AB,2,FALSE)+(3)*VLOOKUP("비계공",$S:$AB,2,FALSE)+(0.25)*VLOOKUP("보통인부",$S:$AB,2,FALSE) -> 2920197.9 | P39: =(10.13)*VLOOKUP("철골공",$S:$AB,2,FALSE)+(3)*VLOOKUP("비계공",$S:$AB,2,FALSE)+(0.3)*VLOOKUP("보통인부",$S:$AB,2,FALSE) -> 3424161.3 | R39: 1036 | S39: 지붕잇기공 | T39: 224113 | U39: 229334 | V39: 222346 | W39: 219230 | X39: 209602 | Y39: 204039 | Z39: 194244 | AA39: 187839 | AB39: 181305 | AC39: 177964 | AD39: 169590 | AE39: 159703 | AF39: 155527 | AG39: 155855 | AH39: 144009 | AI39: 141063 | AJ39: 133189 | AK39: 127218 | AL39: 122862 | AM39: 122074 | AN39: 118788 | AO39: 118435 | AP39: 121564 | AQ39: 122326 | AR39: 114953
D40: 0.5-2.5TON | E40: TON | G40: W6151 | H40: 0.5 | I40: -0.275 | J40: 0.98 | K40: 0.26 | M40: =P40*(1+L40+SUM(H40:I40))+(J40)*VLOOKUP("용접공",$S:$AB,2,FALSE)+(K40)*VLOOKUP("보통인부",$S:$AB,2,FALSE) -> 4511506.1 | O40: =(8.15)*VLOOKUP("철골공",$S:$AB,2,FALSE)+(3)*VLOOKUP("비계공",$S:$AB,2,FALSE)+(0.25)*VLOOKUP("보통인부",$S:$AB,2,FALSE) -> 2920197.9 | P40: =(10.13)*VLOOKUP("철골공",$S:$AB,2,FALSE)+(3)*VLOOKUP("비계공",$S:$AB,2,FALSE)+(0.3)*VLOOKUP("보통인부",$S:$AB,2,FALSE) -> 3424161.3 | R40: 1037 | S40: 벌목부 | T40: 248681 | U40: 251041 | V40: 243490 | W40: 237386 | X40: 224390 | Y40: 219920 | Z40: 213333 | AA40: 201640 | AB40: 200000 | AC40: 188584 | AD40: 174278 | AE40: 166034 | AF40: 162884 | AG40: 153571 | AH40: 144976 | AI40: 139681 | AJ40: 133882 | AK40: 126094 | AL40: 123948 | AM40: 122125 | AN40: 115303 | AO40: 114201 | AP40: 105911 | AQ40: 105800 | AR40: 99200
