Workbook

Sheet Summary
A1: Storage Tank Sizing Summary
A3: No | B3: Tank | C3: Required Vw (m³) | D3: Sel. D (m) | E3: Sel. H (m) | F3: H/D | G3: Sel. Volume (m³) | H3: Net Capacity (m³) | I3: Result
A4: 1 | B4: Condensate Storage Tank | C4: ='Condensate'!E8 | D4: ='Condensate'!E41 | E4: ='Condensate'!E40 | F4: ='Condensate'!G39 | G4: ='Condensate'!E42 | H4: ='Condensate'!D47 | I4: ='Condensate'!E49
A5: 2 | B5: Service & Fire water Storage Tank | C5: ='Service&Fire'!E8 | D5: ='Service&Fire'!E41 | E5: ='Service&Fire'!E40 | F5: ='Service&Fire'!G39 | G5: ='Service&Fire'!E42 | H5: ='Service&Fire'!D47 | I5: ='Service&Fire'!E49
A6: 3 | B6: Demi. water Storage Tank | C6: ='Demi'!E8 | D6: ='Demi'!E41 | E6: ='Demi'!E40 | F6: ='Demi'!G39 | G6: ='Demi'!E42 | H6: ='Demi'!D47 | I6: ='Demi'!E49
A7: 4 | B7: Fuel Oil Storage Tank | C7: ='FuelOil'!E8 | D7: ='FuelOil'!E41 | E7: ='FuelOil'!E40 | F7: ='FuelOil'!G39 | G7: ='FuelOil'!E42 | H7: ='FuelOil'!D47 | I7: ='FuelOil'!E49
A8: 5 | B8: Filtered Seawater Storage Tank | C8: ='Seawater'!E8 | D8: ='Seawater'!E41 | E8: ='Seawater'!E40 | F8: ='Seawater'!G39 | G8: ='Seawater'!E42 | H8: ='Seawater'!D47 | I8: ='Seawater'!E49

Sheet Condensate
A1: Calculation for Condensate Storage Tank
A3: 1. Design Condition
B4: 1) Tank type : Cone Roof
B5: 3) Tank ID | E5: 11.6 | F5: m
A7: 2. Calculation
B8: ∴ Working Capacity (Vw) = | E8: 568 | F8: m³ | G8: 대당 = | H8: =E8
B10: HH = Top level - High level
B11: Hw = High level - Low level (Working Volume)
B12: HL = Low level - Bottom level
B14: 2) Normal Capacity (Vn)
C15: → Working capacity + Dead capacity
C16: Dead capacity (V0) = (HL + HH) x D²/4
A18: - HW
B19: → Seismic Zone | E19: HW | F19: = | G19: 0.46 | H19: x D
E20: D | F20: = | G20: =E5 | H20: m
E21: HW | F21: = | G21: =G19*E5 | H21: m
E22: Q | F22: = | G22: =E8 | H22: m³
A24: - HL
B25: 1) Tank Bottom to Outlet Nozzle Center Line dim. (Regular Type) | E25: 12 | F25: " | G25: = | H25: =E25*25.4 | I25: mm
B26: 2) Top outlet nozzle over | G26: = | H26: 150 | I26: mm
B27: 3) Outlet nozzle radius | G27: = | H27: 1000 | I27: mm
C28: HL | D28: = | E28: =H25+H26+H27 | F28: mm | G28: Application = | H28: =ROUNDUP(E28/1000,1) | I28: m
A30: - HH
B31: Cone roof case tank top to extinguishing agent discharge outlet | H31: 300 | I31: mm
B32: HH level to extinguishing agent discharge | H32: 600 | I32: mm
C33: HH | D33: = | E33: =(H31+H32)/1000 | F33: m
C35: Dead Capacity = | E35: =D46+F46 | F35: m³
C36: So, Nominal capacity = | E36: =E8+E35 | F36: m³
C37: HT = | E37: =E40 | F37: m
B39: H = selected (attach#1) | F39: H/D : | G39: =E40/E41
C40: H | D40: = | E40: 7.75 | F40: m
C41: D | D41: = | E41: 11.63 | F41: m
C42: Volume | D42: = | E42: 822.82 | F42: m³
D44: HH | F44: HL
D45: =E33 | E45: m | F45: =H28 | G45: m
B46: Dead Capacity : | D46: =E42*E33/E40 | E46: m³ | F46: =E42*H28/E40 | G46: m³
B47: Design Capacity (Net Capacity) : | D47: =E42-D46-F46 | G47: m³
B49: Check (Net ≥ Required Vw) : | E49: =IF(D47>=E8,"OK","NG")

Sheet Service&Fire
A1: Calculation for Service & Fire water Storage Tank
A3: 1. Design Condition
B4: 1) Tank type : Cone Roof
B5: 3) Tank ID | E5: 24.3 | F5: m
A7: 2. Calculation
B8: ∴ Working Capacity (Vw) = | E8: 6400 | F8: m³ | G8: 대당 = | H8: =E8
B10: HH = Top level - High level
B11: Hw = High level - Low level (Working Volume)
B12: HL = Low level - Bottom level
B14: 2) Normal Capacity (Vn)
C15: → Working capacity + Dead capacity
C16: Dead capacity (V0) = (HL + HH) x D²/4
A18: - HW
B19: → Seismic Zone | E19: HW | F19: = | G19: 0.57 | H19: x D
E20: D | F20: = | G20: =E5 | H20: m
E21: HW | F21: = | G21: =G19*E5 | H21: m
E22: Q | F22: = | G22: =E8 | H22: m³
A24: - HL
B25: 1) Tank Bottom to Outlet Nozzle Center Line dim. (Regular Type) | E25: 15 | F25: " | G25: = | H25: =E25*25.4 | I25: mm
B26: 2) Top outlet nozzle over | G26: = | H26: 150 | I26: mm
B27: 3) Outlet nozzle radius | G27: = | H27: 1000 | I27: mm
C28: HL | D28: = | E28: =H25+H26+H27 | F28: mm | G28: Application = | H28: =ROUNDUP(E28/1000,1) | I28: m
A30: - HH
B31: Cone roof case tank top to extinguishing agent discharge outlet | H31: 300 | I31: mm
B32: HH level to extinguishing agent discharge | H32: 600 | I32: mm
C33: HH | D33: = | E33: =(H31+H32)/1000 | F33: m
C35: Dead Capacity = | E35: =D46+F46 | F35: m³
C36: So, Nominal capacity = | E36: =E8+E35 | F36: m³
C37: HT = | E37: =E40 | F37: m
B39: H = selected (attach#1) | F39: H/D : | G39: =E40/E41
C40: H | D40: = | E40: 16.34 | F40: m
C41: D | D41: = | E41: 24.27 | F41: m
C42: Volume | D42: = | E42: 7556.38 | F42: m³
D44: HH | F44: HL
D45: =E33 | E45: m | F45: =H28 | G45: m
B46: Dead Capacity : | D46: =E42*E33/E40 | E46: m³ | F46: =E42*H28/E40 | G46: m³
B47: Design Capacity (Net Capacity) : | D47: =E42-D46-F46 | G47: m³
B49: Check (Net ≥ Required Vw) : | E49: =IF(D47>=E8,"OK","NG")

Sheet Demi
A1: Calculation for Demi. water Storage Tank
A3: 1. Design Condition
B4: 1) Tank type : Cone Roof
B5: 3) Tank ID | E5: 17.7 | F5: m
A7: 2. Calculation
B8: ∴ Working Capacity (Vw) = | E8: 2300 | F8: m³ | G8: 대당 = | H8: =E8
B10: HH = Top level - High level
B11: Hw = High level - Low level (Working Volume)
B12: HL = Low level - Bottom level
B14: 2) Normal Capacity (Vn)
C15: → Working capacity + Dead capacity
C16: Dead capacity (V0) = (HL + HH) x D²/4
A18: - HW
B19: → Seismic Zone | E19: HW | F19: = | G19: 0.53 | H19: x D
E20: D | F20: = | G20: =E5 | H20: m
E21: HW | F21: = | G21: =G19*E5 | H21: m
E22: Q | F22: = | G22: =E8 | H22: m³
A24: - HL
B25: 1) Tank Bottom to Outlet Nozzle Center Line dim. (Regular Type) | E25: 17 | F25: " | G25: = | H25: =E25*25.4 | I25: mm
B26: 2) Top outlet nozzle over | G26: = | H26: 150 | I26: mm
B27: 3) Outlet nozzle radius | G27: = | H27: 1000 | I27: mm
C28: HL | D28: = | E28: =H25+H26+H27 | F28: mm | G28: Application = | H28: =ROUNDUP(E28/1000,1) | I28: m
A30: - HH
B31: Cone roof case tank top to extinguishing agent discharge outlet | H31: 300 | I31: mm
B32: HH level to extinguishing agent discharge | H32: 600 | I32: mm
C33: HH | D33: = | E33: =(H31+H32)/1000 | F33: m
C35: Dead Capacity = | E35: =D46+F46 | F35: m³
C36: So, Nominal capacity = | E36: =E8+E35 | F36: m³
C37: HT = | E37: =E40 | F37: m
B39: H = selected (attach#1) | F39: H/D : | G39: =E40/E41
C40: H | D40: = | E40: 11.87 | F40: m
C41: D | D41: = | E41: 17.68 | F41: m
C42: Volume | D42: = | E42: 2913.57 | F42: m³
D44: HH | F44: HL
D45: =E33 | E45: m | F45: =H28 | G45: m
B46: Dead Capacity : | D46: =E42*E33/E40 | E46: m³ | F46: =E42*H28/E40 | G46: m³
B47: Design Capacity (Net Capacity) : | D47: =E42-D46-F46 | G47: m³
B49: Check (Net ≥ Required Vw) : | E49: =IF(D47>=E8,"OK","NG")

Sheet FuelOil
A1: Calculation for Fuel Oil Storage Tank
A3: 1. Design Condition
B4: 1) Tank type : Cone Roof
B5: 3) Tank ID | E5: 19.3 | F5: m
A7: 2. Calculation
B8: ∴ Working Capacity (Vw) = | E8: 3000 | F8: m³ | G8: 대당 = | H8: =E8
B10: HH = Top level - High level
B11: Hw = High level - Low level (Working Volume)
B12: HL = Low level - Bottom level
B14: 2) Normal Capacity (Vn)
C15: → Working capacity + Dead capacity
C16: Dead capacity (V0) = (HL + HH) x D²/4
A18: - HW
B19: → Seismic Zone | E19: HW | F19: = | G19: 0.53 | H19: x D
E20: D | F20: = | G20: =E5 | H20: m
E21: HW | F21: = | G21: =G19*E5 | H21: m
E22: Q | F22: = | G22: =E8 | H22: m³
A24: - HL
B25: 1) Tank Bottom to Outlet Nozzle Center Line dim. (Regular Type) | E25: 20 | F25: " | G25: = | H25: =E25*25.4 | I25: mm
B26: 2) Top outlet nozzle over | G26: = | H26: 150 | I26: mm
B27: 3) Outlet nozzle radius | G27: = | H27: 1000 | I27: mm
C28: HL | D28: = | E28: =H25+H26+H27 | F28: mm | G28: Application = | H28: =ROUNDUP(E28/1000,1) | I28: m
A30: - HH
B31: Cone roof case tank top to extinguishing agent discharge outlet | H31: 300 | I31: mm
B32: HH level to extinguishing agent discharge | H32: 600 | I32: mm
C33: HH | D33: = | E33: =(H31+H32)/1000 | F33: m
C35: Dead Capacity = | E35: =D46+F46 | F35: m³
C36: So, Nominal capacity = | E36: =E8+E35 | F36: m³
C37: HT = | E37: =E40 | F37: m
B39: H = selected (attach#1) | F39: H/D : | G39: =E40/E41
C40: H | D40: = | E40: 12.84 | F40: m
C41: D | D41: = | E41: 19.32 | F41: m
C42: Volume | D42: = | E42: 3761.78 | F42: m³
D44: HH | F44: HL
D45: =E33 | E45: m | F45: =H28 | G45: m
B46: Dead Capacity : | D46: =E42*E33/E40 | E46: m³ | F46: =E42*H28/E40 | G46: m³
B47: Design Capacity (Net Capacity) : | D47: =E42-D46-F46 | G47: m³
B49: Check (Net ≥ Required Vw) : | E49: =IF(D47>=E8,"OK","NG")

Sheet Seawater
A1: Calculation for Filtered Seawater Storage Tank
A3: 1. Design Condition
B4: 1) Tank type : Cone Roof
B5: 3) Tank ID | E5: 11.2 | F5: m
A7: 2. Calculation
B8: ∴ Working Capacity (Vw) = | E8: 500 | F8: m³ | G8: 대당 = | H8: =E8
B10: HH = Top level - High level
B11: Hw = High level - Low level (Working Volume)
B12: HL = Low level - Bottom level
B14: 2) Normal Capacity (Vn)
C15: → Working capacity + Dead capacity
C16: Dead capacity (V0) = (HL + HH) x D²/4
A18: - HW
B19: → Seismic Zone | E19: HW | F19: = | G19: 0.45 | H19: x D
E20: D | F20: = | G20: =E5 | H20: m
E21: HW | F21: = | G21: =G19*E5 | H21: m
E22: Q | F22: = | G22: =E8 | H22: m³
A24: - HL
B25: 1) Tank Bottom to Outlet Nozzle Center Line dim. (Regular Type) | E25: 10 | F25: " | G25: = | H25: =E25*25.4 | I25: mm
B26: 2) Top outlet nozzle over | G26: = | H26: 150 | I26: mm
B27: 3) Outlet nozzle radius | G27: = | H27: 1000 | I27: mm
C28: HL | D28: = | E28: =H25+H26+H27 | F28: mm | G28: Application = | H28: =ROUNDUP(E28/1000,1) | I28: m
A30: - HH
B31: Cone roof case tank top to extinguishing agent discharge outlet | H31: 300 | I31: mm
B32: HH level to extinguishing agent discharge | H32: 600 | I32: mm
C33: HH | D33: = | E33: =(H31+H32)/1000 | F33: m
C35: Dead Capacity = | E35: =D46+F46 | F35: m³
C36: So, Nominal capacity = | E36: =E8+E35 | F36: m³
C37: HT = | E37: =E40 | F37: m
B39: H = selected (attach#1) | F39: H/D : | G39: =E40/E41
C40: H | D40: = | E40: 7.45 | F40: m
C41: D | D41: = | E41: 11.23 | F41: m
C42: Volume | D42: = | E42: 737.51 | F42: m³
D44: HH | F44: HL
D45: =E33 | E45: m | F45: =H28 | G45: m
B46: Dead Capacity : | D46: =E42*E33/E40 | E46: m³ | F46: =E42*H28/E40 | G46: m³
B47: Design Capacity (Net Capacity) : | D47: =E42-D46-F46 | G47: m³
B49: Check (Net ≥ Required Vw) : | E49: =IF(D47>=E8,"OK","NG")
