Workbook

Sheet 공사물량총량
A1: 산# 1. 공사물량 총량 집계
A2: 각 산출 시트(기본물량·제작·배관·도장·부대·가설)의 결과를 자동 집계합니다. 범례: 검정=자동 연동, 파란 글씨/노란 배경=입력(7-9 기타공사, 장비 매핑).
A4: 구 분 | B4: 내 용 | C4: 수 량 | D4: 단위 | E4: 집계 근거 | F4: 집계 장비명 (매핑)
A5: 1. 설치 공사
A6: - | B6: 강재류 | C6: =SUMIFS(기본물량산출!$G$6:$G$13,기본물량산출!$H$6:$H$13,"설치",기본물량산출!$J$6:$J$13,"강재류") -> 39.5 | D6: TON | E6: 기본물량산출
A7: - | B7: 강재 STAND | C7: =SUMIFS(기본물량산출!$G$6:$G$13,기본물량산출!$H$6:$H$13,"설치",기본물량산출!$J$6:$J$13,"강재 STAND") -> 0 | D7: TON | E7: 기본물량산출
A8: - | B8: 배관류 | C8: =SUMIF(배관집계!$B$7:$B$32,"설치",배관집계!$O$7:$O$32) -> 5.1341072 | D8: TON | E8: 배관집계(설치 T)
B9: 소 계 | C9: =SUM(C6:C8) -> 44.634107 | D9: TON
A11: 2. 이설 공사
A12: - | B12: 강재류 | C12: =SUMIFS(기본물량산출!$G$6:$G$13,기본물량산출!$H$6:$H$13,"이설",기본물량산출!$J$6:$J$13,"강재류") -> 45.986 | D12: TON | E12: 기본물량산출
A13: - | B13: 강재 STAND | C13: =SUMIFS(기본물량산출!$G$6:$G$13,기본물량산출!$H$6:$H$13,"이설",기본물량산출!$J$6:$J$13,"강재 STAND") -> 6.15 | D13: TON | E13: 기본물량산출
B14: 소 계 | C14: =SUM(C12:C13) -> 52.136 | D14: TON
A16: 3. 철거 공사
A17: - | B17: 기기강재류 철거 | C17: =SUMIFS(기본물량산출!$G$6:$G$13,기본물량산출!$H$6:$H$13,"철거") -> 39.5 | D17: TON | E17: 기본물량산출
A18: - | B18: 배관류 | C18: =SUMIF(배관집계!$B$7:$B$32,"철거",배관집계!$O$7:$O$32) -> 5.1341072 | D18: TON | E18: 배관집계(철거 T)
B19: 소 계 | C19: =SUM(C17:C18) -> 44.634107 | D19: TON
A21: 5. 부대 공사
A22: 1) 도 장
A23: - | B23: 바탕처리 1급 | C23: =도장면적집계!$I$13 -> 5.3531757 | D23: M2 | E23: 도장면적집계
A24: - | B24: 바탕처리 2급 | C24: =도장면적집계!$J$13 -> 192.68575 | D24: M2 | E24: 도장면적집계
A25: - | B25: EPOXY PRIMER 붓칠 1회 | C25: =도장면적집계!$K$13 -> 192.68575 | D25: M2 | E25: 도장면적집계
A26: - | B26: H.B SELF PRIMING EPOXY MASTIC 붓칠 1회 | C26: =도장면적집계!$L$13 -> 192.68575 | D26: M2 | E26: 도장면적집계
A27: - | B27: H.B EPOXY MASTIC 붓칠 1회 | C27: =도장면적집계!$M$13 -> 192.68575 | D27: M2 | E27: 도장면적집계
A28: - | B28: EPOXY PRIMER 뿜칠 1회 | C28: =도장면적집계!$N$13 -> 5.3531757 | D28: M2 | E28: 도장면적집계
A29: - | B29: H.B SELF PRIMING EPOXY MASTIC 뿜칠 1회 | C29: =도장면적집계!$O$13 -> 5.003 | D29: M2 | E29: 도장면적집계
A30: - | B30: H.B EPOXY MASTIC 뿜칠 1회 | C30: =도장면적집계!$P$13 -> 5.003 | D30: M2 | E30: 도장면적집계
A31: - | B31: 내화도료(PSM) 50MM | C31: =도장면적집계!$R$13 -> 20 | D31: M2 | E31: 도장면적집계
A32: - | B32: 내화도료(PSM) 100MM | C32: =도장면적집계!$S$13 -> 7 | D32: M2 | E32: 도장면적집계
A33: - | B33: 내화도료(PSM) 200MM | C33: =도장면적집계!$T$13 -> 45 | D33: M2 | E33: 도장면적집계
A34: 2) 용 접
A35: - | B35: WELDING ROD KSE 4301 | C35: =부대용접산소장비!$K$14 -> 178.6902 | D35: KG | E35: 부대 7-1
A36: - | B36: WELDING ROD KSE 4316 | C36: =부대용접산소장비!$L$14 -> 40.867493 | D36: KG | E36: 부대 7-1
A37: - | B37: WELDING ROD AWS E308-16 | C37: =부대용접산소장비!$M$14 -> 0 | D37: KG | E37: 부대 7-1
A38: - | B38: TIG WELDING WIRE (연강용) | C38: =부대용접산소장비!$N$14 -> 20.433747 | D38: KG | E38: 부대 7-1
A39: - | B39: TIG WELDING WIRE (STS용) | C39: =부대용접산소장비!$O$14 -> 0 | D39: KG | E39: 부대 7-1
A40: - | B40: OXYGEN GAS | C40: =부대용접산소장비!$F$33 -> 793 | D40: M3 | E40: 부대 7-2
A41: - | B41: ARGON GAS | C41: =배관ARGON!$G$28 -> 7 | D41: BT | E41: 배관 4-5
A42: - | B42: RT(15T이하) | C42: =배관부가물량!$L$42 -> 11 | D42: SH | E42: 배관 4-3 (촬영매수)
A43: - | B43: PT | C43: =배관부가물량!$N$42 -> 0.0068172561 | D43: M | E43: 배관 4-3
A44: 3) 부산물
A45: - | B45: SCRAP | C45: =부대운반SCRAP!$C$12 -> 97.980953 | D45: KG | E45: 부대 7-5 (배관+제작+가설)
A47: 6. 투입 장비
A48: 1) CRANE류
A49: - | B49: 100TON HYDRAURIC CRANE | C49: =IF($F49="",0,SUMIF(집계!$A$5:$A$9,$F49,집계!$E$5:$E$9)) -> 0 | D49: HR | E49: ="집계 장비 매핑: "&IF($F49="","(미매핑)",$F49) -> 집계 장비 매핑: 100T Crane | F49: 100T Crane
A50: - | B50: 18TON CARGO CRANE | C50: =IF($F50="",0,SUMIF(집계!$A$5:$A$9,$F50,집계!$E$5:$E$9)) -> 0 | D50: HR | E50: ="집계 장비 매핑: "&IF($F50="","(미매핑)",$F50) -> 집계 장비 매핑: 15T Crane | F50: 15T Crane
A51: - | B51: 집게차 18/25TON | C51: =IF($F51="",0,SUMIF(집계!$A$5:$A$9,$F51,집계!$E$5:$E$9)) -> 0 | D51: HR | E51: ="집계 장비 매핑: "&IF($F51="","(미매핑)",$F51) -> 집계 장비 매핑: 25T Crane | F51: 25T Crane
A52: - | B52: 10TON 지게차 | C52: =IF($F52="",0,SUMIF(집계!$A$5:$A$9,$F52,집계!$E$5:$E$9)) -> 0 | D52: HR | E52: ="집계 장비 매핑: "&IF($F52="","(미매핑)",$F52) -> 집계 장비 매핑: 지게차 7Ton | F52: 지게차 7Ton
A53: - | B53: OHC 운전 | C53: =IF($F53="",0,SUMIF(집계!$A$5:$A$9,$F53,집계!$E$5:$E$9)) -> 48 | D53: HR | E53: ="집계 장비 매핑: "&IF($F53="","(미매핑)",$F53) -> 집계 장비 매핑: OHC 운전 | F53: OHC 운전
A54: - | B54: WINCH | C54: =IF($F54="",0,SUMIF(집계!$A$5:$A$9,$F54,집계!$E$5:$E$9)) -> 0 | D54: HR | E54: ="집계 장비 매핑: "&IF($F54="","(미매핑)",$F54) -> 집계 장비 매핑: (미매핑)
A55: 2) WELDER
A56: - | B56: WELDER 200A | C56: =부대용접산소장비!$I$44 -> 266 | D56: HR | E56: 부대 7-3
A57: - | B57: WELDER 300A | C57: =부대용접산소장비!$I$45 -> 114 | D57: HR | E57: 부대 7-3
A58: - | B58: TIG WELDER | C58: =부대용접산소장비!$I$46 -> 35 | D58: HR | E58: 부대 7-3
A60: 7. 가설공사
A61: - | B61: ="콘테이너형 가설사무실 ("&부대가설공사!$M$12&"개월)" -> 콘테이너형 가설사무실 (1개월) | C61: =부대가설공사!$G$7 -> 3 | D61: 대 | E61: 7-7
A62: - | B62: ="콘테이너형 가설창고 ("&부대가설공사!$M$12&"개월)" -> 콘테이너형 가설창고 (1개월) | C62: =부대가설공사!$G$8 -> 2 | D62: 대 | E62: 7-7
A63: - | B63: 콘테이너형 가설화장실 | C63: =부대가설공사!$G$9 -> 1 | D63: 대 | E63: 7-7
A64: - | B64: 가설비계 - 강관 비계 | C64: =부대가설공사!$G$10 -> 173 | D64: M2 | E64: 7-8
A65: - | B65: 가설비계 - 안전발판 | C65: =부대가설공사!$G$11 -> 95 | D65: EA | E65: 7-8
A66: - | B66: 가설침목 | C66: =부대가설공사!$G$12 -> 1 | D66: EA | E66: 7-1
A67: - | B67: PIPE 적치대 손료(3개월미만) | C67: =부대가설공사!$G$13 -> 1 | D67: SET | E67: 7-1
A68: - | B68: 제작용정반 손료(3개월미만) | C68: =부대가설공사!$G$14 -> 0 | D68: SET | E68: 7-1
A69: - | B69: SCRAP BOX 손료(3개월미만) | C69: =부대가설공사!$G$15 -> 1 | D69: SET | E69: 7-1
A70: - | B70: PIPE 제작용 JIG 손료(3개월미만) | C70: =부대가설공사!$G$16 -> 1 | D70: SET | E70: 7-1
A71: - | B71: 고철상품 | C71: =부대가설공사!$H$17 -> 97.980953 | D71: KG | E71: 7-1
A72: - | B72: SCRAP 운반 | C72: =부대가설공사!$H$18 -> 0.097980953 | D72: TON | E72: 7-1
A73: - | B73: 기자재 BOX 개곤 물량 | C73: =부대가설공사!$H$19 -> 44.634107 | D73: TON | E73: 7-6
A75: 7. 기타공사
A76: - | B76: 전담안전관리자 | C76: 62 | D76: MD | E76: 7-9 기타공사 (입력)
A77: - | B77: HOOD 제작 | C77: 1 | D77: 식 | E77: 7-9 기타공사 (입력)
A78: - | B78: LAMONT NOZZLE 청소 | C78: 1 | D78: 식 | E78: 7-9 기타공사 (입력)
A79: - | B79: 철거재 표면 청소비 | D79: TON | E79: 7-9 기타공사 (입력)
A80: - | B80: 석면검사비 | C80: 3 | D80: POINT | E80: 7-9 기타공사 (입력)
A81: - | B81: 폐석면 철거비 | D81: M2 | E81: 7-9 기타공사 (입력)
A82: - | B82: 폐석면 처리비(매립) | C82: 0.361 | D82: TON | E82: 7-9 기타공사 (입력)
A83: - | B83: 공기농도 측정 | C83: 1 | D83: 식 | E83: 7-9 기타공사 (입력)
B85: 설치+이설+철거 총중량 합계 | C85: =C9+C14+C19 -> 141.40421 | D85: TON
A87: ※ 장비 시간은 집계 시트의 장비명과 매핑(F열)하여 연동합니다. 원본 양식의 장비명(18TON CARGO CRANE, 집게차 18/25TON 등)과 집계 장비명(15T/25T Crane 등)이 달라 임의 매핑했으니 확인·수정하세요.
A88: ※ 7. 기타공사(전담안전관리자·HOOD 제작·LAMONT NOZZLE·석면 관련)는 7-9 기타공사 양식 수령 전까지 원본 예시값을 입력값으로 둡니다.
A89: ※ ARGON GAS 7BT에는 STS304 300A 행(31,560ℓ)이 포함되어 있습니다(원본 4-5 예시는 미산정 → 2BT). 확인 결과에 따라 변동됩니다.

Sheet 기본물량산출
A1: 포) 2제강 4전로 Hood 갱년교체 - 기본물량산출 (수정본)
A2: 범례: 파란 글씨=입력, 검정=수식, 노란 배경=확인/입력 필요. 수식 셀은 수정하지 마세요.
A3: 근거: 기계 적산 설계 MANUAL(2024.12) 3-7 장비공사, 3장 요주의 Work Code(W5931 A01/A02), 고소할증 C02
A5: NO | B5: 품명 | C5: 수량 | D5: 단위 | E5: 개당 설치단중(kg) | F5: 중량(kg) | G5: 중량(ton) | H5: 작업구분 | I5: 설비계열 | J5: 품종기본 | K5: 품종(자동판정) | L5: 장비명 | M5: TON/DAY | N5: 작업계수 | O5: 장비일수 | P5: 설치높이(m) | Q5: 고소방식 | R5: 고소할증 C02 | S5: 용접장 30M초과(Y/N) | T5: A01 (W5931) | U5: A02 (W5931) | V5: 운반적용(Y/N) | W5: 비고 | X5: 원본 장비일수 | Y5: 차이(수정-원본)
A6: 1 | B6: UPPER HOOD 설치 | C6: 1 | D6: 식 | E6: 38000 | F6: =C6*E6 -> 38000 | G6: =F6/1000 -> 38 | H6: 설치 | I6: 철골류 | J6: 강재류 | K6: =J6&IF(J6="강재류"," "&IF(E6<500,"0.5TON미만",IF(E6<1000,"0.5-1.0TON",IF(E6<5000,"1.0-5.0TON",IF(E6<10000,"5.0-10.0TON","10.0TON이상")))),"")&IF(H6="설치","",IF(H6="철거"," 철거"," 이설")) -> 강재류 10.0TON이상 | L6: OHC 운전 | M6: =IF(E6<=0,0,INDEX(기준표!$C$5:$E$16,MATCH(E6/1000-0.0001,기준표!$A$5:$A$16,1),MATCH(I6,기준표!$C$4:$E$4,0))) -> 28 | N6: =INDEX(기준표!$B$20:$B$22,MATCH(H6,기준표!$A$20:$A$22,0)) -> 1 | O6: =IF(M6=0,0,G6/M6*N6) -> 1.3571429 | Q6: 비계 | R6: =IF(N(P6)<=0,0,IF(Q6="비계",INDEX(기준표!$C$26:$C$34,MATCH(P6,기준표!$A$26:$A$34,1)),INDEX(기준표!$E$26:$E$34,MATCH(P6,기준표!$A$26:$A$34,1)))) -> 0 | S6: N | T6: =IF(OR(J6<>"강재류",H6="철거"),"-",IF(E6<500,IF(S6="Y",0.3,0),IF(E6<1000,0.15,IF(E6<5000,0,IF(E6<10000,-0.2,-0.3))))) -> -0.3 | U6: =IF(OR(J6<>"강재류",H6="철거"),"-",IF(AND(E6<500,S6="Y"),0.2,0)) -> 0 | V6: Y | X6: 1.36 | Y6: =ROUND(O6,2)-X6 -> 0
A7: 2 | B7: UPPER HOOD 철거 | C7: 1 | D7: 식 | E7: 38000 | F7: =C7*E7 -> 38000 | G7: =F7/1000 -> 38 | H7: 철거 | I7: 철골류 | J7: 강재류 | K7: =J7&IF(J7="강재류"," "&IF(E7<500,"0.5TON미만",IF(E7<1000,"0.5-1.0TON",IF(E7<5000,"1.0-5.0TON",IF(E7<10000,"5.0-10.0TON","10.0TON이상")))),"")&IF(H7="설치","",IF(H7="철거"," 철거"," 이설")) -> 강재류 10.0TON이상 철거 | L7: OHC 운전 | M7: =IF(E7<=0,0,INDEX(기준표!$C$5:$E$16,MATCH(E7/1000-0.0001,기준표!$A$5:$A$16,1),MATCH(I7,기준표!$C$4:$E$4,0))) -> 28 | N7: =INDEX(기준표!$B$20:$B$22,MATCH(H7,기준표!$A$20:$A$22,0)) -> 0.5 | O7: =IF(M7=0,0,G7/M7*N7) -> 0.67857143 | Q7: 비계 | R7: =IF(N(P7)<=0,0,IF(Q7="비계",INDEX(기준표!$C$26:$C$34,MATCH(P7,기준표!$A$26:$A$34,1)),INDEX(기준표!$E$26:$E$34,MATCH(P7,기준표!$A$26:$A$34,1)))) -> 0 | S7: N | T7: =IF(OR(J7<>"강재류",H7="철거"),"-",IF(E7<500,IF(S7="Y",0.3,0),IF(E7<1000,0.15,IF(E7<5000,0,IF(E7<10000,-0.2,-0.3))))) -> - | U7: =IF(OR(J7<>"강재류",H7="철거"),"-",IF(AND(E7<500,S7="Y"),0.2,0)) -> - | V7: N | W7: 철거재 운반: 폐기대상이면 Y (본 설비 철거는 SCRAP 공제 없음, 운반비만) | X7: 0.68 | Y7: =ROUND(O7,2)-X7 -> 0
A8: 3 | B8: LANCE PIPE (3EA) | C8: 3 | D8: EA | E8: 12056 | F8: =C8*E8 -> 36168 | G8: =F8/1000 -> 36.168 | H8: 이설 | I8: 철골류 | J8: 강재류 | K8: =J8&IF(J8="강재류"," "&IF(E8<500,"0.5TON미만",IF(E8<1000,"0.5-1.0TON",IF(E8<5000,"1.0-5.0TON",IF(E8<10000,"5.0-10.0TON","10.0TON이상")))),"")&IF(H8="설치","",IF(H8="철거"," 철거"," 이설")) -> 강재류 10.0TON이상 이설 | L8: OHC 운전 | M8: =IF(E8<=0,0,INDEX(기준표!$C$5:$E$16,MATCH(E8/1000-0.0001,기준표!$A$5:$A$16,1),MATCH(I8,기준표!$C$4:$E$4,0))) -> 28 | N8: =INDEX(기준표!$B$20:$B$22,MATCH(H8,기준표!$A$20:$A$22,0)) -> 1.25 | O8: =IF(M8=0,0,G8/M8*N8) -> 1.6146429 | Q8: 비계 | R8: =IF(N(P8)<=0,0,IF(Q8="비계",INDEX(기준표!$C$26:$C$34,MATCH(P8,기준표!$A$26:$A$34,1)),INDEX(기준표!$E$26:$E$34,MATCH(P8,기준표!$A$26:$A$34,1)))) -> 0 | S8: N | T8: =IF(OR(J8<>"강재류",H8="철거"),"-",IF(E8<500,IF(S8="Y",0.3,0),IF(E8<1000,0.15,IF(E8<5000,0,IF(E8<10000,-0.2,-0.3))))) -> -0.3 | U8: =IF(OR(J8<>"강재류",H8="철거"),"-",IF(AND(E8<500,S8="Y"),0.2,0)) -> 0 | V8: N | W8: 기기(수냉 Lance) 성격이면 설비계열=기기류 검토 | X8: 1.61 | Y8: =ROUND(O8,2)-X8 -> 0
A9: 4 | B9: MOVEABLE DECK - DECK | C9: 1 | D9: 식 | E9: 6150 | F9: =C9*E9 -> 6150 | G9: =F9/1000 -> 6.15 | H9: 이설 | I9: 철골류 | J9: 강재 STAND | K9: =J9&IF(J9="강재류"," "&IF(E9<500,"0.5TON미만",IF(E9<1000,"0.5-1.0TON",IF(E9<5000,"1.0-5.0TON",IF(E9<10000,"5.0-10.0TON","10.0TON이상")))),"")&IF(H9="설치","",IF(H9="철거"," 철거"," 이설")) -> 강재 STAND 이설 | L9: OHC 운전 | M9: =IF(E9<=0,0,INDEX(기준표!$C$5:$E$16,MATCH(E9/1000-0.0001,기준표!$A$5:$A$16,1),MATCH(I9,기준표!$C$4:$E$4,0))) -> 23 | N9: =INDEX(기준표!$B$20:$B$22,MATCH(H9,기준표!$A$20:$A$22,0)) -> 1.25 | O9: =IF(M9=0,0,G9/M9*N9) -> 0.33423913 | Q9: 비계 | R9: =IF(N(P9)<=0,0,IF(Q9="비계",INDEX(기준표!$C$26:$C$34,MATCH(P9,기준표!$A$26:$A$34,1)),INDEX(기준표!$E$26:$E$34,MATCH(P9,기준표!$A$26:$A$34,1)))) -> 0 | S9: N | T9: =IF(OR(J9<>"강재류",H9="철거"),"-",IF(E9<500,IF(S9="Y",0.3,0),IF(E9<1000,0.15,IF(E9<5000,0,IF(E9<10000,-0.2,-0.3))))) -> - | U9: =IF(OR(J9<>"강재류",H9="철거"),"-",IF(AND(E9<500,S9="Y"),0.2,0)) -> - | V9: N | X9: 0.33 | Y9: =ROUND(O9,2)-X9 -> 0
A10: 5 | B10: MOVEABLE DECK - DECK SUPPORT | C10: 1 | D10: 식 | E10: 8318 | F10: =C10*E10 -> 8318 | G10: =F10/1000 -> 8.318 | H10: 이설 | I10: 철골류 | J10: 강재류 | K10: =J10&IF(J10="강재류"," "&IF(E10<500,"0.5TON미만",IF(E10<1000,"0.5-1.0TON",IF(E10<5000,"1.0-5.0TON",IF(E10<10000,"5.0-10.0TON","10.0TON이상")))),"")&IF(H10="설치","",IF(H10="철거"," 철거"," 이설")) -> 강재류 5.0-10.0TON 이설 | L10: OHC 운전 | M10: =IF(E10<=0,0,INDEX(기준표!$C$5:$E$16,MATCH(E10/1000-0.0001,기준표!$A$5:$A$16,1),MATCH(I10,기준표!$C$4:$E$4,0))) -> 23 | N10: =INDEX(기준표!$B$20:$B$22,MATCH(H10,기준표!$A$20:$A$22,0)) -> 1.25 | O10: =IF(M10=0,0,G10/M10*N10) -> 0.45206522 | Q10: 비계 | R10: =IF(N(P10)<=0,0,IF(Q10="비계",INDEX(기준표!$C$26:$C$34,MATCH(P10,기준표!$A$26:$A$34,1)),INDEX(기준표!$E$26:$E$34,MATCH(P10,기준표!$A$26:$A$34,1)))) -> 0 | S10: N | T10: =IF(OR(J10<>"강재류",H10="철거"),"-",IF(E10<500,IF(S10="Y",0.3,0),IF(E10<1000,0.15,IF(E10<5000,0,IF(E10<10000,-0.2,-0.3))))) -> -0.2 | U10: =IF(OR(J10<>"강재류",H10="철거"),"-",IF(AND(E10<500,S10="Y"),0.2,0)) -> 0 | V10: N | W10: 원본 '1.0-5.0TON'은 오분류 → 5.0-10.0TON 자동 정정 | X10: 0.45 | Y10: =ROUND(O10,2)-X10 -> 0
A11: 6 | B11: 철골류(설치) | C11: 4 | D11: EA | E11: 375 | F11: =C11*E11 -> 1500 | G11: =F11/1000 -> 1.5 | H11: 설치 | I11: 철골류 | J11: 강재류 | K11: =J11&IF(J11="강재류"," "&IF(E11<500,"0.5TON미만",IF(E11<1000,"0.5-1.0TON",IF(E11<5000,"1.0-5.0TON",IF(E11<10000,"5.0-10.0TON","10.0TON이상")))),"")&IF(H11="설치","",IF(H11="철거"," 철거"," 이설")) -> 강재류 0.5TON미만 | L11: OHC 운전 | M11: =IF(E11<=0,0,INDEX(기준표!$C$5:$E$16,MATCH(E11/1000-0.0001,기준표!$A$5:$A$16,1),MATCH(I11,기준표!$C$4:$E$4,0))) -> 3 | N11: =INDEX(기준표!$B$20:$B$22,MATCH(H11,기준표!$A$20:$A$22,0)) -> 1 | O11: =IF(M11=0,0,G11/M11*N11) -> 0.5 | Q11: 비계 | R11: =IF(N(P11)<=0,0,IF(Q11="비계",INDEX(기준표!$C$26:$C$34,MATCH(P11,기준표!$A$26:$A$34,1)),INDEX(기준표!$E$26:$E$34,MATCH(P11,기준표!$A$26:$A$34,1)))) -> 0 | S11: N | T11: =IF(OR(J11<>"강재류",H11="철거"),"-",IF(E11<500,IF(S11="Y",0.3,0),IF(E11<1000,0.15,IF(E11<5000,0,IF(E11<10000,-0.2,-0.3))))) -> 0 | U11: =IF(OR(J11<>"강재류",H11="철거"),"-",IF(AND(E11<500,S11="Y"),0.2,0)) -> 0 | V11: N | W11: 성품하차/구내운반 반영 여부 확인 | X11: 0.5 | Y11: =ROUND(O11,2)-X11 -> 0
A12: 7 | B12: 철골류(철거) | C12: 4 | D12: EA | E12: 375 | F12: =C12*E12 -> 1500 | G12: =F12/1000 -> 1.5 | H12: 철거 | I12: 철골류 | J12: 강재류 | K12: =J12&IF(J12="강재류"," "&IF(E12<500,"0.5TON미만",IF(E12<1000,"0.5-1.0TON",IF(E12<5000,"1.0-5.0TON",IF(E12<10000,"5.0-10.0TON","10.0TON이상")))),"")&IF(H12="설치","",IF(H12="철거"," 철거"," 이설")) -> 강재류 0.5TON미만 철거 | L12: OHC 운전 | M12: =IF(E12<=0,0,INDEX(기준표!$C$5:$E$16,MATCH(E12/1000-0.0001,기준표!$A$5:$A$16,1),MATCH(I12,기준표!$C$4:$E$4,0))) -> 3 | N12: =INDEX(기준표!$B$20:$B$22,MATCH(H12,기준표!$A$20:$A$22,0)) -> 0.5 | O12: =IF(M12=0,0,G12/M12*N12) -> 0.25 | Q12: 비계 | R12: =IF(N(P12)<=0,0,IF(Q12="비계",INDEX(기준표!$C$26:$C$34,MATCH(P12,기준표!$A$26:$A$34,1)),INDEX(기준표!$E$26:$E$34,MATCH(P12,기준표!$A$26:$A$34,1)))) -> 0 | S12: N | T12: =IF(OR(J12<>"강재류",H12="철거"),"-",IF(E12<500,IF(S12="Y",0.3,0),IF(E12<1000,0.15,IF(E12<5000,0,IF(E12<10000,-0.2,-0.3))))) -> - | U12: =IF(OR(J12<>"강재류",H12="철거"),"-",IF(AND(E12<500,S12="Y"),0.2,0)) -> - | V12: N | X12: 0.25 | Y12: =ROUND(O12,2)-X12 -> 0
A13: 8 | B13: 철골류(이설) | C13: 4 | D13: EA | E13: 375 | F13: =C13*E13 -> 1500 | G13: =F13/1000 -> 1.5 | H13: 이설 | I13: 철골류 | J13: 강재류 | K13: =J13&IF(J13="강재류"," "&IF(E13<500,"0.5TON미만",IF(E13<1000,"0.5-1.0TON",IF(E13<5000,"1.0-5.0TON",IF(E13<10000,"5.0-10.0TON","10.0TON이상")))),"")&IF(H13="설치","",IF(H13="철거"," 철거"," 이설")) -> 강재류 0.5TON미만 이설 | L13: OHC 운전 | M13: =IF(E13<=0,0,INDEX(기준표!$C$5:$E$16,MATCH(E13/1000-0.0001,기준표!$A$5:$A$16,1),MATCH(I13,기준표!$C$4:$E$4,0))) -> 3 | N13: =INDEX(기준표!$B$20:$B$22,MATCH(H13,기준표!$A$20:$A$22,0)) -> 1.25 | O13: =IF(M13=0,0,G13/M13*N13) -> 0.625 | Q13: 비계 | R13: =IF(N(P13)<=0,0,IF(Q13="비계",INDEX(기준표!$C$26:$C$34,MATCH(P13,기준표!$A$26:$A$34,1)),INDEX(기준표!$E$26:$E$34,MATCH(P13,기준표!$A$26:$A$34,1)))) -> 0 | S13: N | T13: =IF(OR(J13<>"강재류",H13="철거"),"-",IF(E13<500,IF(S13="Y",0.3,0),IF(E13<1000,0.15,IF(E13<5000,0,IF(E13<10000,-0.2,-0.3))))) -> 0 | U13: =IF(OR(J13<>"강재류",H13="철거"),"-",IF(AND(E13<500,S13="Y"),0.2,0)) -> 0 | V13: N | X13: 0.63 | Y13: =ROUND(O13,2)-X13 -> 0
B14: 계 | F14: =SUM(F6:F13) -> 131136 | G14: =SUM(G6:G13) -> 131.136 | O14: =SUM(O6:O13) -> 5.8116615 | X14: =SUM(X6:X13) -> 5.81 | Y14: =ROUND(O14,2)-X14 -> 0
A16: ※ 열 X(원본 장비일수)는 원본 시트 값을 그대로 옮긴 검증용 입력이며, 열 Y가 0이면 수정본 수식이 원본과 일치.
A17: ※ 설치높이(P열)는 도면 확인 후 입력(공란=고소할증 없음). 10m 미만은 C02 0.
A18: ※ T·U열: W5931(강재류 조립설치) 요주의 Factor. 0.5TON 미만은 용접장 30M 초과(S열=Y)일 때만 A01=0.3, A02=0.2 적용. 철거(W5944)는 해당없음(-).

Sheet 집계
A1: 집계 (기본물량산출 연동)
A3: ① 장비사용시간 집계
A4: 장비명 | B4: 합계 일수 | C4: 적용 일수(올림) | D4: 일일 사용시간(HR) | E4: 적용 시간(HR) | F4: 비고
A5: OHC 운전 | B5: =SUMIF(기본물량산출!$L$6:$L$13,A5,기본물량산출!$O$6:$O$13) -> 5.8116615 | C5: =ROUNDUP(B5,0) -> 6 | D5: =기준표!$B$38 -> 8 | E5: =IF(C5=0,0,MAX(C5*D5,기준표!$B$39)) -> 48 | F5: 원본: 6.00일 x 8HR = 48HR
A6: 100T Crane | B6: =SUMIF(기본물량산출!$L$6:$L$13,A6,기본물량산출!$O$6:$O$13) -> 0 | C6: =ROUNDUP(B6,0) -> 0 | D6: =기준표!$B$38 -> 8 | E6: =IF(C6=0,0,MAX(C6*D6,기준표!$B$39)) -> 0
A7: 25T Crane | B7: =SUMIF(기본물량산출!$L$6:$L$13,A7,기본물량산출!$O$6:$O$13) -> 0 | C7: =ROUNDUP(B7,0) -> 0 | D7: =기준표!$B$38 -> 8 | E7: =IF(C7=0,0,MAX(C7*D7,기준표!$B$39)) -> 0
A8: 15T Crane | B8: =SUMIF(기본물량산출!$L$6:$L$13,A8,기본물량산출!$O$6:$O$13) -> 0 | C8: =ROUNDUP(B8,0) -> 0 | D8: =기준표!$B$38 -> 8 | E8: =IF(C8=0,0,MAX(C8*D8,기준표!$B$39)) -> 0
A9: 지게차 7Ton | B9: =SUMIF(기본물량산출!$L$6:$L$13,A9,기본물량산출!$O$6:$O$13) -> 0 | C9: =ROUNDUP(B9,0) -> 0 | D9: =기준표!$B$38 -> 8 | E9: =IF(C9=0,0,MAX(C9*D9,기준표!$B$39)) -> 0
A11: ② 품종별 중량 집계 (kg)
A12: 품종 | B12: 중량(kg) | C12: 중량(ton)
A13: 강재류 0.5TON미만 | B13: =SUMIF(기본물량산출!$K$6:$K$13,A13,기본물량산출!$F$6:$F$13) -> 1500 | C13: =B13/1000 -> 1.5
A14: 강재류 0.5-1.0TON | B14: =SUMIF(기본물량산출!$K$6:$K$13,A14,기본물량산출!$F$6:$F$13) -> 0 | C14: =B14/1000 -> 0
A15: 강재류 1.0-5.0TON | B15: =SUMIF(기본물량산출!$K$6:$K$13,A15,기본물량산출!$F$6:$F$13) -> 0 | C15: =B15/1000 -> 0
A16: 강재류 5.0-10.0TON | B16: =SUMIF(기본물량산출!$K$6:$K$13,A16,기본물량산출!$F$6:$F$13) -> 0 | C16: =B16/1000 -> 0
A17: 강재류 10.0TON이상 | B17: =SUMIF(기본물량산출!$K$6:$K$13,A17,기본물량산출!$F$6:$F$13) -> 38000 | C17: =B17/1000 -> 38
A18: 강재 STAND | B18: =SUMIF(기본물량산출!$K$6:$K$13,A18,기본물량산출!$F$6:$F$13) -> 0 | C18: =B18/1000 -> 0
A19: 강재류 0.5TON미만 철거 | B19: =SUMIF(기본물량산출!$K$6:$K$13,A19,기본물량산출!$F$6:$F$13) -> 1500 | C19: =B19/1000 -> 1.5
A20: 강재류 0.5-1.0TON 철거 | B20: =SUMIF(기본물량산출!$K$6:$K$13,A20,기본물량산출!$F$6:$F$13) -> 0 | C20: =B20/1000 -> 0
A21: 강재류 1.0-5.0TON 철거 | B21: =SUMIF(기본물량산출!$K$6:$K$13,A21,기본물량산출!$F$6:$F$13) -> 0 | C21: =B21/1000 -> 0
A22: 강재류 5.0-10.0TON 철거 | B22: =SUMIF(기본물량산출!$K$6:$K$13,A22,기본물량산출!$F$6:$F$13) -> 0 | C22: =B22/1000 -> 0
A23: 강재류 10.0TON이상 철거 | B23: =SUMIF(기본물량산출!$K$6:$K$13,A23,기본물량산출!$F$6:$F$13) -> 38000 | C23: =B23/1000 -> 38
A24: 강재 STAND 철거 | B24: =SUMIF(기본물량산출!$K$6:$K$13,A24,기본물량산출!$F$6:$F$13) -> 0 | C24: =B24/1000 -> 0
... A30: 강재 STAND 이설 | B30: =SUMIF(기본물량산출!$K$6:$K$13,A30,기본물량산출!$F$6:$F$13) -> 6150 | C30: =B30/1000 -> 6.15
A31: 계 | B31: =SUM(B13:B30) -> 131136 | C31: =B31/1000 -> 131.136
A32: 검증(기본물량 총중량과 차이) | B32: =B31-기본물량산출!F14 -> 0
A34: ③ 운반 물량 집계 (운반적용=Y 행)
A35: 구분 | B35: 물량(ton) | C35: 비고
A36: 성품하차 (설치물량) | B36: =SUMIFS(기본물량산출!$G$6:$G$13,기본물량산출!$H$6:$H$13,"설치",기본물량산출!$V$6:$V$13,"Y") -> 38 | C36: 원본 38.0ton
A37: 구내운반 (성품현장소운반 70%) | B37: =B36*기준표!$B$37 -> 26.6 | C37: 원본 26.6ton
A38: 철거재 운반 (폐기대상) | B38: =SUMIFS(기본물량산출!$G$6:$G$13,기본물량산출!$H$6:$H$13,"철거",기본물량산출!$V$6:$V$13,"Y") -> 0 | C38: 폐기대상만 Y 지정

Sheet 제작물량산출
A1: 제작물량산출 (공장/현장 제작) - 포) 2제강 4전로 Hood 갱년교체
A2: 범례: 파란 글씨=입력, 검정=수식, 노란 배경=입력 필요. 제작품(G~L열)별 '세트당 소요량'을 입력하면 TOTAL·도장면적·적용 품셈이 자동 산출됩니다. (형강류 단위 KG)
A3: 근거: 제작물량 산출 양식, MANUAL 3-5 다.(도장면적), 일반사항 5.(할증율), 3-4 사.(용접), 6-3(SCRAP), 555 제작공사 입력SHEET(W6151)
B5: 제작품명 | G5: LANCE PIPE SUPPORT | H5: LIFTING LUG
B6: 제작분류 (공장/현장) | G6: 공장 | H6: 공장
B7: 적용품종 | G7: 지주류 | H7: 지주류
B8: 제작수량 (SET) | G8: 3 | H8: 1
B9: 제작단중 (KG/SET) | G9: =IF(G$5="",0,SUMIF($F$20:$F$39,"KG",G20:G39)) -> 0 | H9: =IF(H$5="",0,SUMIF($F$20:$F$39,"KG",H20:H39)) -> 0 | I9: =IF(I$5="",0,SUMIF($F$20:$F$39,"KG",I20:I39)) -> 0 | J9: =IF(J$5="",0,SUMIF($F$20:$F$39,"KG",J20:J39)) -> 0 | K9: =IF(K$5="",0,SUMIF($F$20:$F$39,"KG",K20:K39)) -> 0 | L9: =IF(L$5="",0,SUMIF($F$20:$F$39,"KG",L20:L39)) -> 0
B10: 제작중량 (KG) | G10: =G9*G8 -> 0 | H10: =H9*H8 -> 0 | I10: =I9*I8 -> 0 | J10: =J9*J8 -> 0 | K10: =K9*K8 -> 0 | L10: =L9*L8 -> 0
B11: 중량구분 | G11: =IF(G$5="","",IF(G9<=500,"0.5TON 이하",IF(G9<=2500,"0.5~2.5TON",IF(G9<=5000,"2.5~5TON","5TON 이상")))) -> 0.5TON 이하 | H11: =IF(H$5="","",IF(H9<=500,"0.5TON 이하",IF(H9<=2500,"0.5~2.5TON",IF(H9<=5000,"2.5~5TON","5TON 이상")))) -> 0.5TON 이하 | I11: =IF(I$5="","",IF(I9<=500,"0.5TON 이하",IF(I9<=2500,"0.5~2.5TON",IF(I9<=5000,"2.5~5TON","5TON 이상")))) | J11: =IF(J$5="","",IF(J9<=500,"0.5TON 이하",IF(J9<=2500,"0.5~2.5TON",IF(J9<=5000,"2.5~5TON","5TON 이상")))) | K11: =IF(K$5="","",IF(K9<=500,"0.5TON 이하",IF(K9<=2500,"0.5~2.5TON",IF(K9<=5000,"2.5~5TON","5TON 이상")))) | L11: =IF(L$5="","",IF(L9<=500,"0.5TON 이하",IF(L9<=2500,"0.5~2.5TON",IF(L9<=5000,"2.5~5TON","5TON 이상"))))
B12: 적용 품셈코드 (W6151) | G12: =IF(OR(G$5="",G$7=""),"",IFERROR(INDEX('555 입력SHEET'!$E$2:$E$69,MATCH(G$7&"|"&IF(G9<=500,1,IF(G9<=2500,2,IF(G9<=5000,3,4))),'555 입력SHEET'!$V$2:$V$69,0)),"품종확인")) -> W6151101 | H12: =IF(OR(H$5="",H$7=""),"",IFERROR(INDEX('555 입력SHEET'!$E$2:$E$69,MATCH(H$7&"|"&IF(H9<=500,1,IF(H9<=2500,2,IF(H9<=5000,3,4))),'555 입력SHEET'!$V$2:$V$69,0)),"품종확인")) -> W6151101 | I12: =IF(OR(I$5="",I$7=""),"",IFERROR(INDEX('555 입력SHEET'!$E$2:$E$69,MATCH(I$7&"|"&IF(I9<=500,1,IF(I9<=2500,2,IF(I9<=5000,3,4))),'555 입력SHEET'!$V$2:$V$69,0)),"품종확인")) | J12: =IF(OR(J$5="",J$7=""),"",IFERROR(INDEX('555 입력SHEET'!$E$2:$E$69,MATCH(J$7&"|"&IF(J9<=500,1,IF(J9<=2500,2,IF(J9<=5000,3,4))),'555 입력SHEET'!$V$2:$V$69,0)),"품종확인")) | K12: =IF(OR(K$5="",K$7=""),"",IFERROR(INDEX('555 입력SHEET'!$E$2:$E$69,MATCH(K$7&"|"&IF(K9<=500,1,IF(K9<=2500,2,IF(K9<=5000,3,4))),'555 입력SHEET'!$V$2:$V$69,0)),"품종확인")) | L12: =IF(OR(L$5="",L$7=""),"",IFERROR(INDEX('555 입력SHEET'!$E$2:$E$69,MATCH(L$7&"|"&IF(L9<=500,1,IF(L9<=2500,2,IF(L9<=5000,3,4))),'555 입력SHEET'!$V$2:$V$69,0)),"품종확인"))
B13: 적용 품셈명칭 | G13: =IF(G12="","",IFERROR(INDEX('555 입력SHEET'!$G$2:$G$69,MATCH(G12,'555 입력SHEET'!$E$2:$E$69,0)),"")) -> 지주류 공장 제작 0.5 TON 이하 | H13: =IF(H12="","",IFERROR(INDEX('555 입력SHEET'!$G$2:$G$69,MATCH(H12,'555 입력SHEET'!$E$2:$E$69,0)),"")) -> 지주류 공장 제작 0.5 TON 이하 | I13: =IF(I12="","",IFERROR(INDEX('555 입력SHEET'!$G$2:$G$69,MATCH(I12,'555 입력SHEET'!$E$2:$E$69,0)),"")) | J13: =IF(J12="","",IFERROR(INDEX('555 입력SHEET'!$G$2:$G$69,MATCH(J12,'555 입력SHEET'!$E$2:$E$69,0)),"")) | K13: =IF(K12="","",IFERROR(INDEX('555 입력SHEET'!$G$2:$G$69,MATCH(K12,'555 입력SHEET'!$E$2:$E$69,0)),"")) | L13: =IF(L12="","",IFERROR(INDEX('555 입력SHEET'!$G$2:$G$69,MATCH(L12,'555 입력SHEET'!$E$2:$E$69,0)),""))
B14: 용접봉 소요량 (KG) | G14: =IFERROR(G10/1000*INDEX('555 입력SHEET'!$P$2:$P$69,MATCH(G12,'555 입력SHEET'!$E$2:$E$69,0))/제작기준!$L$5*제작기준!$L$6,0) -> 0 | H14: =IFERROR(H10/1000*INDEX('555 입력SHEET'!$P$2:$P$69,MATCH(H12,'555 입력SHEET'!$E$2:$E$69,0))/제작기준!$L$5*제작기준!$L$6,0) -> 0 | I14: =IFERROR(I10/1000*INDEX('555 입력SHEET'!$P$2:$P$69,MATCH(I12,'555 입력SHEET'!$E$2:$E$69,0))/제작기준!$L$5*제작기준!$L$6,0) -> 0 | J14: =IFERROR(J10/1000*INDEX('555 입력SHEET'!$P$2:$P$69,MATCH(J12,'555 입력SHEET'!$E$2:$E$69,0))/제작기준!$L$5*제작기준!$L$6,0) -> 0 | K14: =IFERROR(K10/1000*INDEX('555 입력SHEET'!$P$2:$P$69,MATCH(K12,'555 입력SHEET'!$E$2:$E$69,0))/제작기준!$L$5*제작기준!$L$6,0) -> 0 | L14: =IFERROR(L10/1000*INDEX('555 입력SHEET'!$P$2:$P$69,MATCH(L12,'555 입력SHEET'!$E$2:$E$69,0))/제작기준!$L$5*제작기준!$L$6,0) -> 0
B15: 용접공 (MD) | G15: =IFERROR(G10/1000*INDEX('555 입력SHEET'!$N$2:$N$69,MATCH(G12,'555 입력SHEET'!$E$2:$E$69,0)),0) -> 0 | H15: =IFERROR(H10/1000*INDEX('555 입력SHEET'!$N$2:$N$69,MATCH(H12,'555 입력SHEET'!$E$2:$E$69,0)),0) -> 0 | I15: =IFERROR(I10/1000*INDEX('555 입력SHEET'!$N$2:$N$69,MATCH(I12,'555 입력SHEET'!$E$2:$E$69,0)),0) -> 0 | J15: =IFERROR(J10/1000*INDEX('555 입력SHEET'!$N$2:$N$69,MATCH(J12,'555 입력SHEET'!$E$2:$E$69,0)),0) -> 0 | K15: =IFERROR(K10/1000*INDEX('555 입력SHEET'!$N$2:$N$69,MATCH(K12,'555 입력SHEET'!$E$2:$E$69,0)),0) -> 0 | L15: =IFERROR(L10/1000*INDEX('555 입력SHEET'!$N$2:$N$69,MATCH(L12,'555 입력SHEET'!$E$2:$E$69,0)),0) -> 0
B16: 특별인부 (MD) | G16: =IFERROR(G10/1000*INDEX('555 입력SHEET'!$O$2:$O$69,MATCH(G12,'555 입력SHEET'!$E$2:$E$69,0)),0) -> 0 | H16: =IFERROR(H10/1000*INDEX('555 입력SHEET'!$O$2:$O$69,MATCH(H12,'555 입력SHEET'!$E$2:$E$69,0)),0) -> 0 | I16: =IFERROR(I10/1000*INDEX('555 입력SHEET'!$O$2:$O$69,MATCH(I12,'555 입력SHEET'!$E$2:$E$69,0)),0) -> 0 | J16: =IFERROR(J10/1000*INDEX('555 입력SHEET'!$O$2:$O$69,MATCH(J12,'555 입력SHEET'!$E$2:$E$69,0)),0) -> 0 | K16: =IFERROR(K10/1000*INDEX('555 입력SHEET'!$O$2:$O$69,MATCH(K12,'555 입력SHEET'!$E$2:$E$69,0)),0) -> 0 | L16: =IFERROR(L10/1000*INDEX('555 입력SHEET'!$O$2:$O$69,MATCH(L12,'555 입력SHEET'!$E$2:$E$69,0)),0) -> 0
B17: 전력량 (KWH) | G17: =IFERROR(G10/1000*INDEX('555 입력SHEET'!$P$2:$P$69,MATCH(G12,'555 입력SHEET'!$E$2:$E$69,0)),0) -> 0 | H17: =IFERROR(H10/1000*INDEX('555 입력SHEET'!$P$2:$P$69,MATCH(H12,'555 입력SHEET'!$E$2:$E$69,0)),0) -> 0 | I17: =IFERROR(I10/1000*INDEX('555 입력SHEET'!$P$2:$P$69,MATCH(I12,'555 입력SHEET'!$E$2:$E$69,0)),0) -> 0 | J17: =IFERROR(J10/1000*INDEX('555 입력SHEET'!$P$2:$P$69,MATCH(J12,'555 입력SHEET'!$E$2:$E$69,0)),0) -> 0 | K17: =IFERROR(K10/1000*INDEX('555 입력SHEET'!$P$2:$P$69,MATCH(K12,'555 입력SHEET'!$E$2:$E$69,0)),0) -> 0 | L17: =IFERROR(L10/1000*INDEX('555 입력SHEET'!$P$2:$P$69,MATCH(L12,'555 입력SHEET'!$E$2:$E$69,0)),0) -> 0
G18: 세트당 소요량 (제작 1SET 기준) | M18: TOTAL | O18: 도장면적
A19: NO | B19: 구 분 | C19: 규 격 | D19: 규격키(DB) | E19: 재질 | F19: 단위 | G19: =IF(G5="","제작품1",G5) -> LANCE PIPE SUPPORT | H19: =IF(H5="","제작품2",H5) -> LIFTING LUG | I19: =IF(I5="","제작품3",I5) -> 제작품3 | J19: =IF(J5="","제작품4",J5) -> 제작품4 | K19: =IF(K5="","제작품5",K5) -> 제작품5 | L19: =IF(L5="","제작품6",L5) -> 제작품6 | M19: TOTAL NET | N19: TOTAL GROSS | O19: 기준량 (㎡/TON) | P19: 도장 NET (㎡) | Q19: 도장 GROSS (㎡) | R19: 할증 구분 | S19: 할증율 | T19: 비 고
A20: 1 | B20: H-BEAM | C20: H-150 x 150 x 7 x 10 | D20: 150X150X7X10 | E20: SS275 | F20: KG | M20: =IF($B20="","",SUMPRODUCT(G20:L20,$G$8:$L$8)) -> 0 | N20: =IF($B20="","",M20*(1+S20)) -> 0 | O20: =IF(OR($B20="",$F20<>"KG"),"",IFERROR(IF($B20="PLATE",ROUND(2000/($D20*제작기준!$L$8),3),IF($B20="ROUND BAR",ROUND(4000/($D20*제작기준!$L$8),3),INDEX(제작기준!$H$5:$H$175,MATCH($B20&"|"&$D20,제작기준!$I$5:$I$175,0)))),"DB확인")) -> 27.52 | P20: =IF(ISNUMBER(O20),M20/1000*O20,"") -> 0 | Q20: =IF(ISNUMBER(O20),N20/1000*O20,"") -> 0 | R20: 대형형강(100mm이상) | S20: =IF(R20="","",IFERROR(INDEX(제작기준!$B$5:$B$30,MATCH(R20,제작기준!$A$5:$A$30,0)),"확인")) -> 0.035
A21: 2 | B21: H-BEAM | C21: H-200 x 200 x 8 x 12 | D21: 200X200X8X12 | E21: SS275 | F21: KG | M21: =IF($B21="","",SUMPRODUCT(G21:L21,$G$8:$L$8)) -> 0 | N21: =IF($B21="","",M21*(1+S21)) -> 0 | O21: =IF(OR($B21="",$F21<>"KG"),"",IFERROR(IF($B21="PLATE",ROUND(2000/($D21*제작기준!$L$8),3),IF($B21="ROUND BAR",ROUND(4000/($D21*제작기준!$L$8),3),INDEX(제작기준!$H$5:$H$175,MATCH($B21&"|"&$D21,제작기준!$I$5:$I$175,0)))),"DB확인")) -> 23.293 | P21: =IF(ISNUMBER(O21),M21/1000*O21,"") -> 0 | Q21: =IF(ISNUMBER(O21),N21/1000*O21,"") -> 0 | R21: 대형형강(100mm이상) | S21: =IF(R21="","",IFERROR(INDEX(제작기준!$B$5:$B$30,MATCH(R21,제작기준!$A$5:$A$30,0)),"확인")) -> 0.035
A22: 3 | B22: CHANNEL | C22: C-150 x 75 x 6.5 x 10 | D22: 150X75X6.5X10 | E22: SS275 | F22: KG | M22: =IF($B22="","",SUMPRODUCT(G22:L22,$G$8:$L$8)) -> 0 | N22: =IF($B22="","",M22*(1+S22)) -> 0 | O22: =IF(OR($B22="",$F22<>"KG"),"",IFERROR(IF($B22="PLATE",ROUND(2000/($D22*제작기준!$L$8),3),IF($B22="ROUND BAR",ROUND(4000/($D22*제작기준!$L$8),3),INDEX(제작기준!$H$5:$H$175,MATCH($B22&"|"&$D22,제작기준!$I$5:$I$175,0)))),"DB확인")) -> 30.58 | P22: =IF(ISNUMBER(O22),M22/1000*O22,"") -> 0 | Q22: =IF(ISNUMBER(O22),N22/1000*O22,"") -> 0 | R22: 대형형강(100mm이상) | S22: =IF(R22="","",IFERROR(INDEX(제작기준!$B$5:$B$30,MATCH(R22,제작기준!$A$5:$A$30,0)),"확인")) -> 0.035
A23: 4 | B23: CHANNEL | C23: C-150 x 75 x 9 x 12.5 | D23: 150X75X9X12.5 | E23: SS275 | F23: KG | M23: =IF($B23="","",SUMPRODUCT(G23:L23,$G$8:$L$8)) -> 0 | N23: =IF($B23="","",M23*(1+S23)) -> 0 | O23: =IF(OR($B23="",$F23<>"KG"),"",IFERROR(IF($B23="PLATE",ROUND(2000/($D23*제작기준!$L$8),3),IF($B23="ROUND BAR",ROUND(4000/($D23*제작기준!$L$8),3),INDEX(제작기준!$H$5:$H$175,MATCH($B23&"|"&$D23,제작기준!$I$5:$I$175,0)))),"DB확인")) -> 23.424 | P23: =IF(ISNUMBER(O23),M23/1000*O23,"") -> 0 | Q23: =IF(ISNUMBER(O23),N23/1000*O23,"") -> 0 | R23: 대형형강(100mm이상) | S23: =IF(R23="","",IFERROR(INDEX(제작기준!$B$5:$B$30,MATCH(R23,제작기준!$A$5:$A$30,0)),"확인")) -> 0.035
A24: 5 | B24: CHANNEL | C24: C-200 x 80 x 7.5 x 11 | D24: 200X80X7.5X11 | E24: SS275 | F24: KG | M24: =IF($B24="","",SUMPRODUCT(G24:L24,$G$8:$L$8)) -> 0 | N24: =IF($B24="","",M24*(1+S24)) -> 0 | O24: =IF(OR($B24="",$F24<>"KG"),"",IFERROR(IF($B24="PLATE",ROUND(2000/($D24*제작기준!$L$8),3),IF($B24="ROUND BAR",ROUND(4000/($D24*제작기준!$L$8),3),INDEX(제작기준!$H$5:$H$175,MATCH($B24&"|"&$D24,제작기준!$I$5:$I$175,0)))),"DB확인")) -> 27.888 | P24: =IF(ISNUMBER(O24),M24/1000*O24,"") -> 0 | Q24: =IF(ISNUMBER(O24),N24/1000*O24,"") -> 0 | R24: 대형형강(100mm이상) | S24: =IF(R24="","",IFERROR(INDEX(제작기준!$B$5:$B$30,MATCH(R24,제작기준!$A$5:$A$30,0)),"확인")) -> 0.035
A25: 6 | B25: ANGLE | C25: L-65 x 65 x 6 | D25: 65X6 | E25: SS275 | F25: KG | M25: =IF($B25="","",SUMPRODUCT(G25:L25,$G$8:$L$8)) -> 0 | N25: =IF($B25="","",M25*(1+S25)) -> 0 | O25: =IF(OR($B25="",$F25<>"KG"),"",IFERROR(IF($B25="PLATE",ROUND(2000/($D25*제작기준!$L$8),3),IF($B25="ROUND BAR",ROUND(4000/($D25*제작기준!$L$8),3),INDEX(제작기준!$H$5:$H$175,MATCH($B25&"|"&$D25,제작기준!$I$5:$I$175,0)))),"DB확인")) -> 42.81 | P25: =IF(ISNUMBER(O25),M25/1000*O25,"") -> 0 | Q25: =IF(ISNUMBER(O25),N25/1000*O25,"") -> 0 | R25: 소형형강 | S25: =IF(R25="","",IFERROR(INDEX(제작기준!$B$5:$B$30,MATCH(R25,제작기준!$A$5:$A$30,0)),"확인")) -> 0.025
A26: 7 | B26: ANGLE | C26: L-75 x 75 x 9 | D26: 75X9 | E26: SS275 | F26: KG | M26: =IF($B26="","",SUMPRODUCT(G26:L26,$G$8:$L$8)) -> 0 | N26: =IF($B26="","",M26*(1+S26)) -> 0 | O26: =IF(OR($B26="",$F26<>"KG"),"",IFERROR(IF($B26="PLATE",ROUND(2000/($D26*제작기준!$L$8),3),IF($B26="ROUND BAR",ROUND(4000/($D26*제작기준!$L$8),3),INDEX(제작기준!$H$5:$H$175,MATCH($B26&"|"&$D26,제작기준!$I$5:$I$175,0)))),"DB확인")) -> 29.231 | P26: =IF(ISNUMBER(O26),M26/1000*O26,"") -> 0 | Q26: =IF(ISNUMBER(O26),N26/1000*O26,"") -> 0 | R26: 소형형강 | S26: =IF(R26="","",IFERROR(INDEX(제작기준!$B$5:$B$30,MATCH(R26,제작기준!$A$5:$A$30,0)),"확인")) -> 0.025
A27: 8 | B27: PLATE | C27: 9T | D27: 9 | E27: SS275 | F27: KG | M27: =IF($B27="","",SUMPRODUCT(G27:L27,$G$8:$L$8)) -> 0 | N27: =IF($B27="","",M27*(1+S27)) -> 0 | O27: =IF(OR($B27="",$F27<>"KG"),"",IFERROR(IF($B27="PLATE",ROUND(2000/($D27*제작기준!$L$8),3),IF($B27="ROUND BAR",ROUND(4000/($D27*제작기준!$L$8),3),INDEX(제작기준!$H$5:$H$175,MATCH($B27&"|"&$D27,제작기준!$I$5:$I$175,0)))),"DB확인")) -> 28.309 | P27: =IF(ISNUMBER(O27),M27/1000*O27,"") -> 0 | Q27: =IF(ISNUMBER(O27),N27/1000*O27,"") -> 0 | R27: 강판(PLATE) | S27: =IF(R27="","",IFERROR(INDEX(제작기준!$B$5:$B$30,MATCH(R27,제작기준!$A$5:$A$30,0)),"확인")) -> 0.05
A28: 9 | B28: PLATE | C28: 12T | D28: 12 | E28: SS275 | F28: KG | M28: =IF($B28="","",SUMPRODUCT(G28:L28,$G$8:$L$8)) -> 0 | N28: =IF($B28="","",M28*(1+S28)) -> 0 | O28: =IF(OR($B28="",$F28<>"KG"),"",IFERROR(IF($B28="PLATE",ROUND(2000/($D28*제작기준!$L$8),3),IF($B28="ROUND BAR",ROUND(4000/($D28*제작기준!$L$8),3),INDEX(제작기준!$H$5:$H$175,MATCH($B28&"|"&$D28,제작기준!$I$5:$I$175,0)))),"DB확인")) -> 21.231 | P28: =IF(ISNUMBER(O28),M28/1000*O28,"") -> 0 | Q28: =IF(ISNUMBER(O28),N28/1000*O28,"") -> 0 | R28: 강판(PLATE) | S28: =IF(R28="","",IFERROR(INDEX(제작기준!$B$5:$B$30,MATCH(R28,제작기준!$A$5:$A$30,0)),"확인")) -> 0.05
A29: 10 | B29: PLATE | C29: 16T | D29: 16 | E29: SS275 | F29: KG | M29: =IF($B29="","",SUMPRODUCT(G29:L29,$G$8:$L$8)) -> 0 | N29: =IF($B29="","",M29*(1+S29)) -> 0 | O29: =IF(OR($B29="",$F29<>"KG"),"",IFERROR(IF($B29="PLATE",ROUND(2000/($D29*제작기준!$L$8),3),IF($B29="ROUND BAR",ROUND(4000/($D29*제작기준!$L$8),3),INDEX(제작기준!$H$5:$H$175,MATCH($B29&"|"&$D29,제작기준!$I$5:$I$175,0)))),"DB확인")) -> 15.924 | P29: =IF(ISNUMBER(O29),M29/1000*O29,"") -> 0 | Q29: =IF(ISNUMBER(O29),N29/1000*O29,"") -> 0 | R29: 강판(PLATE) | S29: =IF(R29="","",IFERROR(INDEX(제작기준!$B$5:$B$30,MATCH(R29,제작기준!$A$5:$A$30,0)),"확인")) -> 0.05 | T29: 원본 양식 기준량 16.924 → 매뉴얼 15.924로 정정
A30: 11 | B30: PIPE | C30: 25A | D30: 25A | E30: SPP | F30: KG | M30: =IF($B30="","",SUMPRODUCT(G30:L30,$G$8:$L$8)) -> 0 | N30: =IF($B30="","",M30*(1+S30)) -> 0 | O30: =IF(OR($B30="",$F30<>"KG"),"",IFERROR(IF($B30="PLATE",ROUND(2000/($D30*제작기준!$L$8),3),IF($B30="ROUND BAR",ROUND(4000/($D30*제작기준!$L$8),3),INDEX(제작기준!$H$5:$H$175,MATCH($B30&"|"&$D30,제작기준!$I$5:$I$175,0)))),"DB확인")) -> 43.598 | P30: =IF(ISNUMBER(O30),M30/1000*O30,"") -> 0 | Q30: =IF(ISNUMBER(O30),N30/1000*O30,"") -> 0 | R30: 강관(50A이하) | S30: =IF(R30="","",IFERROR(INDEX(제작기준!$B$5:$B$30,MATCH(R30,제작기준!$A$5:$A$30,0)),"확인")) -> 0.05 | T30: SPP 2.45 KG/M (단중표)
A31: 12 | B31: GRATING | C31: I-25 | E31: SS275 | F31: M2 | M31: =IF($B31="","",SUMPRODUCT(G31:L31,$G$8:$L$8)) -> 0 | N31: =IF($B31="","",M31*(1+S31)) -> 0 | O31: =IF(OR($B31="",$F31<>"KG"),"",IFERROR(IF($B31="PLATE",ROUND(2000/($D31*제작기준!$L$8),3),IF($B31="ROUND BAR",ROUND(4000/($D31*제작기준!$L$8),3),INDEX(제작기준!$H$5:$H$175,MATCH($B31&"|"&$D31,제작기준!$I$5:$I$175,0)))),"DB확인")) | P31: =IF(ISNUMBER(O31),M31/1000*O31,"") | Q31: =IF(ISNUMBER(O31),N31/1000*O31,"") | R31: 강판(PLATE) | S31: =IF(R31="","",IFERROR(INDEX(제작기준!$B$5:$B$30,MATCH(R31,제작기준!$A$5:$A$30,0)),"확인")) -> 0.05
A32: 13 | B32: STAIR TREAD | C32: F.B-25x245x600 | E32: SS275 | F32: SET | M32: =IF($B32="","",SUMPRODUCT(G32:L32,$G$8:$L$8)) -> 0 | N32: =IF($B32="","",M32*(1+S32)) -> 0 | O32: =IF(OR($B32="",$F32<>"KG"),"",IFERROR(IF($B32="PLATE",ROUND(2000/($D32*제작기준!$L$8),3),IF($B32="ROUND BAR",ROUND(4000/($D32*제작기준!$L$8),3),INDEX(제작기준!$H$5:$H$175,MATCH($B32&"|"&$D32,제작기준!$I$5:$I$175,0)))),"DB확인")) | P32: =IF(ISNUMBER(O32),M32/1000*O32,"") | Q32: =IF(ISNUMBER(O32),N32/1000*O32,"") | R32: 강판(PLATE) | S32: =IF(R32="","",IFERROR(INDEX(제작기준!$B$5:$B$30,MATCH(R32,제작기준!$A$5:$A$30,0)),"확인")) -> 0.05
A33: 14 | B33: HEX BOLT,NUT | C33: M12x25L | E33: 4T | F33: SET | M33: =IF($B33="","",SUMPRODUCT(G33:L33,$G$8:$L$8)) -> 0 | N33: =IF($B33="","",M33*(1+S33)) -> 0 | O33: =IF(OR($B33="",$F33<>"KG"),"",IFERROR(IF($B33="PLATE",ROUND(2000/($D33*제작기준!$L$8),3),IF($B33="ROUND BAR",ROUND(4000/($D33*제작기준!$L$8),3),INDEX(제작기준!$H$5:$H$175,MATCH($B33&"|"&$D33,제작기준!$I$5:$I$175,0)))),"DB확인")) | P33: =IF(ISNUMBER(O33),M33/1000*O33,"") | Q33: =IF(ISNUMBER(O33),N33/1000*O33,"") | R33: 일반볼트 | S33: =IF(R33="","",IFERROR(INDEX(제작기준!$B$5:$B$30,MATCH(R33,제작기준!$A$5:$A$30,0)),"확인")) -> 0.05
A34: 15 | B34: H.T BOLT,NUT,2P/W | C34: M16x55L | E34: F10T | F34: SET | M34: =IF($B34="","",SUMPRODUCT(G34:L34,$G$8:$L$8)) -> 0 | N34: =IF($B34="","",M34*(1+S34)) -> 0 | O34: =IF(OR($B34="",$F34<>"KG"),"",IFERROR(IF($B34="PLATE",ROUND(2000/($D34*제작기준!$L$8),3),IF($B34="ROUND BAR",ROUND(4000/($D34*제작기준!$L$8),3),INDEX(제작기준!$H$5:$H$175,MATCH($B34&"|"&$D34,제작기준!$I$5:$I$175,0)))),"DB확인")) | P34: =IF(ISNUMBER(O34),M34/1000*O34,"") | Q34: =IF(ISNUMBER(O34),N34/1000*O34,"") | R34: 고장력볼트 | S34: =IF(R34="","",IFERROR(INDEX(제작기준!$B$5:$B$30,MATCH(R34,제작기준!$A$5:$A$30,0)),"확인")) -> 0.03 | T34: 원본 양식 '일반볼트 5%' → 매뉴얼 고장력볼트 3%로 정정
A35: 16 | B35: HANDRAIL 제작,설치(WALKWAY용) | F35: M | M35: =IF($B35="","",SUMPRODUCT(G35:L35,$G$8:$L$8)) -> 0 | N35: =IF($B35="","",M35*(1+S35)) -> 0 | O35: =IF(OR($B35="",$F35<>"KG"),"",IFERROR(IF($B35="PLATE",ROUND(2000/($D35*제작기준!$L$8),3),IF($B35="ROUND BAR",ROUND(4000/($D35*제작기준!$L$8),3),INDEX(제작기준!$H$5:$H$175,MATCH($B35&"|"&$D35,제작기준!$I$5:$I$175,0)))),"DB확인")) | P35: =IF(ISNUMBER(O35),M35/1000*O35,"") | Q35: =IF(ISNUMBER(O35),N35/1000*O35,"") | R35: 없음 | S35: =IF(R35="","",IFERROR(INDEX(제작기준!$B$5:$B$30,MATCH(R35,제작기준!$A$5:$A$30,0)),"확인")) -> 0 | T35: S3624 (품셈 별도)
A36: 17 | B36: HANDRAIL 제작,설치(STAIR용) | F36: M | M36: =IF($B36="","",SUMPRODUCT(G36:L36,$G$8:$L$8)) -> 0 | N36: =IF($B36="","",M36*(1+S36)) -> 0 | O36: =IF(OR($B36="",$F36<>"KG"),"",IFERROR(IF($B36="PLATE",ROUND(2000/($D36*제작기준!$L$8),3),IF($B36="ROUND BAR",ROUND(4000/($D36*제작기준!$L$8),3),INDEX(제작기준!$H$5:$H$175,MATCH($B36&"|"&$D36,제작기준!$I$5:$I$175,0)))),"DB확인")) | P36: =IF(ISNUMBER(O36),M36/1000*O36,"") | Q36: =IF(ISNUMBER(O36),N36/1000*O36,"") | R36: 없음 | S36: =IF(R36="","",IFERROR(INDEX(제작기준!$B$5:$B$30,MATCH(R36,제작기준!$A$5:$A$30,0)),"확인")) -> 0 | T36: S3623 (품셈 별도)
M37: =IF($B37="","",SUMPRODUCT(G37:L37,$G$8:$L$8)) | N37: =IF($B37="","",M37*(1+S37)) | O37: =IF(OR($B37="",$F37<>"KG"),"",IFERROR(IF($B37="PLATE",ROUND(2000/($D37*제작기준!$L$8),3),IF($B37="ROUND BAR",ROUND(4000/($D37*제작기준!$L$8),3),INDEX(제작기준!$H$5:$H$175,MATCH($B37&"|"&$D37,제작기준!$I$5:$I$175,0)))),"DB확인")) | P37: =IF(ISNUMBER(O37),M37/1000*O37,"") | Q37: =IF(ISNUMBER(O37),N37/1000*O37,"") | S37: =IF(R37="","",IFERROR(INDEX(제작기준!$B$5:$B$30,MATCH(R37,제작기준!$A$5:$A$30,0)),"확인"))
M38: =IF($B38="","",SUMPRODUCT(G38:L38,$G$8:$L$8)) | N38: =IF($B38="","",M38*(1+S38)) | O38: =IF(OR($B38="",$F38<>"KG"),"",IFERROR(IF($B38="PLATE",ROUND(2000/($D38*제작기준!$L$8),3),IF($B38="ROUND BAR",ROUND(4000/($D38*제작기준!$L$8),3),INDEX(제작기준!$H$5:$H$175,MATCH($B38&"|"&$D38,제작기준!$I$5:$I$175,0)))),"DB확인")) | P38: =IF(ISNUMBER(O38),M38/1000*O38,"") | Q38: =IF(ISNUMBER(O38),N38/1000*O38,"") | S38: =IF(R38="","",IFERROR(INDEX(제작기준!$B$5:$B$30,MATCH(R38,제작기준!$A$5:$A$30,0)),"확인"))
M39: =IF($B39="","",SUMPRODUCT(G39:L39,$G$8:$L$8)) | N39: =IF($B39="","",M39*(1+S39)) | O39: =IF(OR($B39="",$F39<>"KG"),"",IFERROR(IF($B39="PLATE",ROUND(2000/($D39*제작기준!$L$8),3),IF($B39="ROUND BAR",ROUND(4000/($D39*제작기준!$L$8),3),INDEX(제작기준!$H$5:$H$175,MATCH($B39&"|"&$D39,제작기준!$I$5:$I$175,0)))),"DB확인")) | P39: =IF(ISNUMBER(O39),M39/1000*O39,"") | Q39: =IF(ISNUMBER(O39),N39/1000*O39,"") | S39: =IF(R39="","",IFERROR(INDEX(제작기준!$B$5:$B$30,MATCH(R39,제작기준!$A$5:$A$30,0)),"확인"))
B40: 계 (단위 KG 소재) | G40: =SUMIF($F$20:$F$39,"KG",G20:G39) -> 0 | H40: =SUMIF($F$20:$F$39,"KG",H20:H39) -> 0 | I40: =SUMIF($F$20:$F$39,"KG",I20:I39) -> 0 | J40: =SUMIF($F$20:$F$39,"KG",J20:J39) -> 0 | K40: =SUMIF($F$20:$F$39,"KG",K20:K39) -> 0 | L40: =SUMIF($F$20:$F$39,"KG",L20:L39) -> 0 | M40: =SUMIF($F$20:$F$39,"KG",M20:M39) -> 0 | N40: =SUMIF($F$20:$F$39,"KG",N20:N39) -> 0 | P40: =SUM(P20:P39) -> 0 | Q40: =SUM(Q20:Q39) -> 0
B42: SCRAP량 (KG) = (소재 GROSS - 제작 NET) x 70% | G42: =(N40-M40)*제작기준!$L$7 -> 0
B43: 도장 - 바탕처리 1급 (GROSS 면적, ㎡) | G43: =Q40 -> 0
B44: 도장 - 상도 (NET 면적, ㎡) | G44: =P40 -> 0
B45: 검증: 제작중량 합계(제작품별) - 소재 NET 계 (0=일치) | G45: =ROUND(SUM(G10:L10)-M40,3) -> 0
B46: 제작 총중량 (TON, 공장+현장) | G46: =SUM(G10:L10)/1000 -> 0
A48: ※ 제작단중(KG/SET)은 KG 단위 소재의 NET 합이며, 중량구분(0.5/2.5/5TON)과 W6151 품셈코드 판정 기준입니다.
A49: ※ 제작분류=공장인 제작품만 '555 입력SHEET'의 수량(TON)에 반영됩니다. 현장제작은 별도 품셈 적용 후 수동 입력하세요.
A50: ※ 규격키(D열): H-BEAM/CHANNEL/I-BEAM='150X75X6.5X10' 형식, ANGLE='75X9'(변 x 두께), PIPE='25A', PLATE·ROUND BAR=두께/직경(mm, 숫자). 제작기준 시트 DB와 일치해야 합니다('DB확인' 표시 시 점검).
A51: ※ 용접봉·용접공·특별인부·전력은 품셈 F03/F04/F06(공장) 원단위 x 제작중량이며, 용접봉(KG)=용접장(F06÷2.25)x0.33 입니다.
A52: ※ GRATING(M2)·STAIR TREAD/볼트(SET)·HANDRAIL(M)은 KG 계산에서 제외되며 도장면적은 산출하지 않습니다.

Sheet 555 입력SHEET
A1: 공종 | B1: 구분 | C1: 순번 | D1: 비목 | E1: 코드 | F1: 사도 | G1: 명칭 | H1: 단위 | I1: 수량(TON) | J1: 단가 | K1: 적용변수 | L1: F01 | M1: F02 | N1: F03 | O1: F04 | P1: F06 | Q1: Q08 | R1: Q09 | S1: C04 | T1: 품종(키) | U1: 구간 | V1: 검색키
A2: 555 | B2: M | C2: 100 | D2: X | E2: W6151101 | G2: 지주류 공장 제작 0.5 TON 이하 | H2: TON | I2: =SUMPRODUCT((제작물량산출!$G$12:$L$12=E2)*(제작물량산출!$G$6:$L$6="공장")*제작물량산출!$G$10:$L$10)/1000 -> 0 | K2: ="F01="&L2&",F02="&M2&",F03="&N2&",F04="&O2&",F06="&P2&",Q08="&Q2&",Q09="&R2&",C04="&S2&"," -> F01=0.7,F02=0,F03=1.4,F04=0.37,F06=85.5,Q08=0,Q09=0,C04=0.1, | L2: 0.7 | M2: 0 | N2: 1.4 | O2: 0.37 | P2: 85.5 | Q2: 0 | R2: 0 | S2: 0.1 | T2: 지주류 | U2: 1 | V2: =T2&"|"&U2 -> 지주류|1
A3: 555 | B3: M | C3: 200 | D3: X | E3: W6151102 | G3: 지주류 공장 제작 0.5~2.5 TON | H3: TON | I3: =SUMPRODUCT((제작물량산출!$G$12:$L$12=E3)*(제작물량산출!$G$6:$L$6="공장")*제작물량산출!$G$10:$L$10)/1000 -> 0 | K3: ="F01="&L3&",F02="&M3&",F03="&N3&",F04="&O3&",F06="&P3&",Q08="&Q3&",Q09="&R3&",C04="&S3&"," -> F01=0.5,F02=0,F03=1.4,F04=0.37,F06=85.5,Q08=0,Q09=0,C04=0.1, | L3: 0.5 | M3: 0 | N3: 1.4 | O3: 0.37 | P3: 85.5 | Q3: 0 | R3: 0 | S3: 0.1 | T3: 지주류 | U3: 2 | V3: =T3&"|"&U3 -> 지주류|2
A4: 555 | B4: M | C4: 300 | D4: X | E4: W6151103 | G4: 지주류 공장 제작 2.5~5 TON | H4: TON | I4: =SUMPRODUCT((제작물량산출!$G$12:$L$12=E4)*(제작물량산출!$G$6:$L$6="공장")*제작물량산출!$G$10:$L$10)/1000 -> 0 | K4: ="F01="&L4&",F02="&M4&",F03="&N4&",F04="&O4&",F06="&P4&",Q08="&Q4&",Q09="&R4&",C04="&S4&"," -> F01=0.4,F02=0,F03=1.4,F04=0.37,F06=85.5,Q08=0,Q09=0,C04=0.1, | L4: 0.4 | M4: 0 | N4: 1.4 | O4: 0.37 | P4: 85.5 | Q4: 0 | R4: 0 | S4: 0.1 | T4: 지주류 | U4: 3 | V4: =T4&"|"&U4 -> 지주류|3
A5: 555 | B5: M | C5: 400 | D5: X | E5: W6151104 | G5: 지주류 공장 제작 5 TON 이상 | H5: TON | I5: =SUMPRODUCT((제작물량산출!$G$12:$L$12=E5)*(제작물량산출!$G$6:$L$6="공장")*제작물량산출!$G$10:$L$10)/1000 -> 0 | K5: ="F01="&L5&",F02="&M5&",F03="&N5&",F04="&O5&",F06="&P5&",Q08="&Q5&",Q09="&R5&",C04="&S5&"," -> F01=0,F02=0,F03=1.4,F04=0.37,F06=85.5,Q08=0,Q09=0,C04=0.1, | L5: 0 | M5: 0 | N5: 1.4 | O5: 0.37 | P5: 85.5 | Q5: 0 | R5: 0 | S5: 0.1 | T5: 지주류 | U5: 4 | V5: =T5&"|"&U5 -> 지주류|4
A6: 555 | B6: M | C6: 500 | D6: X | E6: W6151111 | G6: 프레임류 공장 제작 0.5 TON 이하 | H6: TON | I6: =SUMPRODUCT((제작물량산출!$G$12:$L$12=E6)*(제작물량산출!$G$6:$L$6="공장")*제작물량산출!$G$10:$L$10)/1000 -> 0 | K6: ="F01="&L6&",F02="&M6&",F03="&N6&",F04="&O6&",F06="&P6&",Q08="&Q6&",Q09="&R6&",C04="&S6&"," -> F01=0.7,F02=0.2,F03=1.43,F04=0.36,F06=94.5,Q08=0,Q09=0,C04=0.1, | L6: 0.7 | M6: 0.2 | N6: 1.43 | O6: 0.36 | P6: 94.5 | Q6: 0 | R6: 0 | S6: 0.1 | T6: 프레임류 | U6: 1 | V6: =T6&"|"&U6 -> 프레임류|1
A7: 555 | B7: M | C7: 600 | D7: X | E7: W6151112 | G7: 프레임류 공장 제작 0.5~2.5 TON | H7: TON | I7: =SUMPRODUCT((제작물량산출!$G$12:$L$12=E7)*(제작물량산출!$G$6:$L$6="공장")*제작물량산출!$G$10:$L$10)/1000 -> 0 | K7: ="F01="&L7&",F02="&M7&",F03="&N7&",F04="&O7&",F06="&P7&",Q08="&Q7&",Q09="&R7&",C04="&S7&"," -> F01=0.5,F02=0.2,F03=1.43,F04=0.36,F06=94.5,Q08=0,Q09=0,C04=0.1, | L7: 0.5 | M7: 0.2 | N7: 1.43 | O7: 0.36 | P7: 94.5 | Q7: 0 | R7: 0 | S7: 0.1 | T7: 프레임류 | U7: 2 | V7: =T7&"|"&U7 -> 프레임류|2
A8: 555 | B8: M | C8: 700 | D8: X | E8: W6151113 | G8: 프레임류 공장 제작 2.5~5 TON | H8: TON | I8: =SUMPRODUCT((제작물량산출!$G$12:$L$12=E8)*(제작물량산출!$G$6:$L$6="공장")*제작물량산출!$G$10:$L$10)/1000 -> 0 | K8: ="F01="&L8&",F02="&M8&",F03="&N8&",F04="&O8&",F06="&P8&",Q08="&Q8&",Q09="&R8&",C04="&S8&"," -> F01=0.4,F02=0.2,F03=1.43,F04=0.36,F06=94.5,Q08=0,Q09=0,C04=0.1, | L8: 0.4 | M8: 0.2 | N8: 1.43 | O8: 0.36 | P8: 94.5 | Q8: 0 | R8: 0 | S8: 0.1 | T8: 프레임류 | U8: 3 | V8: =T8&"|"&U8 -> 프레임류|3
A9: 555 | B9: M | C9: 800 | D9: X | E9: W6151114 | G9: 프레임류 공장 제작 5 TON 이상 | H9: TON | I9: =SUMPRODUCT((제작물량산출!$G$12:$L$12=E9)*(제작물량산출!$G$6:$L$6="공장")*제작물량산출!$G$10:$L$10)/1000 -> 0 | K9: ="F01="&L9&",F02="&M9&",F03="&N9&",F04="&O9&",F06="&P9&",Q08="&Q9&",Q09="&R9&",C04="&S9&"," -> F01=0,F02=0.2,F03=1.43,F04=0.36,F06=94.5,Q08=0,Q09=0,C04=0.1, | L9: 0 | M9: 0.2 | N9: 1.43 | O9: 0.36 | P9: 94.5 | Q9: 0 | R9: 0 | S9: 0.1 | T9: 프레임류 | U9: 4 | V9: =T9&"|"&U9 -> 프레임류|4
A10: 555 | B10: M | C10: 900 | D10: X | E10: W6151121 | G10: 조립곡면 또는 특수 입체 트러스 0.5 TON 이하 | H10: TON | I10: =SUMPRODUCT((제작물량산출!$G$12:$L$12=E10)*(제작물량산출!$G$6:$L$6="공장")*제작물량산출!$G$10:$L$10)/1000 -> 0 | K10: ="F01="&L10&",F02="&M10&",F03="&N10&",F04="&O10&",F06="&P10&",Q08="&Q10&",Q09="&R10&",C04="&S10&"," -> F01=0.7,F02=0.5,F03=1.43,F04=0.36,F06=94.5,Q08=0,Q09=0,C04=0.1, | L10: 0.7 | M10: 0.5 | N10: 1.43 | O10: 0.36 | P10: 94.5 | Q10: 0 | R10: 0 | S10: 0.1 | T10: 조립곡면 또는 특수 입체 트러스 | U10: 1 | V10: =T10&"|"&U10 -> 조립곡면 또는 특수 입체 트러스|1
A11: 555 | B11: M | C11: 1000 | D11: X | E11: W6151122 | G11: 조립곡면 또는 특수 입체 트러스 0.5~2.5 TON | H11: TON | I11: =SUMPRODUCT((제작물량산출!$G$12:$L$12=E11)*(제작물량산출!$G$6:$L$6="공장")*제작물량산출!$G$10:$L$10)/1000 -> 0 | K11: ="F01="&L11&",F02="&M11&",F03="&N11&",F04="&O11&",F06="&P11&",Q08="&Q11&",Q09="&R11&",C04="&S11&"," -> F01=0.5,F02=0.5,F03=1.43,F04=0.36,F06=94.5,Q08=0,Q09=0,C04=0.1, | L11: 0.5 | M11: 0.5 | N11: 1.43 | O11: 0.36 | P11: 94.5 | Q11: 0 | R11: 0 | S11: 0.1 | T11: 조립곡면 또는 특수 입체 트러스 | U11: 2 | V11: =T11&"|"&U11 -> 조립곡면 또는 특수 입체 트러스|2
A12: 555 | B12: M | C12: 1100 | D12: X | E12: W6151123 | G12: 조립곡면 또는 특수 입체 트러스 2.5~5 TON | H12: TON | I12: =SUMPRODUCT((제작물량산출!$G$12:$L$12=E12)*(제작물량산출!$G$6:$L$6="공장")*제작물량산출!$G$10:$L$10)/1000 -> 0 | K12: ="F01="&L12&",F02="&M12&",F03="&N12&",F04="&O12&",F06="&P12&",Q08="&Q12&",Q09="&R12&",C04="&S12&"," -> F01=0.4,F02=0.5,F03=1.43,F04=0.36,F06=94.5,Q08=0,Q09=0,C04=0.1, | L12: 0.4 | M12: 0.5 | N12: 1.43 | O12: 0.36 | P12: 94.5 | Q12: 0 | R12: 0 | S12: 0.1 | T12: 조립곡면 또는 특수 입체 트러스 | U12: 3 | V12: =T12&"|"&U12 -> 조립곡면 또는 특수 입체 트러스|3
A13: 555 | B13: M | C13: 1200 | D13: X | E13: W6151124 | G13: 조립곡면 또는 특수 입체 트러스 5 TON 이상 | H13: TON | I13: =SUMPRODUCT((제작물량산출!$G$12:$L$12=E13)*(제작물량산출!$G$6:$L$6="공장")*제작물량산출!$G$10:$L$10)/1000 -> 0 | K13: ="F01="&L13&",F02="&M13&",F03="&N13&",F04="&O13&",F06="&P13&",Q08="&Q13&",Q09="&R13&",C04="&S13&"," -> F01=0,F02=0.5,F03=1.43,F04=0.36,F06=94.5,Q08=0,Q09=0,C04=0.1, | L13: 0 | M13: 0.5 | N13: 1.43 | O13: 0.36 | P13: 94.5 | Q13: 0 | R13: 0 | S13: 0.1 | T13: 조립곡면 또는 특수 입체 트러스 | U13: 4 | V13: =T13&"|"&U13 -> 조립곡면 또는 특수 입체 트러스|4
... A69: 555 | B69: M | C69: 6800 | D69: X | E69: W6151264 | G69: 베이스 플레이트류 5 TON 이상 | H69: TON | I69: =SUMPRODUCT((제작물량산출!$G$12:$L$12=E69)*(제작물량산출!$G$6:$L$6="공장")*제작물량산출!$G$10:$L$10)/1000 -> 0 | K69: ="F01="&L69&",F02="&M69&",F03="&N69&",F04="&O69&",F06="&P69&",Q08="&Q69&",Q09="&R69&",C04="&S69&"," -> F01=0,F02=0.35,F03=2.59,F04=0.65,F06=159.75,Q08=0,Q09=0,C04=0.1, | L69: 0 | M69: 0.35 | N69: 2.59 | O69: 0.65 | P69: 159.75 | Q69: 0 | R69: 0 | S69: 0.1 | T69: 베이스 플레이트류 | U69: 4 | V69: =T69&"|"&U69 -> 베이스 플레이트류|4
A71: ※ 원본 '555 제작공사 입력SHEET'의 구조(공종~C04)를 유지하고 수량(I열)을 제작물량산출에서 자동 연동(제작분류=공장인 제작품만). 파란 글씨=원본 값.

Sheet 제작기준
A1: 제작기준 (재료 할증율 / 도장면적 원단위 DB / 용접 상수) - 기계 적산 설계 MANUAL 근거
A2: 파란 글씨=매뉴얼 기준값. 3-5 다. 도장소요 면적표, 일반사항 5. 재료의 할증율, 3-4 용접공사 사).
A4: 할증 구분 | B4: 할증율 | E4: 형강류 구분 | F4: 규격키 | G4: ㎡/m | H4: ㎡/TON | I4: 검색키 | K4: 적용 상수 | L4: 값 | M4: 근거 | N4: 품종 목록
A5: 원형철근 | B5: 0.05 | E5: PIPE | F5: 6A | G5: 0.03299 | H5: 78.727 | I5: =E5&"|"&F5 -> PIPE|6A | K5: 용접 전력량(KWH/M) | L5: 2.25 | M5: 3-4 사) 제작공사 평균공량 | N5: 지주류
A6: 이형철근 | B6: 0.045 | E6: PIPE | F6: 8A | G6: 0.04335 | H6: 65.292 | I6: =E6&"|"&F6 -> PIPE|8A | K6: 용접봉량(KG/M) | L6: 0.33 | M6: 3-4 사) | N6: 프레임류
A7: 일반볼트 | B7: 0.05 | E7: PIPE | F7: 10A | G7: 0.05435 | H7: 62.759 | I7: =E7&"|"&F7 -> PIPE|10A | K7: SCRAP 공제율 | L7: 0.7 | M7: 6-3 (소재중량-제작중량)x70% | N7: 조립곡면 또는 특수 입체 트러스
A8: 고장력볼트 | B8: 0.03 | E8: PIPE | F8: 15A | G8: 0.06817 | H8: 54.538 | I8: =E8&"|"&F8 -> PIPE|15A | K8: 강재 비중(ton/㎥) | L8: 7.85 | M8: 도장면적 PLATE·ROUND BAR 산식 | N8: 대차 프레임류
A9: 강판(PLATE) | B9: 0.05 | E9: PIPE | F9: 20A | G9: 0.08545 | H9: 53.407 | I9: =E9&"|"&F9 -> PIPE|20A | N9: 모터베드류
A10: 강관(50A이하) | B10: 0.05 | E10: PIPE | F10: 25A | G10: 0.10681 | H10: 43.598 | I10: =E10&"|"&F10 -> PIPE|25A | K10: ※ PLATE(양면)㎡/TON = 2000/(두께mm x 7.85), ROUND BAR ㎡/TON = 4000/(직경mm x 7.85) → 매뉴얼 표와 일치, 수식 처리. | N10: 각호퍼류
A11: 강관(50A초과) | B11: 0.025 | E11: PIPE | F11: 32A | G11: 0.13415 | H11: 42.451 | I11: =E11&"|"&F11 -> PIPE|32A | K11: ※ 원본 표의 오기 정정: 344X348X10X16 '20257.'→2.0257, 594X302X14X23 '2.23199'→2.3199, 482X300X11X15 '8.36'→18.36, '194X398X11X18'→394X398X11X18, '15X70X6X8.5'→150X70X6X8.5, 198X99X4.5X7 '42.'→42.0 | N11: 각 탱크류
A12: STS 강판 | B12: 0.1 | E12: PIPE | F12: 40A | G12: 0.15268 | H12: 42.061 | I12: =E12&"|"&F12 -> PIPE|40A | N12: 환 호퍼류
A13: STS 강관 | B13: 0.05 | E13: PIPE | F13: 50A | G13: 0.19007 | H13: 37.122 | I13: =E13&"|"&F13 -> PIPE|50A | N13: 각 슈트류
A14: 동판 | B14: 0.05 | E14: PIPE | F14: 65A | G14: 0.2397 | H14: 37.808 | I14: =E14&"|"&F14 -> PIPE|65A | N14: 환 슈트류
A15: 동관 | B15: 0.025 | E15: PIPE | F15: 80A | G15: 0.27992 | H15: 32.97 | I15: =E15&"|"&F15 -> PIPE|80A | N15: 호퍼라이너(곡관)
A16: 대형형강(100mm이상) | B16: 0.035 | E16: PIPE | F16: 90A | G16: 0.3192 | H16: 32.771 | I16: =E16&"|"&F16 -> PIPE|90A | N16: 호퍼라이너(평판)
A17: 소형형강 | B17: 0.025 | E17: PIPE | F17: 100A | G17: 0.3591 | H17: 29.433 | I17: =E17&"|"&F17 -> PIPE|100A | N17: 계단류
A18: 경량 형강, 각 파이프 | B18: 0.025 | E18: PIPE | F18: 125A | G18: 0.4392 | H18: 27.279 | I18: =E18&"|"&F18 -> PIPE|125A | N18: DECK류
A19: 봉강 | B19: 0.025 | E19: PIPE | F19: 150A | G19: 0.519 | H19: 27.031 | I19: =E19&"|"&F19 -> PIPE|150A | N19: 철피연돌류
A20: 평강대강 | B20: 0.025 | E20: PIPE | F20: 175A | G20: 0.5991 | H20: 22.16 | I20: =E20&"|"&F20 -> PIPE|175A | N20: 철피연돌류 가조립
A21: 리벳(제품) | B21: 0.05 | E21: PIPE | F21: 200A | G21: 0.6795 | H21: 22.353 | I21: =E21&"|"&F21 -> PIPE|200A | N21: 베이스 플레이트류
A22: 프레스 접합식 STS 강관 | B22: 0.025 | E22: PIPE | F22: 225A | G22: 0.7596 | H22: 21.101 | I22: =E22&"|"&F22 -> PIPE|225A
A23: 배관 FITTING류(VALVE 外) | B23: 0.015 | E23: PIPE | F23: 250A | G23: 0.8401 | H23: 20.39 | I23: =E23&"|"&F23 -> PIPE|250A
A24: 보온재(PIPE COVER) | B24: 0 | E24: PIPE | F24: 300A | G24: 1.0006 | H24: 18.598 | I24: =E24&"|"&F24 -> PIPE|300A
A25: 보온재(BOARD) | B25: 0.035 | E25: PIPE | F25: 350A | G25: 1.1172 | H25: 17.134 | I25: =E25&"|"&F25 -> PIPE|350A
A26: 조립식 PIPE SHEET | B26: 0.025 | E26: PIPE | F26: 400A | G26: 1.2767 | H26: 16.453 | I26: =E26&"|"&F26 -> PIPE|400A
A27: 조립식 PIPE FITTING(VALVE 外) | B27: 0.05 | E27: PIPE | F27: 450A | G27: 1.4363 | H27: 16.415 | I27: =E27&"|"&F27 -> PIPE|450A
A28: 내화 벽돌(정형) | B28: 0.03 | E28: PIPE | F28: 500A | G28: 1.5959 | H28: 16.385 | I28: =E28&"|"&F28 -> PIPE|500A
A29: 부정형내화물(CASTABLE 포함) | B29: 0.1 | E29: ANGLE | F29: 20X3 | G29: 0.07657 | H29: 86.53 | I29: =E29&"|"&F29 -> ANGLE|20X3
A30: 없음 | B30: 0 | E30: ANGLE | F30: 25X3 | G30: 0.09657 | H30: 86.19 | I30: =E30&"|"&F30 -> ANGLE|25X3
E31: ANGLE | F31: 30X3 | G31: 0.11657 | H31: 85.97 | I31: =E31&"|"&F31 -> ANGLE|30X3
E32: ANGLE | F32: 30X5 | G32: 0.11571 | H32: 53.68 | I32: =E32&"|"&F32 -> ANGLE|30X5
E33: ANGLE | F33: 35X3 | G33: 0.13635 | H33: 85.3 | I33: =E33&"|"&F33 -> ANGLE|35X3
E34: ANGLE | F34: 35X5 | G34: 0.13549 | H34: 53.03 | I34: =E34&"|"&F34 -> ANGLE|35X5
E35: ANGLE | F35: 40X3 | G35: 0.15635 | H35: 85.25 | I35: =E35&"|"&F35 -> ANGLE|40X3
E36: ANGLE | F36: 40X5 | G36: 0.15549 | H36: 52.75 | I36: =E36&"|"&F36 -> ANGLE|40X5
E37: ANGLE | F37: 45X3 | G37: 0.17463 | H37: 83.57 | I37: =E37&"|"&F37 -> ANGLE|45X3
E38: ANGLE | F38: 45X4 | G38: 0.17463 | H38: 63.71 | I38: =E38&"|"&F38 -> ANGLE|45X4
E39: ANGLE | F39: 45X6 | G39: 0.17335 | H39: 43.78 | I39: =E39&"|"&F39 -> ANGLE|45X6
E40: ANGLE | F40: 45X8 | G40: 0.17335 | H40: 33.64 | I40: =E40&"|"&F40 -> ANGLE|45X8
E41: ANGLE | F41: 50X4 | G41: 0.19463 | H41: 63.71 | I41: =E41&"|"&F41 -> ANGLE|50X4
E42: ANGLE | F42: 50X6 | G42: 0.19335 | H42: 43.64 | I42: =E42&"|"&F42 -> ANGLE|50X6
... E175: H-BEAM | F175: 594X302X14X23 | G175: 2.3199 | H175: 13.29 | I175: =E175&"|"&F175 -> H-BEAM|594X302X14X23

Sheet 배관기본물량
A1: 4-2. 배관 공사 기본 물량 산출 (소재 내역)
A2: 범례: 파란 글씨=입력, 검정=수식, 노란 배경=입력 필요. PIPE는 구경·SCH로 단중 자동(배관기준). FITTING/VALVE는 개당 단중 입력. 집계값만 있으면 '직접중량(kg)'에 입력(수량x단중 대체).
A3: 근거: MANUAL 3-2 배관공사 (PIPE/FITTING 단위중량, FITTING류 길이 공제는 50A 이상 2D 도면 산출 시).
W5: ▼ 배관집계(4-1) FLAG 자동 조회
A6: NO | B6: 구분 | C6: 설치장소 | D6: 유체 | E6: 적용압력 | F6: 재질 | G6: 품목 | H6: 품명 / 규격 | I6: 구경(A) | J6: SCH | K6: 단위 | L6: 수량 | M6: 단중-PIPE(DB) (KG/M) | N6: 단중-입력 (KG/EA) | O6: 직접중량 (KG) | P6: 중량(KG) | Q6: P/F | R6: PIPE 길이(M) | S6: 도장적용 (자동) | T6: 비 고 | U6: 4-1 집계재질 | V6: 할증 품종 (수동) | W6: 보온 | X6: N.D.T | Y6: 산세 | Z6: FLUSHING | AA6: PAINT | AB6: SUPPLY | AC6: 4-1 키 | AD6: 보온 구분 | AE6: ELBOW 각도(°) | AF6: 비규격EL 길이(M) | AG6: 무도장 (Y/N)
A7: 1 | B7: 설치 | C7: 옥외 | D7: WATER | E7: 5kg/cm2이상 | F7: STPG370S | G7: PIPE | H7: PIPE | I7: 15 | J7: SCH40 | K7: M | L7: 1.837 | M7: =IF($G7<>"PIPE","",IFERROR(1/(1/INDEX(배관단중표!$B$7:$W$41,MATCH($I7,배관단중표!$A$7:$A$41,0),MATCH(IF($J7="SPP","SPP",IF(LEFT($F7,3)="STS",IF(ISNUMBER(SEARCH("316",$F7)),"STS316","STS304"),"SPPS")&"|"&$J7),배관단중표!$B$6:$W$6,0))),"DB확인")) -> 1.31 | P7: =IF($G7="","",IFERROR(IF(O7<>"",O7,L7*IF(G7="PIPE",M7,N7)),0)) -> 2.40647 | Q7: =IF($G7="","",IF(G7="PIPE","P","F")) -> P | R7: =IF($G7<>"PIPE","",IFERROR(IF(O7<>"",O7/M7,IF(K7="M",L7,"")),"")) -> 1.837 | S7: =IF($G7<>"PIPE","",IF(AND($AA7="○",OR($W7<>"○",배관기준!$AG$17="N"),$C7<>"매설",LEFT($F7,3)<>"STS",LEFT($F7,3)<>"SUS"),"Y","N")) -> N | U7: STPG370S | W7: =IF($G7="","",IFERROR(INDEX(배관집계!$AC$7:$AC$32,MATCH($AC7,배관집계!$AJ$7:$AJ$32,0))&"","")) -> ○ | X7: =IF($G7="","",IFERROR(INDEX(배관집계!$AD$7:$AD$32,MATCH($AC7,배관집계!$AJ$7:$AJ$32,0))&"","")) -> ○ | Y7: =IF($G7="","",IFERROR(INDEX(배관집계!$AE$7:$AE$32,MATCH($AC7,배관집계!$AJ$7:$AJ$32,0))&"","")) -> × | Z7: =IF($G7="","",IFERROR(INDEX(배관집계!$AF$7:$AF$32,MATCH($AC7,배관집계!$AJ$7:$AJ$32,0))&"","")) -> ○ | AA7: =IF($G7="","",IFERROR(INDEX(배관집계!$AG$7:$AG$32,MATCH($AC7,배관집계!$AJ$7:$AJ$32,0))&"","")) -> × | AB7: =IF($G7="","",IFERROR(INDEX(배관집계!$AH$7:$AH$32,MATCH($AC7,배관집계!$AJ$7:$AJ$32,0))&"","")) -> C/C | AC7: =IF($G7="","",$B7&"|"&$C7&"|"&$E7&"|"&$U7&"|"&$I7) -> 설치|옥외|5kg/cm2이상|STPG370S|15 | AD7: =IF($G7="","",IF($B7<>"설치","",IF($G7="PIPE","PIPE",IF($G7="VALVE",IF(ISNUMBER(SEARCH("GLOBE",$H7)),"GLOBE",IF(ISNUMBER(SEARCH("GATE",$H7)),"GATE",IF(ISNUMBER(SEARCH("BUTTER",$H7)),"BFLY","VALVE기타"))),IF($G7="FITTING",IF(LEFT($H7,5)="ELBOW",IF($AE7=90,"90EL",IF($AE7=45,"45EL","비규격EL")),IF(LEFT($H7,6)="FLANGE","FLANGE",IF(ISNUMBER(SEARCH("TEE",$H7)),"TEE",""))),""))))) -> PIPE | AE7: =IF(AND($G7="FITTING",LEFT($H7,5)="ELBOW"),IFERROR(VALUE(LEFT(MID($H7,7,12),MIN(IFERROR(FIND("L",MID($H7,7,12)),99),IFERROR(FIND("S",MID($H7,7,12)),99),IFERROR(FIND(" ",MID($H7,7,12)),99))-1)),""),"") | AF7: =IF($AD7="비규격EL",N($L7)*RADIANS(N($AE7))*보온기준!$F$15*N($I7)*보온기준!$F$16/1000,0) -> 0 | AG7: =IF($G7="","",IF(OR($AA7<>"○",LEFT($F7,3)="STS",LEFT($F7,3)="SUS",$C7="매설"),"Y","N")) -> Y
A8: 2 | B8: 설치 | C8: 옥외 | D8: WATER | E8: 5kg/cm2이상 | F8: STPG370S | G8: PIPE | H8: PIPE | I8: 50 | J8: SCH40 | K8: M | L8: 17.658 | M8: =IF($G8<>"PIPE","",IFERROR(1/(1/INDEX(배관단중표!$B$7:$W$41,MATCH($I8,배관단중표!$A$7:$A$41,0),MATCH(IF($J8="SPP","SPP",IF(LEFT($F8,3)="STS",IF(ISNUMBER(SEARCH("316",$F8)),"STS316","STS304"),"SPPS")&"|"&$J8),배관단중표!$B$6:$W$6,0))),"DB확인")) -> 5.44 | P8: =IF($G8="","",IFERROR(IF(O8<>"",O8,L8*IF(G8="PIPE",M8,N8)),0)) -> 96.05952 | Q8: =IF($G8="","",IF(G8="PIPE","P","F")) -> P | R8: =IF($G8<>"PIPE","",IFERROR(IF(O8<>"",O8/M8,IF(K8="M",L8,"")),"")) -> 17.658 | S8: =IF($G8<>"PIPE","",IF(AND($AA8="○",OR($W8<>"○",배관기준!$AG$17="N"),$C8<>"매설",LEFT($F8,3)<>"STS",LEFT($F8,3)<>"SUS"),"Y","N")) -> N | U8: STPG370S | W8: =IF($G8="","",IFERROR(INDEX(배관집계!$AC$7:$AC$32,MATCH($AC8,배관집계!$AJ$7:$AJ$32,0))&"","")) -> ○ | X8: =IF($G8="","",IFERROR(INDEX(배관집계!$AD$7:$AD$32,MATCH($AC8,배관집계!$AJ$7:$AJ$32,0))&"","")) -> ○ | Y8: =IF($G8="","",IFERROR(INDEX(배관집계!$AE$7:$AE$32,MATCH($AC8,배관집계!$AJ$7:$AJ$32,0))&"","")) -> × | Z8: =IF($G8="","",IFERROR(INDEX(배관집계!$AF$7:$AF$32,MATCH($AC8,배관집계!$AJ$7:$AJ$32,0))&"","")) -> ○ | AA8: =IF($G8="","",IFERROR(INDEX(배관집계!$AG$7:$AG$32,MATCH($AC8,배관집계!$AJ$7:$AJ$32,0))&"","")) -> × | AB8: =IF($G8="","",IFERROR(INDEX(배관집계!$AH$7:$AH$32,MATCH($AC8,배관집계!$AJ$7:$AJ$32,0))&"","")) -> C/C | AC8: =IF($G8="","",$B8&"|"&$C8&"|"&$E8&"|"&$U8&"|"&$I8) -> 설치|옥외|5kg/cm2이상|STPG370S|50 | AD8: =IF($G8="","",IF($B8<>"설치","",IF($G8="PIPE","PIPE",IF($G8="VALVE",IF(ISNUMBER(SEARCH("GLOBE",$H8)),"GLOBE",IF(ISNUMBER(SEARCH("GATE",$H8)),"GATE",IF(ISNUMBER(SEARCH("BUTTER",$H8)),"BFLY","VALVE기타"))),IF($G8="FITTING",IF(LEFT($H8,5)="ELBOW",IF($AE8=90,"90EL",IF($AE8=45,"45EL","비규격EL")),IF(LEFT($H8,6)="FLANGE","FLANGE",IF(ISNUMBER(SEARCH("TEE",$H8)),"TEE",""))),""))))) -> PIPE | AE8: =IF(AND($G8="FITTING",LEFT($H8,5)="ELBOW"),IFERROR(VALUE(LEFT(MID($H8,7,12),MIN(IFERROR(FIND("L",MID($H8,7,12)),99),IFERROR(FIND("S",MID($H8,7,12)),99),IFERROR(FIND(" ",MID($H8,7,12)),99))-1)),""),"") | AF8: =IF($AD8="비규격EL",N($L8)*RADIANS(N($AE8))*보온기준!$F$15*N($I8)*보온기준!$F$16/1000,0) -> 0 | AG8: =IF($G8="","",IF(OR($AA8<>"○",LEFT($F8,3)="STS",LEFT($F8,3)="SUS",$C8="매설"),"Y","N")) -> Y
A9: 3 | B9: 설치 | C9: 옥외 | D9: WATER | E9: 5kg/cm2이상 | F9: STPG370S | G9: PIPE | H9: PIPE | I9: 80 | J9: SCH40 | K9: M | L9: 6.18 | M9: =IF($G9<>"PIPE","",IFERROR(1/(1/INDEX(배관단중표!$B$7:$W$41,MATCH($I9,배관단중표!$A$7:$A$41,0),MATCH(IF($J9="SPP","SPP",IF(LEFT($F9,3)="STS",IF(ISNUMBER(SEARCH("316",$F9)),"STS316","STS304"),"SPPS")&"|"&$J9),배관단중표!$B$6:$W$6,0))),"DB확인")) -> 11.3 | P9: =IF($G9="","",IFERROR(IF(O9<>"",O9,L9*IF(G9="PIPE",M9,N9)),0)) -> 69.834 | Q9: =IF($G9="","",IF(G9="PIPE","P","F")) -> P | R9: =IF($G9<>"PIPE","",IFERROR(IF(O9<>"",O9/M9,IF(K9="M",L9,"")),"")) -> 6.18 | S9: =IF($G9<>"PIPE","",IF(AND($AA9="○",OR($W9<>"○",배관기준!$AG$17="N"),$C9<>"매설",LEFT($F9,3)<>"STS",LEFT($F9,3)<>"SUS"),"Y","N")) -> N | U9: STPG370S | W9: =IF($G9="","",IFERROR(INDEX(배관집계!$AC$7:$AC$32,MATCH($AC9,배관집계!$AJ$7:$AJ$32,0))&"","")) -> ○ | X9: =IF($G9="","",IFERROR(INDEX(배관집계!$AD$7:$AD$32,MATCH($AC9,배관집계!$AJ$7:$AJ$32,0))&"","")) -> ○ | Y9: =IF($G9="","",IFERROR(INDEX(배관집계!$AE$7:$AE$32,MATCH($AC9,배관집계!$AJ$7:$AJ$32,0))&"","")) -> × | Z9: =IF($G9="","",IFERROR(INDEX(배관집계!$AF$7:$AF$32,MATCH($AC9,배관집계!$AJ$7:$AJ$32,0))&"","")) -> ○ | AA9: =IF($G9="","",IFERROR(INDEX(배관집계!$AG$7:$AG$32,MATCH($AC9,배관집계!$AJ$7:$AJ$32,0))&"","")) -> × | AB9: =IF($G9="","",IFERROR(INDEX(배관집계!$AH$7:$AH$32,MATCH($AC9,배관집계!$AJ$7:$AJ$32,0))&"","")) -> C/C | AC9: =IF($G9="","",$B9&"|"&$C9&"|"&$E9&"|"&$U9&"|"&$I9) -> 설치|옥외|5kg/cm2이상|STPG370S|80 | AD9: =IF($G9="","",IF($B9<>"설치","",IF($G9="PIPE","PIPE",IF($G9="VALVE",IF(ISNUMBER(SEARCH("GLOBE",$H9)),"GLOBE",IF(ISNUMBER(SEARCH("GATE",$H9)),"GATE",IF(ISNUMBER(SEARCH("BUTTER",$H9)),"BFLY","VALVE기타"))),IF($G9="FITTING",IF(LEFT($H9,5)="ELBOW",IF($AE9=90,"90EL",IF($AE9=45,"45EL","비규격EL")),IF(LEFT($H9,6)="FLANGE","FLANGE",IF(ISNUMBER(SEARCH("TEE",$H9)),"TEE",""))),""))))) -> PIPE | AE9: =IF(AND($G9="FITTING",LEFT($H9,5)="ELBOW"),IFERROR(VALUE(LEFT(MID($H9,7,12),MIN(IFERROR(FIND("L",MID($H9,7,12)),99),IFERROR(FIND("S",MID($H9,7,12)),99),IFERROR(FIND(" ",MID($H9,7,12)),99))-1)),""),"") | AF9: =IF($AD9="비규격EL",N($L9)*RADIANS(N($AE9))*보온기준!$F$15*N($I9)*보온기준!$F$16/1000,0) -> 0 | AG9: =IF($G9="","",IF(OR($AA9<>"○",LEFT($F9,3)="STS",LEFT($F9,3)="SUS",$C9="매설"),"Y","N")) -> Y
A10: 4 | B10: 설치 | C10: 옥외 | D10: WATER | E10: 5kg/cm2이상 | F10: STPG370S | G10: PIPE | H10: PIPE | I10: 150 | J10: SCH40 | K10: M | L10: 20.701 | M10: =IF($G10<>"PIPE","",IFERROR(1/(1/INDEX(배관단중표!$B$7:$W$41,MATCH($I10,배관단중표!$A$7:$A$41,0),MATCH(IF($J10="SPP","SPP",IF(LEFT($F10,3)="STS",IF(ISNUMBER(SEARCH("316",$F10)),"STS316","STS304"),"SPPS")&"|"&$J10),배관단중표!$B$6:$W$6,0))),"DB확인")) -> 27.7 | P10: =IF($G10="","",IFERROR(IF(O10<>"",O10,L10*IF(G10="PIPE",M10,N10)),0)) -> 573.4177 | Q10: =IF($G10="","",IF(G10="PIPE","P","F")) -> P | R10: =IF($G10<>"PIPE","",IFERROR(IF(O10<>"",O10/M10,IF(K10="M",L10,"")),"")) -> 20.701 | S10: =IF($G10<>"PIPE","",IF(AND($AA10="○",OR($W10<>"○",배관기준!$AG$17="N"),$C10<>"매설",LEFT($F10,3)<>"STS",LEFT($F10,3)<>"SUS"),"Y","N")) -> N | U10: STPG370S | W10: =IF($G10="","",IFERROR(INDEX(배관집계!$AC$7:$AC$32,MATCH($AC10,배관집계!$AJ$7:$AJ$32,0))&"","")) -> ○ | X10: =IF($G10="","",IFERROR(INDEX(배관집계!$AD$7:$AD$32,MATCH($AC10,배관집계!$AJ$7:$AJ$32,0))&"","")) -> ○ | Y10: =IF($G10="","",IFERROR(INDEX(배관집계!$AE$7:$AE$32,MATCH($AC10,배관집계!$AJ$7:$AJ$32,0))&"","")) -> × | Z10: =IF($G10="","",IFERROR(INDEX(배관집계!$AF$7:$AF$32,MATCH($AC10,배관집계!$AJ$7:$AJ$32,0))&"","")) -> ○ | AA10: =IF($G10="","",IFERROR(INDEX(배관집계!$AG$7:$AG$32,MATCH($AC10,배관집계!$AJ$7:$AJ$32,0))&"","")) -> × | AB10: =IF($G10="","",IFERROR(INDEX(배관집계!$AH$7:$AH$32,MATCH($AC10,배관집계!$AJ$7:$AJ$32,0))&"","")) -> C/C | AC10: =IF($G10="","",$B10&"|"&$C10&"|"&$E10&"|"&$U10&"|"&$I10) -> 설치|옥외|5kg/cm2이상|STPG370S|150 | AD10: =IF($G10="","",IF($B10<>"설치","",IF($G10="PIPE","PIPE",IF($G10="VALVE",IF(ISNUMBER(SEARCH("GLOBE",$H10)),"GLOBE",IF(ISNUMBER(SEARCH("GATE",$H10)),"GATE",IF(ISNUMBER(SEARCH("BUTTER",$H10)),"BFLY","VALVE기타"))),IF($G10="FITTING",IF(LEFT($H10,5)="ELBOW",IF($AE10=90,"90EL",IF($AE10=45,"45EL","비규격EL")),IF(LEFT($H10,6)="FLANGE","FLANGE",IF(ISNUMBER(SEARCH("TEE",$H10)),"TEE",""))),""))))) -> PIPE | AE10: =IF(AND($G10="FITTING",LEFT($H10,5)="ELBOW"),IFERROR(VALUE(LEFT(MID($H10,7,12),MIN(IFERROR(FIND("L",MID($H10,7,12)),99),IFERROR(FIND("S",MID($H10,7,12)),99),IFERROR(FIND(" ",MID($H10,7,12)),99))-1)),""),"") | AF10: =IF($AD10="비규격EL",N($L10)*RADIANS(N($AE10))*보온기준!$F$15*N($I10)*보온기준!$F$16/1000,0) -> 0 | AG10: =IF($G10="","",IF(OR($AA10<>"○",LEFT($F10,3)="STS",LEFT($F10,3)="SUS",$C10="매설"),"Y","N")) -> Y
A11: 5 | B11: 설치 | C11: 옥외 | D11: WATER | E11: 5kg/cm2이상 | F11: STPG370S | G11: PIPE | H11: PIPE | I11: 200 | J11: SCH40 | K11: M | L11: 9.1142 | M11: =IF($G11<>"PIPE","",IFERROR(1/(1/INDEX(배관단중표!$B$7:$W$41,MATCH($I11,배관단중표!$A$7:$A$41,0),MATCH(IF($J11="SPP","SPP",IF(LEFT($F11,3)="STS",IF(ISNUMBER(SEARCH("316",$F11)),"STS316","STS304"),"SPPS")&"|"&$J11),배관단중표!$B$6:$W$6,0))),"DB확인")) -> 42.1 | P11: =IF($G11="","",IFERROR(IF(O11<>"",O11,L11*IF(G11="PIPE",M11,N11)),0)) -> 383.70782 | Q11: =IF($G11="","",IF(G11="PIPE","P","F")) -> P | R11: =IF($G11<>"PIPE","",IFERROR(IF(O11<>"",O11/M11,IF(K11="M",L11,"")),"")) -> 9.1142 | S11: =IF($G11<>"PIPE","",IF(AND($AA11="○",OR($W11<>"○",배관기준!$AG$17="N"),$C11<>"매설",LEFT($F11,3)<>"STS",LEFT($F11,3)<>"SUS"),"Y","N")) -> N | U11: STPG370S | W11: =IF($G11="","",IFERROR(INDEX(배관집계!$AC$7:$AC$32,MATCH($AC11,배관집계!$AJ$7:$AJ$32,0))&"","")) -> ○ | X11: =IF($G11="","",IFERROR(INDEX(배관집계!$AD$7:$AD$32,MATCH($AC11,배관집계!$AJ$7:$AJ$32,0))&"","")) -> ○ | Y11: =IF($G11="","",IFERROR(INDEX(배관집계!$AE$7:$AE$32,MATCH($AC11,배관집계!$AJ$7:$AJ$32,0))&"","")) -> × | Z11: =IF($G11="","",IFERROR(INDEX(배관집계!$AF$7:$AF$32,MATCH($AC11,배관집계!$AJ$7:$AJ$32,0))&"","")) -> ○ | AA11: =IF($G11="","",IFERROR(INDEX(배관집계!$AG$7:$AG$32,MATCH($AC11,배관집계!$AJ$7:$AJ$32,0))&"","")) -> × | AB11: =IF($G11="","",IFERROR(INDEX(배관집계!$AH$7:$AH$32,MATCH($AC11,배관집계!$AJ$7:$AJ$32,0))&"","")) -> C/C | AC11: =IF($G11="","",$B11&"|"&$C11&"|"&$E11&"|"&$U11&"|"&$I11) -> 설치|옥외|5kg/cm2이상|STPG370S|200 | AD11: =IF($G11="","",IF($B11<>"설치","",IF($G11="PIPE","PIPE",IF($G11="VALVE",IF(ISNUMBER(SEARCH("GLOBE",$H11)),"GLOBE",IF(ISNUMBER(SEARCH("GATE",$H11)),"GATE",IF(ISNUMBER(SEARCH("BUTTER",$H11)),"BFLY","VALVE기타"))),IF($G11="FITTING",IF(LEFT($H11,5)="ELBOW",IF($AE11=90,"90EL",IF($AE11=45,"45EL","비규격EL")),IF(LEFT($H11,6)="FLANGE","FLANGE",IF(ISNUMBER(SEARCH("TEE",$H11)),"TEE",""))),""))))) -> PIPE | AE11: =IF(AND($G11="FITTING",LEFT($H11,5)="ELBOW"),IFERROR(VALUE(LEFT(MID($H11,7,12),MIN(IFERROR(FIND("L",MID($H11,7,12)),99),IFERROR(FIND("S",MID($H11,7,12)),99),IFERROR(FIND(" ",MID($H11,7,12)),99))-1)),""),"") | AF11: =IF($AD11="비규격EL",N($L11)*RADIANS(N($AE11))*보온기준!$F$15*N($I11)*보온기준!$F$16/1000,0) -> 0 | AG11: =IF($G11="","",IF(OR($AA11<>"○",LEFT($F11,3)="STS",LEFT($F11,3)="SUS",$C11="매설"),"Y","N")) -> Y
A12: 6 | B12: 설치 | C12: 옥외 | D12: WATER | E12: 5kg/cm2이상 | F12: STPG370S | G12: PIPE | H12: PIPE | I12: 250 | J12: SCH40 | K12: M | L12: 8.666 | M12: =IF($G12<>"PIPE","",IFERROR(1/(1/INDEX(배관단중표!$B$7:$W$41,MATCH($I12,배관단중표!$A$7:$A$41,0),MATCH(IF($J12="SPP","SPP",IF(LEFT($F12,3)="STS",IF(ISNUMBER(SEARCH("316",$F12)),"STS316","STS304"),"SPPS")&"|"&$J12),배관단중표!$B$6:$W$6,0))),"DB확인")) -> 59.2 | P12: =IF($G12="","",IFERROR(IF(O12<>"",O12,L12*IF(G12="PIPE",M12,N12)),0)) -> 513.0272 | Q12: =IF($G12="","",IF(G12="PIPE","P","F")) -> P | R12: =IF($G12<>"PIPE","",IFERROR(IF(O12<>"",O12/M12,IF(K12="M",L12,"")),"")) -> 8.666 | S12: =IF($G12<>"PIPE","",IF(AND($AA12="○",OR($W12<>"○",배관기준!$AG$17="N"),$C12<>"매설",LEFT($F12,3)<>"STS",LEFT($F12,3)<>"SUS"),"Y","N")) -> N | U12: STPG370S | W12: =IF($G12="","",IFERROR(INDEX(배관집계!$AC$7:$AC$32,MATCH($AC12,배관집계!$AJ$7:$AJ$32,0))&"","")) -> ○ | X12: =IF($G12="","",IFERROR(INDEX(배관집계!$AD$7:$AD$32,MATCH($AC12,배관집계!$AJ$7:$AJ$32,0))&"","")) -> ○ | Y12: =IF($G12="","",IFERROR(INDEX(배관집계!$AE$7:$AE$32,MATCH($AC12,배관집계!$AJ$7:$AJ$32,0))&"","")) -> × | Z12: =IF($G12="","",IFERROR(INDEX(배관집계!$AF$7:$AF$32,MATCH($AC12,배관집계!$AJ$7:$AJ$32,0))&"","")) -> ○ | AA12: =IF($G12="","",IFERROR(INDEX(배관집계!$AG$7:$AG$32,MATCH($AC12,배관집계!$AJ$7:$AJ$32,0))&"","")) -> × | AB12: =IF($G12="","",IFERROR(INDEX(배관집계!$AH$7:$AH$32,MATCH($AC12,배관집계!$AJ$7:$AJ$32,0))&"","")) -> C/C | AC12: =IF($G12="","",$B12&"|"&$C12&"|"&$E12&"|"&$U12&"|"&$I12) -> 설치|옥외|5kg/cm2이상|STPG370S|250 | AD12: =IF($G12="","",IF($B12<>"설치","",IF($G12="PIPE","PIPE",IF($G12="VALVE",IF(ISNUMBER(SEARCH("GLOBE",$H12)),"GLOBE",IF(ISNUMBER(SEARCH("GATE",$H12)),"GATE",IF(ISNUMBER(SEARCH("BUTTER",$H12)),"BFLY","VALVE기타"))),IF($G12="FITTING",IF(LEFT($H12,5)="ELBOW",IF($AE12=90,"90EL",IF($AE12=45,"45EL","비규격EL")),IF(LEFT($H12,6)="FLANGE","FLANGE",IF(ISNUMBER(SEARCH("TEE",$H12)),"TEE",""))),""))))) -> PIPE | AE12: =IF(AND($G12="FITTING",LEFT($H12,5)="ELBOW"),IFERROR(VALUE(LEFT(MID($H12,7,12),MIN(IFERROR(FIND("L",MID($H12,7,12)),99),IFERROR(FIND("S",MID($H12,7,12)),99),IFERROR(FIND(" ",MID($H12,7,12)),99))-1)),""),"") | AF12: =IF($AD12="비규격EL",N($L12)*RADIANS(N($AE12))*보온기준!$F$15*N($I12)*보온기준!$F$16/1000,0) -> 0 | AG12: =IF($G12="","",IF(OR($AA12<>"○",LEFT($F12,3)="STS",LEFT($F12,3)="SUS",$C12="매설"),"Y","N")) -> Y
A13: 7 | B13: 설치 | C13: 옥외 | D13: WATER | E13: 5kg/cm2이상 | F13: STPG370S | G13: PIPE | H13: PIPE | I13: 300 | J13: SCH40 | K13: M | L13: 4.615 | M13: =IF($G13<>"PIPE","",IFERROR(1/(1/INDEX(배관단중표!$B$7:$W$41,MATCH($I13,배관단중표!$A$7:$A$41,0),MATCH(IF($J13="SPP","SPP",IF(LEFT($F13,3)="STS",IF(ISNUMBER(SEARCH("316",$F13)),"STS316","STS304"),"SPPS")&"|"&$J13),배관단중표!$B$6:$W$6,0))),"DB확인")) -> 78.3 | P13: =IF($G13="","",IFERROR(IF(O13<>"",O13,L13*IF(G13="PIPE",M13,N13)),0)) -> 361.3545 | Q13: =IF($G13="","",IF(G13="PIPE","P","F")) -> P | R13: =IF($G13<>"PIPE","",IFERROR(IF(O13<>"",O13/M13,IF(K13="M",L13,"")),"")) -> 4.615 | S13: =IF($G13<>"PIPE","",IF(AND($AA13="○",OR($W13<>"○",배관기준!$AG$17="N"),$C13<>"매설",LEFT($F13,3)<>"STS",LEFT($F13,3)<>"SUS"),"Y","N")) -> Y | U13: STPG370S | W13: =IF($G13="","",IFERROR(INDEX(배관집계!$AC$7:$AC$32,MATCH($AC13,배관집계!$AJ$7:$AJ$32,0))&"","")) -> × | X13: =IF($G13="","",IFERROR(INDEX(배관집계!$AD$7:$AD$32,MATCH($AC13,배관집계!$AJ$7:$AJ$32,0))&"","")) -> ○ | Y13: =IF($G13="","",IFERROR(INDEX(배관집계!$AE$7:$AE$32,MATCH($AC13,배관집계!$AJ$7:$AJ$32,0))&"","")) -> × | Z13: =IF($G13="","",IFERROR(INDEX(배관집계!$AF$7:$AF$32,MATCH($AC13,배관집계!$AJ$7:$AJ$32,0))&"","")) -> ○ | AA13: =IF($G13="","",IFERROR(INDEX(배관집계!$AG$7:$AG$32,MATCH($AC13,배관집계!$AJ$7:$AJ$32,0))&"","")) -> ○ | AB13: =IF($G13="","",IFERROR(INDEX(배관집계!$AH$7:$AH$32,MATCH($AC13,배관집계!$AJ$7:$AJ$32,0))&"","")) -> C/C | AC13: =IF($G13="","",$B13&"|"&$C13&"|"&$E13&"|"&$U13&"|"&$I13) -> 설치|옥외|5kg/cm2이상|STPG370S|300 | AD13: =IF($G13="","",IF($B13<>"설치","",IF($G13="PIPE","PIPE",IF($G13="VALVE",IF(ISNUMBER(SEARCH("GLOBE",$H13)),"GLOBE",IF(ISNUMBER(SEARCH("GATE",$H13)),"GATE",IF(ISNUMBER(SEARCH("BUTTER",$H13)),"BFLY","VALVE기타"))),IF($G13="FITTING",IF(LEFT($H13,5)="ELBOW",IF($AE13=90,"90EL",IF($AE13=45,"45EL","비규격EL")),IF(LEFT($H13,6)="FLANGE","FLANGE",IF(ISNUMBER(SEARCH("TEE",$H13)),"TEE",""))),""))))) -> PIPE | AE13: =IF(AND($G13="FITTING",LEFT($H13,5)="ELBOW"),IFERROR(VALUE(LEFT(MID($H13,7,12),MIN(IFERROR(FIND("L",MID($H13,7,12)),99),IFERROR(FIND("S",MID($H13,7,12)),99),IFERROR(FIND(" ",MID($H13,7,12)),99))-1)),""),"") | AF13: =IF($AD13="비규격EL",N($L13)*RADIANS(N($AE13))*보온기준!$F$15*N($I13)*보온기준!$F$16/1000,0) -> 0 | AG13: =IF($G13="","",IF(OR($AA13<>"○",LEFT($F13,3)="STS",LEFT($F13,3)="SUS",$C13="매설"),"Y","N")) -> N
A14: 8 | B14: 설치 | C14: 옥외 | D14: WATER | E14: 5kg/cm2이상 | F14: A105 | G14: FITTING | H14: ELBOW 90 SW | I14: 15 | K14: EA | L14: 6 | M14: =IF($G14<>"PIPE","",IFERROR(1/(1/INDEX(배관단중표!$B$7:$W$41,MATCH($I14,배관단중표!$A$7:$A$41,0),MATCH(IF($J14="SPP","SPP",IF(LEFT($F14,3)="STS",IF(ISNUMBER(SEARCH("316",$F14)),"STS316","STS304"),"SPPS")&"|"&$J14),배관단중표!$B$6:$W$6,0))),"DB확인")) | N14: 0.1 | P14: =IF($G14="","",IFERROR(IF(O14<>"",O14,L14*IF(G14="PIPE",M14,N14)),0)) -> 0.6 | Q14: =IF($G14="","",IF(G14="PIPE","P","F")) -> F | R14: =IF($G14<>"PIPE","",IFERROR(IF(O14<>"",O14/M14,IF(K14="M",L14,"")),"")) | S14: =IF($G14<>"PIPE","",IF(AND($AA14="○",OR($W14<>"○",배관기준!$AG$17="N"),$C14<>"매설",LEFT($F14,3)<>"STS",LEFT($F14,3)<>"SUS"),"Y","N")) | U14: STPG370S | W14: =IF($G14="","",IFERROR(INDEX(배관집계!$AC$7:$AC$32,MATCH($AC14,배관집계!$AJ$7:$AJ$32,0))&"","")) -> ○ | X14: =IF($G14="","",IFERROR(INDEX(배관집계!$AD$7:$AD$32,MATCH($AC14,배관집계!$AJ$7:$AJ$32,0))&"","")) -> ○ | Y14: =IF($G14="","",IFERROR(INDEX(배관집계!$AE$7:$AE$32,MATCH($AC14,배관집계!$AJ$7:$AJ$32,0))&"","")) -> × | Z14: =IF($G14="","",IFERROR(INDEX(배관집계!$AF$7:$AF$32,MATCH($AC14,배관집계!$AJ$7:$AJ$32,0))&"","")) -> ○ | AA14: =IF($G14="","",IFERROR(INDEX(배관집계!$AG$7:$AG$32,MATCH($AC14,배관집계!$AJ$7:$AJ$32,0))&"","")) -> × | AB14: =IF($G14="","",IFERROR(INDEX(배관집계!$AH$7:$AH$32,MATCH($AC14,배관집계!$AJ$7:$AJ$32,0))&"","")) -> C/C | AC14: =IF($G14="","",$B14&"|"&$C14&"|"&$E14&"|"&$U14&"|"&$I14) -> 설치|옥외|5kg/cm2이상|STPG370S|15 | AD14: =IF($G14="","",IF($B14<>"설치","",IF($G14="PIPE","PIPE",IF($G14="VALVE",IF(ISNUMBER(SEARCH("GLOBE",$H14)),"GLOBE",IF(ISNUMBER(SEARCH("GATE",$H14)),"GATE",IF(ISNUMBER(SEARCH("BUTTER",$H14)),"BFLY","VALVE기타"))),IF($G14="FITTING",IF(LEFT($H14,5)="ELBOW",IF($AE14=90,"90EL",IF($AE14=45,"45EL","비규격EL")),IF(LEFT($H14,6)="FLANGE","FLANGE",IF(ISNUMBER(SEARCH("TEE",$H14)),"TEE",""))),""))))) -> 90EL | AE14: =IF(AND($G14="FITTING",LEFT($H14,5)="ELBOW"),IFERROR(VALUE(LEFT(MID($H14,7,12),MIN(IFERROR(FIND("L",MID($H14,7,12)),99),IFERROR(FIND("S",MID($H14,7,12)),99),IFERROR(FIND(" ",MID($H14,7,12)),99))-1)),""),"") -> 90 | AF14: =IF($AD14="비규격EL",N($L14)*RADIANS(N($AE14))*보온기준!$F$15*N($I14)*보온기준!$F$16/1000,0) -> 0 | AG14: =IF($G14="","",IF(OR($AA14<>"○",LEFT($F14,3)="STS",LEFT($F14,3)="SUS",$C14="매설"),"Y","N")) -> Y
A15: 9 | B15: 설치 | C15: 옥외 | D15: WATER | E15: 5kg/cm2이상 | F15: STPT370S | G15: FITTING | H15: ELBOW 45LR SMS BW | I15: 50 | K15: EA | L15: 3 | M15: =IF($G15<>"PIPE","",IFERROR(1/(1/INDEX(배관단중표!$B$7:$W$41,MATCH($I15,배관단중표!$A$7:$A$41,0),MATCH(IF($J15="SPP","SPP",IF(LEFT($F15,3)="STS",IF(ISNUMBER(SEARCH("316",$F15)),"STS316","STS304"),"SPPS")&"|"&$J15),배관단중표!$B$6:$W$6,0))),"DB확인")) | N15: 0.3 | P15: =IF($G15="","",IFERROR(IF(O15<>"",O15,L15*IF(G15="PIPE",M15,N15)),0)) -> 0.9 | Q15: =IF($G15="","",IF(G15="PIPE","P","F")) -> F | R15: =IF($G15<>"PIPE","",IFERROR(IF(O15<>"",O15/M15,IF(K15="M",L15,"")),"")) | S15: =IF($G15<>"PIPE","",IF(AND($AA15="○",OR($W15<>"○",배관기준!$AG$17="N"),$C15<>"매설",LEFT($F15,3)<>"STS",LEFT($F15,3)<>"SUS"),"Y","N")) | U15: STPG370S | W15: =IF($G15="","",IFERROR(INDEX(배관집계!$AC$7:$AC$32,MATCH($AC15,배관집계!$AJ$7:$AJ$32,0))&"","")) -> ○ | X15: =IF($G15="","",IFERROR(INDEX(배관집계!$AD$7:$AD$32,MATCH($AC15,배관집계!$AJ$7:$AJ$32,0))&"","")) -> ○ | Y15: =IF($G15="","",IFERROR(INDEX(배관집계!$AE$7:$AE$32,MATCH($AC15,배관집계!$AJ$7:$AJ$32,0))&"","")) -> × | Z15: =IF($G15="","",IFERROR(INDEX(배관집계!$AF$7:$AF$32,MATCH($AC15,배관집계!$AJ$7:$AJ$32,0))&"","")) -> ○ | AA15: =IF($G15="","",IFERROR(INDEX(배관집계!$AG$7:$AG$32,MATCH($AC15,배관집계!$AJ$7:$AJ$32,0))&"","")) -> × | AB15: =IF($G15="","",IFERROR(INDEX(배관집계!$AH$7:$AH$32,MATCH($AC15,배관집계!$AJ$7:$AJ$32,0))&"","")) -> C/C | AC15: =IF($G15="","",$B15&"|"&$C15&"|"&$E15&"|"&$U15&"|"&$I15) -> 설치|옥외|5kg/cm2이상|STPG370S|50 | AD15: =IF($G15="","",IF($B15<>"설치","",IF($G15="PIPE","PIPE",IF($G15="VALVE",IF(ISNUMBER(SEARCH("GLOBE",$H15)),"GLOBE",IF(ISNUMBER(SEARCH("GATE",$H15)),"GATE",IF(ISNUMBER(SEARCH("BUTTER",$H15)),"BFLY","VALVE기타"))),IF($G15="FITTING",IF(LEFT($H15,5)="ELBOW",IF($AE15=90,"90EL",IF($AE15=45,"45EL","비규격EL")),IF(LEFT($H15,6)="FLANGE","FLANGE",IF(ISNUMBER(SEARCH("TEE",$H15)),"TEE",""))),""))))) -> 45EL | AE15: =IF(AND($G15="FITTING",LEFT($H15,5)="ELBOW"),IFERROR(VALUE(LEFT(MID($H15,7,12),MIN(IFERROR(FIND("L",MID($H15,7,12)),99),IFERROR(FIND("S",MID($H15,7,12)),99),IFERROR(FIND(" ",MID($H15,7,12)),99))-1)),""),"") -> 45 | AF15: =IF($AD15="비규격EL",N($L15)*RADIANS(N($AE15))*보온기준!$F$15*N($I15)*보온기준!$F$16/1000,0) -> 0 | AG15: =IF($G15="","",IF(OR($AA15<>"○",LEFT($F15,3)="STS",LEFT($F15,3)="SUS",$C15="매설"),"Y","N")) -> Y
A16: 10 | B16: 설치 | C16: 옥외 | D16: WATER | E16: 5kg/cm2이상 | F16: STPT370S | G16: FITTING | H16: ELBOW 90LR SMLS BW | I16: 50 | K16: EA | L16: 10 | M16: =IF($G16<>"PIPE","",IFERROR(1/(1/INDEX(배관단중표!$B$7:$W$41,MATCH($I16,배관단중표!$A$7:$A$41,0),MATCH(IF($J16="SPP","SPP",IF(LEFT($F16,3)="STS",IF(ISNUMBER(SEARCH("316",$F16)),"STS316","STS304"),"SPPS")&"|"&$J16),배관단중표!$B$6:$W$6,0))),"DB확인")) | N16: 0.7 | P16: =IF($G16="","",IFERROR(IF(O16<>"",O16,L16*IF(G16="PIPE",M16,N16)),0)) -> 7 | Q16: =IF($G16="","",IF(G16="PIPE","P","F")) -> F | R16: =IF($G16<>"PIPE","",IFERROR(IF(O16<>"",O16/M16,IF(K16="M",L16,"")),"")) | S16: =IF($G16<>"PIPE","",IF(AND($AA16="○",OR($W16<>"○",배관기준!$AG$17="N"),$C16<>"매설",LEFT($F16,3)<>"STS",LEFT($F16,3)<>"SUS"),"Y","N")) | U16: STPG370S | W16: =IF($G16="","",IFERROR(INDEX(배관집계!$AC$7:$AC$32,MATCH($AC16,배관집계!$AJ$7:$AJ$32,0))&"","")) -> ○ | X16: =IF($G16="","",IFERROR(INDEX(배관집계!$AD$7:$AD$32,MATCH($AC16,배관집계!$AJ$7:$AJ$32,0))&"","")) -> ○ | Y16: =IF($G16="","",IFERROR(INDEX(배관집계!$AE$7:$AE$32,MATCH($AC16,배관집계!$AJ$7:$AJ$32,0))&"","")) -> × | Z16: =IF($G16="","",IFERROR(INDEX(배관집계!$AF$7:$AF$32,MATCH($AC16,배관집계!$AJ$7:$AJ$32,0))&"","")) -> ○ | AA16: =IF($G16="","",IFERROR(INDEX(배관집계!$AG$7:$AG$32,MATCH($AC16,배관집계!$AJ$7:$AJ$32,0))&"","")) -> × | AB16: =IF($G16="","",IFERROR(INDEX(배관집계!$AH$7:$AH$32,MATCH($AC16,배관집계!$AJ$7:$AJ$32,0))&"","")) -> C/C | AC16: =IF($G16="","",$B16&"|"&$C16&"|"&$E16&"|"&$U16&"|"&$I16) -> 설치|옥외|5kg/cm2이상|STPG370S|50 | AD16: =IF($G16="","",IF($B16<>"설치","",IF($G16="PIPE","PIPE",IF($G16="VALVE",IF(ISNUMBER(SEARCH("GLOBE",$H16)),"GLOBE",IF(ISNUMBER(SEARCH("GATE",$H16)),"GATE",IF(ISNUMBER(SEARCH("BUTTER",$H16)),"BFLY","VALVE기타"))),IF($G16="FITTING",IF(LEFT($H16,5)="ELBOW",IF($AE16=90,"90EL",IF($AE16=45,"45EL","비규격EL")),IF(LEFT($H16,6)="FLANGE","FLANGE",IF(ISNUMBER(SEARCH("TEE",$H16)),"TEE",""))),""))))) -> 90EL | AE16: =IF(AND($G16="FITTING",LEFT($H16,5)="ELBOW"),IFERROR(VALUE(LEFT(MID($H16,7,12),MIN(IFERROR(FIND("L",MID($H16,7,12)),99),IFERROR(FIND("S",MID($H16,7,12)),99),IFERROR(FIND(" ",MID($H16,7,12)),99))-1)),""),"") -> 90 | AF16: =IF($AD16="비규격EL",N($L16)*RADIANS(N($AE16))*보온기준!$F$15*N($I16)*보온기준!$F$16/1000,0) -> 0 | AG16: =IF($G16="","",IF(OR($AA16<>"○",LEFT($F16,3)="STS",LEFT($F16,3)="SUS",$C16="매설"),"Y","N")) -> Y
A17: 11 | B17: 설치 | C17: 옥외 | D17: WATER | E17: 5kg/cm2이상 | F17: STPT370S | G17: FITTING | H17: ELBOW 41.7LR SMLS BW | I17: 80 | K17: EA | L17: 1 | M17: =IF($G17<>"PIPE","",IFERROR(1/(1/INDEX(배관단중표!$B$7:$W$41,MATCH($I17,배관단중표!$A$7:$A$41,0),MATCH(IF($J17="SPP","SPP",IF(LEFT($F17,3)="STS",IF(ISNUMBER(SEARCH("316",$F17)),"STS316","STS304"),"SPPS")&"|"&$J17),배관단중표!$B$6:$W$6,0))),"DB확인")) | N17: 1 | P17: =IF($G17="","",IFERROR(IF(O17<>"",O17,L17*IF(G17="PIPE",M17,N17)),0)) -> 1 | Q17: =IF($G17="","",IF(G17="PIPE","P","F")) -> F | R17: =IF($G17<>"PIPE","",IFERROR(IF(O17<>"",O17/M17,IF(K17="M",L17,"")),"")) | S17: =IF($G17<>"PIPE","",IF(AND($AA17="○",OR($W17<>"○",배관기준!$AG$17="N"),$C17<>"매설",LEFT($F17,3)<>"STS",LEFT($F17,3)<>"SUS"),"Y","N")) | U17: STPG370S | W17: =IF($G17="","",IFERROR(INDEX(배관집계!$AC$7:$AC$32,MATCH($AC17,배관집계!$AJ$7:$AJ$32,0))&"","")) -> ○ | X17: =IF($G17="","",IFERROR(INDEX(배관집계!$AD$7:$AD$32,MATCH($AC17,배관집계!$AJ$7:$AJ$32,0))&"","")) -> ○ | Y17: =IF($G17="","",IFERROR(INDEX(배관집계!$AE$7:$AE$32,MATCH($AC17,배관집계!$AJ$7:$AJ$32,0))&"","")) -> × | Z17: =IF($G17="","",IFERROR(INDEX(배관집계!$AF$7:$AF$32,MATCH($AC17,배관집계!$AJ$7:$AJ$32,0))&"","")) -> ○ | AA17: =IF($G17="","",IFERROR(INDEX(배관집계!$AG$7:$AG$32,MATCH($AC17,배관집계!$AJ$7:$AJ$32,0))&"","")) -> × | AB17: =IF($G17="","",IFERROR(INDEX(배관집계!$AH$7:$AH$32,MATCH($AC17,배관집계!$AJ$7:$AJ$32,0))&"","")) -> C/C | AC17: =IF($G17="","",$B17&"|"&$C17&"|"&$E17&"|"&$U17&"|"&$I17) -> 설치|옥외|5kg/cm2이상|STPG370S|80 | AD17: =IF($G17="","",IF($B17<>"설치","",IF($G17="PIPE","PIPE",IF($G17="VALVE",IF(ISNUMBER(SEARCH("GLOBE",$H17)),"GLOBE",IF(ISNUMBER(SEARCH("GATE",$H17)),"GATE",IF(ISNUMBER(SEARCH("BUTTER",$H17)),"BFLY","VALVE기타"))),IF($G17="FITTING",IF(LEFT($H17,5)="ELBOW",IF($AE17=90,"90EL",IF($AE17=45,"45EL","비규격EL")),IF(LEFT($H17,6)="FLANGE","FLANGE",IF(ISNUMBER(SEARCH("TEE",$H17)),"TEE",""))),""))))) -> 비규격EL | AE17: =IF(AND($G17="FITTING",LEFT($H17,5)="ELBOW"),IFERROR(VALUE(LEFT(MID($H17,7,12),MIN(IFERROR(FIND("L",MID($H17,7,12)),99),IFERROR(FIND("S",MID($H17,7,12)),99),IFERROR(FIND(" ",MID($H17,7,12)),99))-1)),""),"") -> 41.7 | AF17: =IF($AD17="비규격EL",N($L17)*RADIANS(N($AE17))*보온기준!$F$15*N($I17)*보온기준!$F$16/1000,0) -> 0.10480353 | AG17: =IF($G17="","",IF(OR($AA17<>"○",LEFT($F17,3)="STS",LEFT($F17,3)="SUS",$C17="매설"),"Y","N")) -> Y
A18: 12 | B18: 설치 | C18: 옥외 | D18: WATER | E18: 5kg/cm2이상 | F18: STPT370S | G18: FITTING | H18: ELBOW 90LR SMLS BW | I18: 80 | K18: EA | L18: 2 | M18: =IF($G18<>"PIPE","",IFERROR(1/(1/INDEX(배관단중표!$B$7:$W$41,MATCH($I18,배관단중표!$A$7:$A$41,0),MATCH(IF($J18="SPP","SPP",IF(LEFT($F18,3)="STS",IF(ISNUMBER(SEARCH("316",$F18)),"STS316","STS304"),"SPPS")&"|"&$J18),배관단중표!$B$6:$W$6,0))),"DB확인")) | N18: 2 | P18: =IF($G18="","",IFERROR(IF(O18<>"",O18,L18*IF(G18="PIPE",M18,N18)),0)) -> 4 | Q18: =IF($G18="","",IF(G18="PIPE","P","F")) -> F | R18: =IF($G18<>"PIPE","",IFERROR(IF(O18<>"",O18/M18,IF(K18="M",L18,"")),"")) | S18: =IF($G18<>"PIPE","",IF(AND($AA18="○",OR($W18<>"○",배관기준!$AG$17="N"),$C18<>"매설",LEFT($F18,3)<>"STS",LEFT($F18,3)<>"SUS"),"Y","N")) | U18: STPG370S | W18: =IF($G18="","",IFERROR(INDEX(배관집계!$AC$7:$AC$32,MATCH($AC18,배관집계!$AJ$7:$AJ$32,0))&"","")) -> ○ | X18: =IF($G18="","",IFERROR(INDEX(배관집계!$AD$7:$AD$32,MATCH($AC18,배관집계!$AJ$7:$AJ$32,0))&"","")) -> ○ | Y18: =IF($G18="","",IFERROR(INDEX(배관집계!$AE$7:$AE$32,MATCH($AC18,배관집계!$AJ$7:$AJ$32,0))&"","")) -> × | Z18: =IF($G18="","",IFERROR(INDEX(배관집계!$AF$7:$AF$32,MATCH($AC18,배관집계!$AJ$7:$AJ$32,0))&"","")) -> ○ | AA18: =IF($G18="","",IFERROR(INDEX(배관집계!$AG$7:$AG$32,MATCH($AC18,배관집계!$AJ$7:$AJ$32,0))&"","")) -> × | AB18: =IF($G18="","",IFERROR(INDEX(배관집계!$AH$7:$AH$32,MATCH($AC18,배관집계!$AJ$7:$AJ$32,0))&"","")) -> C/C | AC18: =IF($G18="","",$B18&"|"&$C18&"|"&$E18&"|"&$U18&"|"&$I18) -> 설치|옥외|5kg/cm2이상|STPG370S|80 | AD18: =IF($G18="","",IF($B18<>"설치","",IF($G18="PIPE","PIPE",IF($G18="VALVE",IF(ISNUMBER(SEARCH("GLOBE",$H18)),"GLOBE",IF(ISNUMBER(SEARCH("GATE",$H18)),"GATE",IF(ISNUMBER(SEARCH("BUTTER",$H18)),"BFLY","VALVE기타"))),IF($G18="FITTING",IF(LEFT($H18,5)="ELBOW",IF($AE18=90,"90EL",IF($AE18=45,"45EL","비규격EL")),IF(LEFT($H18,6)="FLANGE","FLANGE",IF(ISNUMBER(SEARCH("TEE",$H18)),"TEE",""))),""))))) -> 90EL | AE18: =IF(AND($G18="FITTING",LEFT($H18,5)="ELBOW"),IFERROR(VALUE(LEFT(MID($H18,7,12),MIN(IFERROR(FIND("L",MID($H18,7,12)),99),IFERROR(FIND("S",MID($H18,7,12)),99),IFERROR(FIND(" ",MID($H18,7,12)),99))-1)),""),"") -> 90 | AF18: =IF($AD18="비규격EL",N($L18)*RADIANS(N($AE18))*보온기준!$F$15*N($I18)*보온기준!$F$16/1000,0) -> 0 | AG18: =IF($G18="","",IF(OR($AA18<>"○",LEFT($F18,3)="STS",LEFT($F18,3)="SUS",$C18="매설"),"Y","N")) -> Y
A19: 13 | B19: 설치 | C19: 옥외 | D19: WATER | E19: 5kg/cm2이상 | F19: STPT370S | G19: FITTING | H19: ELBOW 45LR SMLS BW | I19: 150 | K19: EA | L19: 2 | M19: =IF($G19<>"PIPE","",IFERROR(1/(1/INDEX(배관단중표!$B$7:$W$41,MATCH($I19,배관단중표!$A$7:$A$41,0),MATCH(IF($J19="SPP","SPP",IF(LEFT($F19,3)="STS",IF(ISNUMBER(SEARCH("316",$F19)),"STS316","STS304"),"SPPS")&"|"&$J19),배관단중표!$B$6:$W$6,0))),"DB확인")) | N19: 3.9 | P19: =IF($G19="","",IFERROR(IF(O19<>"",O19,L19*IF(G19="PIPE",M19,N19)),0)) -> 7.8 | Q19: =IF($G19="","",IF(G19="PIPE","P","F")) -> F | R19: =IF($G19<>"PIPE","",IFERROR(IF(O19<>"",O19/M19,IF(K19="M",L19,"")),"")) | S19: =IF($G19<>"PIPE","",IF(AND($AA19="○",OR($W19<>"○",배관기준!$AG$17="N"),$C19<>"매설",LEFT($F19,3)<>"STS",LEFT($F19,3)<>"SUS"),"Y","N")) | U19: STPG370S | W19: =IF($G19="","",IFERROR(INDEX(배관집계!$AC$7:$AC$32,MATCH($AC19,배관집계!$AJ$7:$AJ$32,0))&"","")) -> ○ | X19: =IF($G19="","",IFERROR(INDEX(배관집계!$AD$7:$AD$32,MATCH($AC19,배관집계!$AJ$7:$AJ$32,0))&"","")) -> ○ | Y19: =IF($G19="","",IFERROR(INDEX(배관집계!$AE$7:$AE$32,MATCH($AC19,배관집계!$AJ$7:$AJ$32,0))&"","")) -> × | Z19: =IF($G19="","",IFERROR(INDEX(배관집계!$AF$7:$AF$32,MATCH($AC19,배관집계!$AJ$7:$AJ$32,0))&"","")) -> ○ | AA19: =IF($G19="","",IFERROR(INDEX(배관집계!$AG$7:$AG$32,MATCH($AC19,배관집계!$AJ$7:$AJ$32,0))&"","")) -> × | AB19: =IF($G19="","",IFERROR(INDEX(배관집계!$AH$7:$AH$32,MATCH($AC19,배관집계!$AJ$7:$AJ$32,0))&"","")) -> C/C | AC19: =IF($G19="","",$B19&"|"&$C19&"|"&$E19&"|"&$U19&"|"&$I19) -> 설치|옥외|5kg/cm2이상|STPG370S|150 | AD19: =IF($G19="","",IF($B19<>"설치","",IF($G19="PIPE","PIPE",IF($G19="VALVE",IF(ISNUMBER(SEARCH("GLOBE",$H19)),"GLOBE",IF(ISNUMBER(SEARCH("GATE",$H19)),"GATE",IF(ISNUMBER(SEARCH("BUTTER",$H19)),"BFLY","VALVE기타"))),IF($G19="FITTING",IF(LEFT($H19,5)="ELBOW",IF($AE19=90,"90EL",IF($AE19=45,"45EL","비규격EL")),IF(LEFT($H19,6)="FLANGE","FLANGE",IF(ISNUMBER(SEARCH("TEE",$H19)),"TEE",""))),""))))) -> 45EL | AE19: =IF(AND($G19="FITTING",LEFT($H19,5)="ELBOW"),IFERROR(VALUE(LEFT(MID($H19,7,12),MIN(IFERROR(FIND("L",MID($H19,7,12)),99),IFERROR(FIND("S",MID($H19,7,12)),99),IFERROR(FIND(" ",MID($H19,7,12)),99))-1)),""),"") -> 45 | AF19: =IF($AD19="비규격EL",N($L19)*RADIANS(N($AE19))*보온기준!$F$15*N($I19)*보온기준!$F$16/1000,0) -> 0 | AG19: =IF($G19="","",IF(OR($AA19<>"○",LEFT($F19,3)="STS",LEFT($F19,3)="SUS",$C19="매설"),"Y","N")) -> Y
A20: 14 | B20: 설치 | C20: 옥외 | D20: WATER | E20: 5kg/cm2이상 | F20: STPT370S | G20: FITTING | H20: ELBOW 90LR SMLS BW | I20: 150 | K20: EA | L20: 3 | M20: =IF($G20<>"PIPE","",IFERROR(1/(1/INDEX(배관단중표!$B$7:$W$41,MATCH($I20,배관단중표!$A$7:$A$41,0),MATCH(IF($J20="SPP","SPP",IF(LEFT($F20,3)="STS",IF(ISNUMBER(SEARCH("316",$F20)),"STS316","STS304"),"SPPS")&"|"&$J20),배관단중표!$B$6:$W$6,0))),"DB확인")) | N20: 9.9 | P20: =IF($G20="","",IFERROR(IF(O20<>"",O20,L20*IF(G20="PIPE",M20,N20)),0)) -> 29.7 | Q20: =IF($G20="","",IF(G20="PIPE","P","F")) -> F | R20: =IF($G20<>"PIPE","",IFERROR(IF(O20<>"",O20/M20,IF(K20="M",L20,"")),"")) | S20: =IF($G20<>"PIPE","",IF(AND($AA20="○",OR($W20<>"○",배관기준!$AG$17="N"),$C20<>"매설",LEFT($F20,3)<>"STS",LEFT($F20,3)<>"SUS"),"Y","N")) | U20: STPG370S | W20: =IF($G20="","",IFERROR(INDEX(배관집계!$AC$7:$AC$32,MATCH($AC20,배관집계!$AJ$7:$AJ$32,0))&"","")) -> ○ | X20: =IF($G20="","",IFERROR(INDEX(배관집계!$AD$7:$AD$32,MATCH($AC20,배관집계!$AJ$7:$AJ$32,0))&"","")) -> ○ | Y20: =IF($G20="","",IFERROR(INDEX(배관집계!$AE$7:$AE$32,MATCH($AC20,배관집계!$AJ$7:$AJ$32,0))&"","")) -> × | Z20: =IF($G20="","",IFERROR(INDEX(배관집계!$AF$7:$AF$32,MATCH($AC20,배관집계!$AJ$7:$AJ$32,0))&"","")) -> ○ | AA20: =IF($G20="","",IFERROR(INDEX(배관집계!$AG$7:$AG$32,MATCH($AC20,배관집계!$AJ$7:$AJ$32,0))&"","")) -> × | AB20: =IF($G20="","",IFERROR(INDEX(배관집계!$AH$7:$AH$32,MATCH($AC20,배관집계!$AJ$7:$AJ$32,0))&"","")) -> C/C | AC20: =IF($G20="","",$B20&"|"&$C20&"|"&$E20&"|"&$U20&"|"&$I20) -> 설치|옥외|5kg/cm2이상|STPG370S|150 | AD20: =IF($G20="","",IF($B20<>"설치","",IF($G20="PIPE","PIPE",IF($G20="VALVE",IF(ISNUMBER(SEARCH("GLOBE",$H20)),"GLOBE",IF(ISNUMBER(SEARCH("GATE",$H20)),"GATE",IF(ISNUMBER(SEARCH("BUTTER",$H20)),"BFLY","VALVE기타"))),IF($G20="FITTING",IF(LEFT($H20,5)="ELBOW",IF($AE20=90,"90EL",IF($AE20=45,"45EL","비규격EL")),IF(LEFT($H20,6)="FLANGE","FLANGE",IF(ISNUMBER(SEARCH("TEE",$H20)),"TEE",""))),""))))) -> 90EL | AE20: =IF(AND($G20="FITTING",LEFT($H20,5)="ELBOW"),IFERROR(VALUE(LEFT(MID($H20,7,12),MIN(IFERROR(FIND("L",MID($H20,7,12)),99),IFERROR(FIND("S",MID($H20,7,12)),99),IFERROR(FIND(" ",MID($H20,7,12)),99))-1)),""),"") -> 90 | AF20: =IF($AD20="비규격EL",N($L20)*RADIANS(N($AE20))*보온기준!$F$15*N($I20)*보온기준!$F$16/1000,0) -> 0 | AG20: =IF($G20="","",IF(OR($AA20<>"○",LEFT($F20,3)="STS",LEFT($F20,3)="SUS",$C20="매설"),"Y","N")) -> Y
A21: 15 | B21: 설치 | C21: 옥외 | D21: WATER | E21: 5kg/cm2이상 | F21: STPT370S | G21: FITTING | H21: ELBOW 90SR SMLS BW | I21: 150 | K21: EA | L21: 5 | M21: =IF($G21<>"PIPE","",IFERROR(1/(1/INDEX(배관단중표!$B$7:$W$41,MATCH($I21,배관단중표!$A$7:$A$41,0),MATCH(IF($J21="SPP","SPP",IF(LEFT($F21,3)="STS",IF(ISNUMBER(SEARCH("316",$F21)),"STS316","STS304"),"SPPS")&"|"&$J21),배관단중표!$B$6:$W$6,0))),"DB확인")) | N21: 9.9 | P21: =IF($G21="","",IFERROR(IF(O21<>"",O21,L21*IF(G21="PIPE",M21,N21)),0)) -> 49.5 | Q21: =IF($G21="","",IF(G21="PIPE","P","F")) -> F | R21: =IF($G21<>"PIPE","",IFERROR(IF(O21<>"",O21/M21,IF(K21="M",L21,"")),"")) | S21: =IF($G21<>"PIPE","",IF(AND($AA21="○",OR($W21<>"○",배관기준!$AG$17="N"),$C21<>"매설",LEFT($F21,3)<>"STS",LEFT($F21,3)<>"SUS"),"Y","N")) | U21: STPG370S | W21: =IF($G21="","",IFERROR(INDEX(배관집계!$AC$7:$AC$32,MATCH($AC21,배관집계!$AJ$7:$AJ$32,0))&"","")) -> ○ | X21: =IF($G21="","",IFERROR(INDEX(배관집계!$AD$7:$AD$32,MATCH($AC21,배관집계!$AJ$7:$AJ$32,0))&"","")) -> ○ | Y21: =IF($G21="","",IFERROR(INDEX(배관집계!$AE$7:$AE$32,MATCH($AC21,배관집계!$AJ$7:$AJ$32,0))&"","")) -> × | Z21: =IF($G21="","",IFERROR(INDEX(배관집계!$AF$7:$AF$32,MATCH($AC21,배관집계!$AJ$7:$AJ$32,0))&"","")) -> ○ | AA21: =IF($G21="","",IFERROR(INDEX(배관집계!$AG$7:$AG$32,MATCH($AC21,배관집계!$AJ$7:$AJ$32,0))&"","")) -> × | AB21: =IF($G21="","",IFERROR(INDEX(배관집계!$AH$7:$AH$32,MATCH($AC21,배관집계!$AJ$7:$AJ$32,0))&"","")) -> C/C | AC21: =IF($G21="","",$B21&"|"&$C21&"|"&$E21&"|"&$U21&"|"&$I21) -> 설치|옥외|5kg/cm2이상|STPG370S|150 | AD21: =IF($G21="","",IF($B21<>"설치","",IF($G21="PIPE","PIPE",IF($G21="VALVE",IF(ISNUMBER(SEARCH("GLOBE",$H21)),"GLOBE",IF(ISNUMBER(SEARCH("GATE",$H21)),"GATE",IF(ISNUMBER(SEARCH("BUTTER",$H21)),"BFLY","VALVE기타"))),IF($G21="FITTING",IF(LEFT($H21,5)="ELBOW",IF($AE21=90,"90EL",IF($AE21=45,"45EL","비규격EL")),IF(LEFT($H21,6)="FLANGE","FLANGE",IF(ISNUMBER(SEARCH("TEE",$H21)),"TEE",""))),""))))) -> 90EL | AE21: =IF(AND($G21="FITTING",LEFT($H21,5)="ELBOW"),IFERROR(VALUE(LEFT(MID($H21,7,12),MIN(IFERROR(FIND("L",MID($H21,7,12)),99),IFERROR(FIND("S",MID($H21,7,12)),99),IFERROR(FIND(" ",MID($H21,7,12)),99))-1)),""),"") -> 90 | AF21: =IF($AD21="비규격EL",N($L21)*RADIANS(N($AE21))*보온기준!$F$15*N($I21)*보온기준!$F$16/1000,0) -> 0 | AG21: =IF($G21="","",IF(OR($AA21<>"○",LEFT($F21,3)="STS",LEFT($F21,3)="SUS",$C21="매설"),"Y","N")) -> Y
A22: 16 | B22: 설치 | C22: 옥외 | D22: WATER | E22: 5kg/cm2이상 | F22: STPT370S | G22: FITTING | H22: ELBOW 17.6LR SMLS BW | I22: 200 | K22: EA | L22: 2 | M22: =IF($G22<>"PIPE","",IFERROR(1/(1/INDEX(배관단중표!$B$7:$W$41,MATCH($I22,배관단중표!$A$7:$A$41,0),MATCH(IF($J22="SPP","SPP",IF(LEFT($F22,3)="STS",IF(ISNUMBER(SEARCH("316",$F22)),"STS316","STS304"),"SPPS")&"|"&$J22),배관단중표!$B$6:$W$6,0))),"DB확인")) | N22: 10.1 | P22: =IF($G22="","",IFERROR(IF(O22<>"",O22,L22*IF(G22="PIPE",M22,N22)),0)) -> 20.2 | Q22: =IF($G22="","",IF(G22="PIPE","P","F")) -> F | R22: =IF($G22<>"PIPE","",IFERROR(IF(O22<>"",O22/M22,IF(K22="M",L22,"")),"")) | S22: =IF($G22<>"PIPE","",IF(AND($AA22="○",OR($W22<>"○",배관기준!$AG$17="N"),$C22<>"매설",LEFT($F22,3)<>"STS",LEFT($F22,3)<>"SUS"),"Y","N")) | U22: STPG370S | W22: =IF($G22="","",IFERROR(INDEX(배관집계!$AC$7:$AC$32,MATCH($AC22,배관집계!$AJ$7:$AJ$32,0))&"","")) -> ○ | X22: =IF($G22="","",IFERROR(INDEX(배관집계!$AD$7:$AD$32,MATCH($AC22,배관집계!$AJ$7:$AJ$32,0))&"","")) -> ○ | Y22: =IF($G22="","",IFERROR(INDEX(배관집계!$AE$7:$AE$32,MATCH($AC22,배관집계!$AJ$7:$AJ$32,0))&"","")) -> × | Z22: =IF($G22="","",IFERROR(INDEX(배관집계!$AF$7:$AF$32,MATCH($AC22,배관집계!$AJ$7:$AJ$32,0))&"","")) -> ○ | AA22: =IF($G22="","",IFERROR(INDEX(배관집계!$AG$7:$AG$32,MATCH($AC22,배관집계!$AJ$7:$AJ$32,0))&"","")) -> × | AB22: =IF($G22="","",IFERROR(INDEX(배관집계!$AH$7:$AH$32,MATCH($AC22,배관집계!$AJ$7:$AJ$32,0))&"","")) -> C/C | AC22: =IF($G22="","",$B22&"|"&$C22&"|"&$E22&"|"&$U22&"|"&$I22) -> 설치|옥외|5kg/cm2이상|STPG370S|200 | AD22: =IF($G22="","",IF($B22<>"설치","",IF($G22="PIPE","PIPE",IF($G22="VALVE",IF(ISNUMBER(SEARCH("GLOBE",$H22)),"GLOBE",IF(ISNUMBER(SEARCH("GATE",$H22)),"GATE",IF(ISNUMBER(SEARCH("BUTTER",$H22)),"BFLY","VALVE기타"))),IF($G22="FITTING",IF(LEFT($H22,5)="ELBOW",IF($AE22=90,"90EL",IF($AE22=45,"45EL","비규격EL")),IF(LEFT($H22,6)="FLANGE","FLANGE",IF(ISNUMBER(SEARCH("TEE",$H22)),"TEE",""))),""))))) -> 비규격EL | AE22: =IF(AND($G22="FITTING",LEFT($H22,5)="ELBOW"),IFERROR(VALUE(LEFT(MID($H22,7,12),MIN(IFERROR(FIND("L",MID($H22,7,12)),99),IFERROR(FIND("S",MID($H22,7,12)),99),IFERROR(FIND(" ",MID($H22,7,12)),99))-1)),""),"") -> 17.6 | AF22: =IF($AD22="비규격EL",N($L22)*RADIANS(N($AE22))*보온기준!$F$15*N($I22)*보온기준!$F$16/1000,0) -> 0.22116812 | AG22: =IF($G22="","",IF(OR($AA22<>"○",LEFT($F22,3)="STS",LEFT($F22,3)="SUS",$C22="매설"),"Y","N")) -> Y
A23: 17 | B23: 설치 | C23: 옥외 | D23: WATER | E23: 5kg/cm2이상 | F23: STPT370S | G23: FITTING | H23: ELBOW 40LR SMLS BW | I23: 200 | K23: EA | L23: 2 | M23: =IF($G23<>"PIPE","",IFERROR(1/(1/INDEX(배관단중표!$B$7:$W$41,MATCH($I23,배관단중표!$A$7:$A$41,0),MATCH(IF($J23="SPP","SPP",IF(LEFT($F23,3)="STS",IF(ISNUMBER(SEARCH("316",$F23)),"STS316","STS304"),"SPPS")&"|"&$J23),배관단중표!$B$6:$W$6,0))),"DB확인")) | N23: 10.1 | P23: =IF($G23="","",IFERROR(IF(O23<>"",O23,L23*IF(G23="PIPE",M23,N23)),0)) -> 20.2 | Q23: =IF($G23="","",IF(G23="PIPE","P","F")) -> F | R23: =IF($G23<>"PIPE","",IFERROR(IF(O23<>"",O23/M23,IF(K23="M",L23,"")),"")) | S23: =IF($G23<>"PIPE","",IF(AND($AA23="○",OR($W23<>"○",배관기준!$AG$17="N"),$C23<>"매설",LEFT($F23,3)<>"STS",LEFT($F23,3)<>"SUS"),"Y","N")) | U23: STPG370S | W23: =IF($G23="","",IFERROR(INDEX(배관집계!$AC$7:$AC$32,MATCH($AC23,배관집계!$AJ$7:$AJ$32,0))&"","")) -> ○ | X23: =IF($G23="","",IFERROR(INDEX(배관집계!$AD$7:$AD$32,MATCH($AC23,배관집계!$AJ$7:$AJ$32,0))&"","")) -> ○ | Y23: =IF($G23="","",IFERROR(INDEX(배관집계!$AE$7:$AE$32,MATCH($AC23,배관집계!$AJ$7:$AJ$32,0))&"","")) -> × | Z23: =IF($G23="","",IFERROR(INDEX(배관집계!$AF$7:$AF$32,MATCH($AC23,배관집계!$AJ$7:$AJ$32,0))&"","")) -> ○ | AA23: =IF($G23="","",IFERROR(INDEX(배관집계!$AG$7:$AG$32,MATCH($AC23,배관집계!$AJ$7:$AJ$32,0))&"","")) -> × | AB23: =IF($G23="","",IFERROR(INDEX(배관집계!$AH$7:$AH$32,MATCH($AC23,배관집계!$AJ$7:$AJ$32,0))&"","")) -> C/C | AC23: =IF($G23="","",$B23&"|"&$C23&"|"&$E23&"|"&$U23&"|"&$I23) -> 설치|옥외|5kg/cm2이상|STPG370S|200 | AD23: =IF($G23="","",IF($B23<>"설치","",IF($G23="PIPE","PIPE",IF($G23="VALVE",IF(ISNUMBER(SEARCH("GLOBE",$H23)),"GLOBE",IF(ISNUMBER(SEARCH("GATE",$H23)),"GATE",IF(ISNUMBER(SEARCH("BUTTER",$H23)),"BFLY","VALVE기타"))),IF($G23="FITTING",IF(LEFT($H23,5)="ELBOW",IF($AE23=90,"90EL",IF($AE23=45,"45EL","비규격EL")),IF(LEFT($H23,6)="FLANGE","FLANGE",IF(ISNUMBER(SEARCH("TEE",$H23)),"TEE",""))),""))))) -> 비규격EL | AE23: =IF(AND($G23="FITTING",LEFT($H23,5)="ELBOW"),IFERROR(VALUE(LEFT(MID($H23,7,12),MIN(IFERROR(FIND("L",MID($H23,7,12)),99),IFERROR(FIND("S",MID($H23,7,12)),99),IFERROR(FIND(" ",MID($H23,7,12)),99))-1)),""),"") -> 40 | AF23: =IF($AD23="비규격EL",N($L23)*RADIANS(N($AE23))*보온기준!$F$15*N($I23)*보온기준!$F$16/1000,0) -> 0.50265482 | AG23: =IF($G23="","",IF(OR($AA23<>"○",LEFT($F23,3)="STS",LEFT($F23,3)="SUS",$C23="매설"),"Y","N")) -> Y
A24: 18 | B24: 설치 | C24: 옥외 | D24: WATER | E24: 5kg/cm2이상 | F24: STPT370S | G24: FITTING | H24: ELBOW 90LR SMLS BW | I24: 200 | K24: EA | L24: 2 | M24: =IF($G24<>"PIPE","",IFERROR(1/(1/INDEX(배관단중표!$B$7:$W$41,MATCH($I24,배관단중표!$A$7:$A$41,0),MATCH(IF($J24="SPP","SPP",IF(LEFT($F24,3)="STS",IF(ISNUMBER(SEARCH("316",$F24)),"STS316","STS304"),"SPPS")&"|"&$J24),배관단중표!$B$6:$W$6,0))),"DB확인")) | N24: 20.2 | P24: =IF($G24="","",IFERROR(IF(O24<>"",O24,L24*IF(G24="PIPE",M24,N24)),0)) -> 40.4 | Q24: =IF($G24="","",IF(G24="PIPE","P","F")) -> F | R24: =IF($G24<>"PIPE","",IFERROR(IF(O24<>"",O24/M24,IF(K24="M",L24,"")),"")) | S24: =IF($G24<>"PIPE","",IF(AND($AA24="○",OR($W24<>"○",배관기준!$AG$17="N"),$C24<>"매설",LEFT($F24,3)<>"STS",LEFT($F24,3)<>"SUS"),"Y","N")) | U24: STPG370S | W24: =IF($G24="","",IFERROR(INDEX(배관집계!$AC$7:$AC$32,MATCH($AC24,배관집계!$AJ$7:$AJ$32,0))&"","")) -> ○ | X24: =IF($G24="","",IFERROR(INDEX(배관집계!$AD$7:$AD$32,MATCH($AC24,배관집계!$AJ$7:$AJ$32,0))&"","")) -> ○ | Y24: =IF($G24="","",IFERROR(INDEX(배관집계!$AE$7:$AE$32,MATCH($AC24,배관집계!$AJ$7:$AJ$32,0))&"","")) -> × | Z24: =IF($G24="","",IFERROR(INDEX(배관집계!$AF$7:$AF$32,MATCH($AC24,배관집계!$AJ$7:$AJ$32,0))&"","")) -> ○ | AA24: =IF($G24="","",IFERROR(INDEX(배관집계!$AG$7:$AG$32,MATCH($AC24,배관집계!$AJ$7:$AJ$32,0))&"","")) -> × | AB24: =IF($G24="","",IFERROR(INDEX(배관집계!$AH$7:$AH$32,MATCH($AC24,배관집계!$AJ$7:$AJ$32,0))&"","")) -> C/C | AC24: =IF($G24="","",$B24&"|"&$C24&"|"&$E24&"|"&$U24&"|"&$I24) -> 설치|옥외|5kg/cm2이상|STPG370S|200 | AD24: =IF($G24="","",IF($B24<>"설치","",IF($G24="PIPE","PIPE",IF($G24="VALVE",IF(ISNUMBER(SEARCH("GLOBE",$H24)),"GLOBE",IF(ISNUMBER(SEARCH("GATE",$H24)),"GATE",IF(ISNUMBER(SEARCH("BUTTER",$H24)),"BFLY","VALVE기타"))),IF($G24="FITTING",IF(LEFT($H24,5)="ELBOW",IF($AE24=90,"90EL",IF($AE24=45,"45EL","비규격EL")),IF(LEFT($H24,6)="FLANGE","FLANGE",IF(ISNUMBER(SEARCH("TEE",$H24)),"TEE",""))),""))))) -> 90EL | AE24: =IF(AND($G24="FITTING",LEFT($H24,5)="ELBOW"),IFERROR(VALUE(LEFT(MID($H24,7,12),MIN(IFERROR(FIND("L",MID($H24,7,12)),99),IFERROR(FIND("S",MID($H24,7,12)),99),IFERROR(FIND(" ",MID($H24,7,12)),99))-1)),""),"") -> 90 | AF24: =IF($AD24="비규격EL",N($L24)*RADIANS(N($AE24))*보온기준!$F$15*N($I24)*보온기준!$F$16/1000,0) -> 0 | AG24: =IF($G24="","",IF(OR($AA24<>"○",LEFT($F24,3)="STS",LEFT($F24,3)="SUS",$C24="매설"),"Y","N")) -> Y
A25: 19 | B25: 설치 | C25: 옥외 | D25: WATER | E25: 5kg/cm2이상 | F25: STPT370S | G25: FITTING | H25: ELBOW 45LR SMLS BW | I25: 250 | K25: EA | L25: 2 | M25: =IF($G25<>"PIPE","",IFERROR(1/(1/INDEX(배관단중표!$B$7:$W$41,MATCH($I25,배관단중표!$A$7:$A$41,0),MATCH(IF($J25="SPP","SPP",IF(LEFT($F25,3)="STS",IF(ISNUMBER(SEARCH("316",$F25)),"STS316","STS304"),"SPPS")&"|"&$J25),배관단중표!$B$6:$W$6,0))),"DB확인")) | N25: 17.7 | P25: =IF($G25="","",IFERROR(IF(O25<>"",O25,L25*IF(G25="PIPE",M25,N25)),0)) -> 35.4 | Q25: =IF($G25="","",IF(G25="PIPE","P","F")) -> F | R25: =IF($G25<>"PIPE","",IFERROR(IF(O25<>"",O25/M25,IF(K25="M",L25,"")),"")) | S25: =IF($G25<>"PIPE","",IF(AND($AA25="○",OR($W25<>"○",배관기준!$AG$17="N"),$C25<>"매설",LEFT($F25,3)<>"STS",LEFT($F25,3)<>"SUS"),"Y","N")) | U25: STPG370S | W25: =IF($G25="","",IFERROR(INDEX(배관집계!$AC$7:$AC$32,MATCH($AC25,배관집계!$AJ$7:$AJ$32,0))&"","")) -> ○ | X25: =IF($G25="","",IFERROR(INDEX(배관집계!$AD$7:$AD$32,MATCH($AC25,배관집계!$AJ$7:$AJ$32,0))&"","")) -> ○ | Y25: =IF($G25="","",IFERROR(INDEX(배관집계!$AE$7:$AE$32,MATCH($AC25,배관집계!$AJ$7:$AJ$32,0))&"","")) -> × | Z25: =IF($G25="","",IFERROR(INDEX(배관집계!$AF$7:$AF$32,MATCH($AC25,배관집계!$AJ$7:$AJ$32,0))&"","")) -> ○ | AA25: =IF($G25="","",IFERROR(INDEX(배관집계!$AG$7:$AG$32,MATCH($AC25,배관집계!$AJ$7:$AJ$32,0))&"","")) -> × | AB25: =IF($G25="","",IFERROR(INDEX(배관집계!$AH$7:$AH$32,MATCH($AC25,배관집계!$AJ$7:$AJ$32,0))&"","")) -> C/C | AC25: =IF($G25="","",$B25&"|"&$C25&"|"&$E25&"|"&$U25&"|"&$I25) -> 설치|옥외|5kg/cm2이상|STPG370S|250 | AD25: =IF($G25="","",IF($B25<>"설치","",IF($G25="PIPE","PIPE",IF($G25="VALVE",IF(ISNUMBER(SEARCH("GLOBE",$H25)),"GLOBE",IF(ISNUMBER(SEARCH("GATE",$H25)),"GATE",IF(ISNUMBER(SEARCH("BUTTER",$H25)),"BFLY","VALVE기타"))),IF($G25="FITTING",IF(LEFT($H25,5)="ELBOW",IF($AE25=90,"90EL",IF($AE25=45,"45EL","비규격EL")),IF(LEFT($H25,6)="FLANGE","FLANGE",IF(ISNUMBER(SEARCH("TEE",$H25)),"TEE",""))),""))))) -> 45EL | AE25: =IF(AND($G25="FITTING",LEFT($H25,5)="ELBOW"),IFERROR(VALUE(LEFT(MID($H25,7,12),MIN(IFERROR(FIND("L",MID($H25,7,12)),99),IFERROR(FIND("S",MID($H25,7,12)),99),IFERROR(FIND(" ",MID($H25,7,12)),99))-1)),""),"") -> 45 | AF25: =IF($AD25="비규격EL",N($L25)*RADIANS(N($AE25))*보온기준!$F$15*N($I25)*보온기준!$F$16/1000,0) -> 0 | AG25: =IF($G25="","",IF(OR($AA25<>"○",LEFT($F25,3)="STS",LEFT($F25,3)="SUS",$C25="매설"),"Y","N")) -> Y
... A55: 49 | B55: 설치 | C55: 옥외 | D55: WATER | E55: 5kg/cm2이상 | F55: STPT370S | G55: FITTING | H55: C.RED 300Ax200A | I55: 300 | K55: EA | L55: 1 | M55: =IF($G55<>"PIPE","",IFERROR(1/(1/INDEX(배관단중표!$B$7:$W$41,MATCH($I55,배관단중표!$A$7:$A$41,0),MATCH(IF($J55="SPP","SPP",IF(LEFT($F55,3)="STS",IF(ISNUMBER(SEARCH("316",$F55)),"STS316","STS304"),"SPPS")&"|"&$J55),배관단중표!$B$6:$W$6,0))),"DB확인")) | N55: 12 | P55: =IF($G55="","",IFERROR(IF(O55<>"",O55,L55*IF(G55="PIPE",M55,N55)),0)) -> 12 | Q55: =IF($G55="","",IF(G55="PIPE","P","F")) -> F | R55: =IF($G55<>"PIPE","",IFERROR(IF(O55<>"",O55/M55,IF(K55="M",L55,"")),"")) | S55: =IF($G55<>"PIPE","",IF(AND($AA55="○",OR($W55<>"○",배관기준!$AG$17="N"),$C55<>"매설",LEFT($F55,3)<>"STS",LEFT($F55,3)<>"SUS"),"Y","N")) | U55: STPG370S | W55: =IF($G55="","",IFERROR(INDEX(배관집계!$AC$7:$AC$32,MATCH($AC55,배관집계!$AJ$7:$AJ$32,0))&"","")) -> × | X55: =IF($G55="","",IFERROR(INDEX(배관집계!$AD$7:$AD$32,MATCH($AC55,배관집계!$AJ$7:$AJ$32,0))&"","")) -> ○ | Y55: =IF($G55="","",IFERROR(INDEX(배관집계!$AE$7:$AE$32,MATCH($AC55,배관집계!$AJ$7:$AJ$32,0))&"","")) -> × | Z55: =IF($G55="","",IFERROR(INDEX(배관집계!$AF$7:$AF$32,MATCH($AC55,배관집계!$AJ$7:$AJ$32,0))&"","")) -> ○ | AA55: =IF($G55="","",IFERROR(INDEX(배관집계!$AG$7:$AG$32,MATCH($AC55,배관집계!$AJ$7:$AJ$32,0))&"","")) -> ○ | AB55: =IF($G55="","",IFERROR(INDEX(배관집계!$AH$7:$AH$32,MATCH($AC55,배관집계!$AJ$7:$AJ$32,0))&"","")) -> C/C | AC55: =IF($G55="","",$B55&"|"&$C55&"|"&$E55&"|"&$U55&"|"&$I55) -> 설치|옥외|5kg/cm2이상|STPG370S|300 | AD55: =IF($G55="","",IF($B55<>"설치","",IF($G55="PIPE","PIPE",IF($G55="VALVE",IF(ISNUMBER(SEARCH("GLOBE",$H55)),"GLOBE",IF(ISNUMBER(SEARCH("GATE",$H55)),"GATE",IF(ISNUMBER(SEARCH("BUTTER",$H55)),"BFLY","VALVE기타"))),IF($G55="FITTING",IF(LEFT($H55,5)="ELBOW",IF($AE55=90,"90EL",IF($AE55=45,"45EL","비규격EL")),IF(LEFT($H55,6)="FLANGE","FLANGE",IF(ISNUMBER(SEARCH("TEE",$H55)),"TEE",""))),""))))) | AE55: =IF(AND($G55="FITTING",LEFT($H55,5)="ELBOW"),IFERROR(VALUE(LEFT(MID($H55,7,12),MIN(IFERROR(FIND("L",MID($H55,7,12)),99),IFERROR(FIND("S",MID($H55,7,12)),99),IFERROR(FIND(" ",MID($H55,7,12)),99))-1)),""),"") | AF55: =IF($AD55="비규격EL",N($L55)*RADIANS(N($AE55))*보온기준!$F$15*N($I55)*보온기준!$F$16/1000,0) -> 0 | AG55: =IF($G55="","",IF(OR($AA55<>"○",LEFT($F55,3)="STS",LEFT($F55,3)="SUS",$C55="매설"),"Y","N")) -> N
A56: 50 | B56: 설치 | C56: 옥외 | D56: WATER | E56: 5kg/cm2이상 | F56: SUS304 | G56: FITTING | H56: F.HOSE 1500L | I56: 150 | K56: EA | L56: 1 | M56: =IF($G56<>"PIPE","",IFERROR(1/(1/INDEX(배관단중표!$B$7:$W$41,MATCH($I56,배관단중표!$A$7:$A$41,0),MATCH(IF($J56="SPP","SPP",IF(LEFT($F56,3)="STS",IF(ISNUMBER(SEARCH("316",$F56)),"STS316","STS304"),"SPPS")&"|"&$J56),배관단중표!$B$6:$W$6,0))),"DB확인")) | P56: =IF($G56="","",IFERROR(IF(O56<>"",O56,L56*IF(G56="PIPE",M56,N56)),0)) -> 0 | Q56: =IF($G56="","",IF(G56="PIPE","P","F")) -> F | R56: =IF($G56<>"PIPE","",IFERROR(IF(O56<>"",O56/M56,IF(K56="M",L56,"")),"")) | S56: =IF($G56<>"PIPE","",IF(AND($AA56="○",OR($W56<>"○",배관기준!$AG$17="N"),$C56<>"매설",LEFT($F56,3)<>"STS",LEFT($F56,3)<>"SUS"),"Y","N")) | U56: STPG370S | W56: =IF($G56="","",IFERROR(INDEX(배관집계!$AC$7:$AC$32,MATCH($AC56,배관집계!$AJ$7:$AJ$32,0))&"","")) -> ○ | X56: =IF($G56="","",IFERROR(INDEX(배관집계!$AD$7:$AD$32,MATCH($AC56,배관집계!$AJ$7:$AJ$32,0))&"","")) -> ○ | Y56: =IF($G56="","",IFERROR(INDEX(배관집계!$AE$7:$AE$32,MATCH($AC56,배관집계!$AJ$7:$AJ$32,0))&"","")) -> × | Z56: =IF($G56="","",IFERROR(INDEX(배관집계!$AF$7:$AF$32,MATCH($AC56,배관집계!$AJ$7:$AJ$32,0))&"","")) -> ○ | AA56: =IF($G56="","",IFERROR(INDEX(배관집계!$AG$7:$AG$32,MATCH($AC56,배관집계!$AJ$7:$AJ$32,0))&"","")) -> × | AB56: =IF($G56="","",IFERROR(INDEX(배관집계!$AH$7:$AH$32,MATCH($AC56,배관집계!$AJ$7:$AJ$32,0))&"","")) -> C/C | AC56: =IF($G56="","",$B56&"|"&$C56&"|"&$E56&"|"&$U56&"|"&$I56) -> 설치|옥외|5kg/cm2이상|STPG370S|150 | AD56: =IF($G56="","",IF($B56<>"설치","",IF($G56="PIPE","PIPE",IF($G56="VALVE",IF(ISNUMBER(SEARCH("GLOBE",$H56)),"GLOBE",IF(ISNUMBER(SEARCH("GATE",$H56)),"GATE",IF(ISNUMBER(SEARCH("BUTTER",$H56)),"BFLY","VALVE기타"))),IF($G56="FITTING",IF(LEFT($H56,5)="ELBOW",IF($AE56=90,"90EL",IF($AE56=45,"45EL","비규격EL")),IF(LEFT($H56,6)="FLANGE","FLANGE",IF(ISNUMBER(SEARCH("TEE",$H56)),"TEE",""))),""))))) | AE56: =IF(AND($G56="FITTING",LEFT($H56,5)="ELBOW"),IFERROR(VALUE(LEFT(MID($H56,7,12),MIN(IFERROR(FIND("L",MID($H56,7,12)),99),IFERROR(FIND("S",MID($H56,7,12)),99),IFERROR(FIND(" ",MID($H56,7,12)),99))-1)),""),"") | AF56: =IF($AD56="비규격EL",N($L56)*RADIANS(N($AE56))*보온기준!$F$15*N($I56)*보온기준!$F$16/1000,0) -> 0 | AG56: =IF($G56="","",IF(OR($AA56<>"○",LEFT($F56,3)="STS",LEFT($F56,3)="SUS",$C56="매설"),"Y","N")) -> Y
A57: 51 | B57: 설치 | C57: 옥외 | D57: WATER | E57: 5kg/cm2이상 | F57: SUS304 | G57: FITTING | H57: F.HOSE 1500L | I57: 80 | K57: EA | L57: 1 | M57: =IF($G57<>"PIPE","",IFERROR(1/(1/INDEX(배관단중표!$B$7:$W$41,MATCH($I57,배관단중표!$A$7:$A$41,0),MATCH(IF($J57="SPP","SPP",IF(LEFT($F57,3)="STS",IF(ISNUMBER(SEARCH("316",$F57)),"STS316","STS304"),"SPPS")&"|"&$J57),배관단중표!$B$6:$W$6,0))),"DB확인")) | P57: =IF($G57="","",IFERROR(IF(O57<>"",O57,L57*IF(G57="PIPE",M57,N57)),0)) -> 0 | Q57: =IF($G57="","",IF(G57="PIPE","P","F")) -> F | R57: =IF($G57<>"PIPE","",IFERROR(IF(O57<>"",O57/M57,IF(K57="M",L57,"")),"")) | S57: =IF($G57<>"PIPE","",IF(AND($AA57="○",OR($W57<>"○",배관기준!$AG$17="N"),$C57<>"매설",LEFT($F57,3)<>"STS",LEFT($F57,3)<>"SUS"),"Y","N")) | U57: STPG370S | W57: =IF($G57="","",IFERROR(INDEX(배관집계!$AC$7:$AC$32,MATCH($AC57,배관집계!$AJ$7:$AJ$32,0))&"","")) -> ○ | X57: =IF($G57="","",IFERROR(INDEX(배관집계!$AD$7:$AD$32,MATCH($AC57,배관집계!$AJ$7:$AJ$32,0))&"","")) -> ○ | Y57: =IF($G57="","",IFERROR(INDEX(배관집계!$AE$7:$AE$32,MATCH($AC57,배관집계!$AJ$7:$AJ$32,0))&"","")) -> × | Z57: =IF($G57="","",IFERROR(INDEX(배관집계!$AF$7:$AF$32,MATCH($AC57,배관집계!$AJ$7:$AJ$32,0))&"","")) -> ○ | AA57: =IF($G57="","",IFERROR(INDEX(배관집계!$AG$7:$AG$32,MATCH($AC57,배관집계!$AJ$7:$AJ$32,0))&"","")) -> × | AB57: =IF($G57="","",IFERROR(INDEX(배관집계!$AH$7:$AH$32,MATCH($AC57,배관집계!$AJ$7:$AJ$32,0))&"","")) -> C/C | AC57: =IF($G57="","",$B57&"|"&$C57&"|"&$E57&"|"&$U57&"|"&$I57) -> 설치|옥외|5kg/cm2이상|STPG370S|80 | AD57: =IF($G57="","",IF($B57<>"설치","",IF($G57="PIPE","PIPE",IF($G57="VALVE",IF(ISNUMBER(SEARCH("GLOBE",$H57)),"GLOBE",IF(ISNUMBER(SEARCH("GATE",$H57)),"GATE",IF(ISNUMBER(SEARCH("BUTTER",$H57)),"BFLY","VALVE기타"))),IF($G57="FITTING",IF(LEFT($H57,5)="ELBOW",IF($AE57=90,"90EL",IF($AE57=45,"45EL","비규격EL")),IF(LEFT($H57,6)="FLANGE","FLANGE",IF(ISNUMBER(SEARCH("TEE",$H57)),"TEE",""))),""))))) | AE57: =IF(AND($G57="FITTING",LEFT($H57,5)="ELBOW"),IFERROR(VALUE(LEFT(MID($H57,7,12),MIN(IFERROR(FIND("L",MID($H57,7,12)),99),IFERROR(FIND("S",MID($H57,7,12)),99),IFERROR(FIND(" ",MID($H57,7,12)),99))-1)),""),"") | AF57: =IF($AD57="비규격EL",N($L57)*RADIANS(N($AE57))*보온기준!$F$15*N($I57)*보온기준!$F$16/1000,0) -> 0 | AG57: =IF($G57="","",IF(OR($AA57<>"○",LEFT($F57,3)="STS",LEFT($F57,3)="SUS",$C57="매설"),"Y","N")) -> Y
A58: 52 | B58: 설치 | C58: 옥외 | D58: WATER | E58: 5kg/cm2이상 | F58: SUS304 | G58: FITTING | H58: F.HOSE 1500L | I58: 50 | K58: EA | L58: 1 | M58: =IF($G58<>"PIPE","",IFERROR(1/(1/INDEX(배관단중표!$B$7:$W$41,MATCH($I58,배관단중표!$A$7:$A$41,0),MATCH(IF($J58="SPP","SPP",IF(LEFT($F58,3)="STS",IF(ISNUMBER(SEARCH("316",$F58)),"STS316","STS304"),"SPPS")&"|"&$J58),배관단중표!$B$6:$W$6,0))),"DB확인")) | P58: =IF($G58="","",IFERROR(IF(O58<>"",O58,L58*IF(G58="PIPE",M58,N58)),0)) -> 0 | Q58: =IF($G58="","",IF(G58="PIPE","P","F")) -> F | R58: =IF($G58<>"PIPE","",IFERROR(IF(O58<>"",O58/M58,IF(K58="M",L58,"")),"")) | S58: =IF($G58<>"PIPE","",IF(AND($AA58="○",OR($W58<>"○",배관기준!$AG$17="N"),$C58<>"매설",LEFT($F58,3)<>"STS",LEFT($F58,3)<>"SUS"),"Y","N")) | U58: STPG370S | W58: =IF($G58="","",IFERROR(INDEX(배관집계!$AC$7:$AC$32,MATCH($AC58,배관집계!$AJ$7:$AJ$32,0))&"","")) -> ○ | X58: =IF($G58="","",IFERROR(INDEX(배관집계!$AD$7:$AD$32,MATCH($AC58,배관집계!$AJ$7:$AJ$32,0))&"","")) -> ○ | Y58: =IF($G58="","",IFERROR(INDEX(배관집계!$AE$7:$AE$32,MATCH($AC58,배관집계!$AJ$7:$AJ$32,0))&"","")) -> × | Z58: =IF($G58="","",IFERROR(INDEX(배관집계!$AF$7:$AF$32,MATCH($AC58,배관집계!$AJ$7:$AJ$32,0))&"","")) -> ○ | AA58: =IF($G58="","",IFERROR(INDEX(배관집계!$AG$7:$AG$32,MATCH($AC58,배관집계!$AJ$7:$AJ$32,0))&"","")) -> × | AB58: =IF($G58="","",IFERROR(INDEX(배관집계!$AH$7:$AH$32,MATCH($AC58,배관집계!$AJ$7:$AJ$32,0))&"","")) -> C/C | AC58: =IF($G58="","",$B58&"|"&$C58&"|"&$E58&"|"&$U58&"|"&$I58) -> 설치|옥외|5kg/cm2이상|STPG370S|50 | AD58: =IF($G58="","",IF($B58<>"설치","",IF($G58="PIPE","PIPE",IF($G58="VALVE",IF(ISNUMBER(SEARCH("GLOBE",$H58)),"GLOBE",IF(ISNUMBER(SEARCH("GATE",$H58)),"GATE",IF(ISNUMBER(SEARCH("BUTTER",$H58)),"BFLY","VALVE기타"))),IF($G58="FITTING",IF(LEFT($H58,5)="ELBOW",IF($AE58=90,"90EL",IF($AE58=45,"45EL","비규격EL")),IF(LEFT($H58,6)="FLANGE","FLANGE",IF(ISNUMBER(SEARCH("TEE",$H58)),"TEE",""))),""))))) | AE58: =IF(AND($G58="FITTING",LEFT($H58,5)="ELBOW"),IFERROR(VALUE(LEFT(MID($H58,7,12),MIN(IFERROR(FIND("L",MID($H58,7,12)),99),IFERROR(FIND("S",MID($H58,7,12)),99),IFERROR(FIND(" ",MID($H58,7,12)),99))-1)),""),"") | AF58: =IF($AD58="비규격EL",N($L58)*RADIANS(N($AE58))*보온기준!$F$15*N($I58)*보온기준!$F$16/1000,0) -> 0 | AG58: =IF($G58="","",IF(OR($AA58<>"○",LEFT($F58,3)="STS",LEFT($F58,3)="SUS",$C58="매설"),"Y","N")) -> Y
A59: 53 | B59: 설치 | C59: 옥외 | D59: WATER | E59: 5kg/cm2이상 | F59: STPT370S | G59: FITTING | H59: R.TEE 300Ax200A | I59: 300 | K59: EA | L59: 1 | M59: =IF($G59<>"PIPE","",IFERROR(1/(1/INDEX(배관단중표!$B$7:$W$41,MATCH($I59,배관단중표!$A$7:$A$41,0),MATCH(IF($J59="SPP","SPP",IF(LEFT($F59,3)="STS",IF(ISNUMBER(SEARCH("316",$F59)),"STS316","STS304"),"SPPS")&"|"&$J59),배관단중표!$B$6:$W$6,0))),"DB확인")) | N59: 2.1 | P59: =IF($G59="","",IFERROR(IF(O59<>"",O59,L59*IF(G59="PIPE",M59,N59)),0)) -> 2.1 | Q59: =IF($G59="","",IF(G59="PIPE","P","F")) -> F | R59: =IF($G59<>"PIPE","",IFERROR(IF(O59<>"",O59/M59,IF(K59="M",L59,"")),"")) | S59: =IF($G59<>"PIPE","",IF(AND($AA59="○",OR($W59<>"○",배관기준!$AG$17="N"),$C59<>"매설",LEFT($F59,3)<>"STS",LEFT($F59,3)<>"SUS"),"Y","N")) | U59: STPG370S | W59: =IF($G59="","",IFERROR(INDEX(배관집계!$AC$7:$AC$32,MATCH($AC59,배관집계!$AJ$7:$AJ$32,0))&"","")) -> × | X59: =IF($G59="","",IFERROR(INDEX(배관집계!$AD$7:$AD$32,MATCH($AC59,배관집계!$AJ$7:$AJ$32,0))&"","")) -> ○ | Y59: =IF($G59="","",IFERROR(INDEX(배관집계!$AE$7:$AE$32,MATCH($AC59,배관집계!$AJ$7:$AJ$32,0))&"","")) -> × | Z59: =IF($G59="","",IFERROR(INDEX(배관집계!$AF$7:$AF$32,MATCH($AC59,배관집계!$AJ$7:$AJ$32,0))&"","")) -> ○ | AA59: =IF($G59="","",IFERROR(INDEX(배관집계!$AG$7:$AG$32,MATCH($AC59,배관집계!$AJ$7:$AJ$32,0))&"","")) -> ○ | AB59: =IF($G59="","",IFERROR(INDEX(배관집계!$AH$7:$AH$32,MATCH($AC59,배관집계!$AJ$7:$AJ$32,0))&"","")) -> C/C | AC59: =IF($G59="","",$B59&"|"&$C59&"|"&$E59&"|"&$U59&"|"&$I59) -> 설치|옥외|5kg/cm2이상|STPG370S|300 | AD59: =IF($G59="","",IF($B59<>"설치","",IF($G59="PIPE","PIPE",IF($G59="VALVE",IF(ISNUMBER(SEARCH("GLOBE",$H59)),"GLOBE",IF(ISNUMBER(SEARCH("GATE",$H59)),"GATE",IF(ISNUMBER(SEARCH("BUTTER",$H59)),"BFLY","VALVE기타"))),IF($G59="FITTING",IF(LEFT($H59,5)="ELBOW",IF($AE59=90,"90EL",IF($AE59=45,"45EL","비규격EL")),IF(LEFT($H59,6)="FLANGE","FLANGE",IF(ISNUMBER(SEARCH("TEE",$H59)),"TEE",""))),""))))) -> TEE | AE59: =IF(AND($G59="FITTING",LEFT($H59,5)="ELBOW"),IFERROR(VALUE(LEFT(MID($H59,7,12),MIN(IFERROR(FIND("L",MID($H59,7,12)),99),IFERROR(FIND("S",MID($H59,7,12)),99),IFERROR(FIND(" ",MID($H59,7,12)),99))-1)),""),"") | AF59: =IF($AD59="비규격EL",N($L59)*RADIANS(N($AE59))*보온기준!$F$15*N($I59)*보온기준!$F$16/1000,0) -> 0 | AG59: =IF($G59="","",IF(OR($AA59<>"○",LEFT($F59,3)="STS",LEFT($F59,3)="SUS",$C59="매설"),"Y","N")) -> N
A60: 54 | B60: 설치 | C60: 옥외 | D60: WATER | E60: 5kg/cm2이상 | F60: STPT370S | G60: FITTING | H60: R.TEE 80Ax50A | I60: 80 | K60: EA | L60: 1 | M60: =IF($G60<>"PIPE","",IFERROR(1/(1/INDEX(배관단중표!$B$7:$W$41,MATCH($I60,배관단중표!$A$7:$A$41,0),MATCH(IF($J60="SPP","SPP",IF(LEFT($F60,3)="STS",IF(ISNUMBER(SEARCH("316",$F60)),"STS316","STS304"),"SPPS")&"|"&$J60),배관단중표!$B$6:$W$6,0))),"DB확인")) | N60: 40.7 | P60: =IF($G60="","",IFERROR(IF(O60<>"",O60,L60*IF(G60="PIPE",M60,N60)),0)) -> 40.7 | Q60: =IF($G60="","",IF(G60="PIPE","P","F")) -> F | R60: =IF($G60<>"PIPE","",IFERROR(IF(O60<>"",O60/M60,IF(K60="M",L60,"")),"")) | S60: =IF($G60<>"PIPE","",IF(AND($AA60="○",OR($W60<>"○",배관기준!$AG$17="N"),$C60<>"매설",LEFT($F60,3)<>"STS",LEFT($F60,3)<>"SUS"),"Y","N")) | U60: STPG370S | W60: =IF($G60="","",IFERROR(INDEX(배관집계!$AC$7:$AC$32,MATCH($AC60,배관집계!$AJ$7:$AJ$32,0))&"","")) -> ○ | X60: =IF($G60="","",IFERROR(INDEX(배관집계!$AD$7:$AD$32,MATCH($AC60,배관집계!$AJ$7:$AJ$32,0))&"","")) -> ○ | Y60: =IF($G60="","",IFERROR(INDEX(배관집계!$AE$7:$AE$32,MATCH($AC60,배관집계!$AJ$7:$AJ$32,0))&"","")) -> × | Z60: =IF($G60="","",IFERROR(INDEX(배관집계!$AF$7:$AF$32,MATCH($AC60,배관집계!$AJ$7:$AJ$32,0))&"","")) -> ○ | AA60: =IF($G60="","",IFERROR(INDEX(배관집계!$AG$7:$AG$32,MATCH($AC60,배관집계!$AJ$7:$AJ$32,0))&"","")) -> × | AB60: =IF($G60="","",IFERROR(INDEX(배관집계!$AH$7:$AH$32,MATCH($AC60,배관집계!$AJ$7:$AJ$32,0))&"","")) -> C/C | AC60: =IF($G60="","",$B60&"|"&$C60&"|"&$E60&"|"&$U60&"|"&$I60) -> 설치|옥외|5kg/cm2이상|STPG370S|80 | AD60: =IF($G60="","",IF($B60<>"설치","",IF($G60="PIPE","PIPE",IF($G60="VALVE",IF(ISNUMBER(SEARCH("GLOBE",$H60)),"GLOBE",IF(ISNUMBER(SEARCH("GATE",$H60)),"GATE",IF(ISNUMBER(SEARCH("BUTTER",$H60)),"BFLY","VALVE기타"))),IF($G60="FITTING",IF(LEFT($H60,5)="ELBOW",IF($AE60=90,"90EL",IF($AE60=45,"45EL","비규격EL")),IF(LEFT($H60,6)="FLANGE","FLANGE",IF(ISNUMBER(SEARCH("TEE",$H60)),"TEE",""))),""))))) -> TEE | AE60: =IF(AND($G60="FITTING",LEFT($H60,5)="ELBOW"),IFERROR(VALUE(LEFT(MID($H60,7,12),MIN(IFERROR(FIND("L",MID($H60,7,12)),99),IFERROR(FIND("S",MID($H60,7,12)),99),IFERROR(FIND(" ",MID($H60,7,12)),99))-1)),""),"") | AF60: =IF($AD60="비규격EL",N($L60)*RADIANS(N($AE60))*보온기준!$F$15*N($I60)*보온기준!$F$16/1000,0) -> 0 | AG60: =IF($G60="","",IF(OR($AA60<>"○",LEFT($F60,3)="STS",LEFT($F60,3)="SUS",$C60="매설"),"Y","N")) -> Y
A61: 55 | B61: 설치 | C61: 옥외 | D61: WATER | E61: 5kg/cm2이상 | F61: SCPH2/SUS | G61: FITTING | H61: STRAINER Y-TYPE | I61: 150 | K61: EA | L61: 1 | M61: =IF($G61<>"PIPE","",IFERROR(1/(1/INDEX(배관단중표!$B$7:$W$41,MATCH($I61,배관단중표!$A$7:$A$41,0),MATCH(IF($J61="SPP","SPP",IF(LEFT($F61,3)="STS",IF(ISNUMBER(SEARCH("316",$F61)),"STS316","STS304"),"SPPS")&"|"&$J61),배관단중표!$B$6:$W$6,0))),"DB확인")) | P61: =IF($G61="","",IFERROR(IF(O61<>"",O61,L61*IF(G61="PIPE",M61,N61)),0)) -> 0 | Q61: =IF($G61="","",IF(G61="PIPE","P","F")) -> F | R61: =IF($G61<>"PIPE","",IFERROR(IF(O61<>"",O61/M61,IF(K61="M",L61,"")),"")) | S61: =IF($G61<>"PIPE","",IF(AND($AA61="○",OR($W61<>"○",배관기준!$AG$17="N"),$C61<>"매설",LEFT($F61,3)<>"STS",LEFT($F61,3)<>"SUS"),"Y","N")) | U61: STPG370S | W61: =IF($G61="","",IFERROR(INDEX(배관집계!$AC$7:$AC$32,MATCH($AC61,배관집계!$AJ$7:$AJ$32,0))&"","")) -> ○ | X61: =IF($G61="","",IFERROR(INDEX(배관집계!$AD$7:$AD$32,MATCH($AC61,배관집계!$AJ$7:$AJ$32,0))&"","")) -> ○ | Y61: =IF($G61="","",IFERROR(INDEX(배관집계!$AE$7:$AE$32,MATCH($AC61,배관집계!$AJ$7:$AJ$32,0))&"","")) -> × | Z61: =IF($G61="","",IFERROR(INDEX(배관집계!$AF$7:$AF$32,MATCH($AC61,배관집계!$AJ$7:$AJ$32,0))&"","")) -> ○ | AA61: =IF($G61="","",IFERROR(INDEX(배관집계!$AG$7:$AG$32,MATCH($AC61,배관집계!$AJ$7:$AJ$32,0))&"","")) -> × | AB61: =IF($G61="","",IFERROR(INDEX(배관집계!$AH$7:$AH$32,MATCH($AC61,배관집계!$AJ$7:$AJ$32,0))&"","")) -> C/C | AC61: =IF($G61="","",$B61&"|"&$C61&"|"&$E61&"|"&$U61&"|"&$I61) -> 설치|옥외|5kg/cm2이상|STPG370S|150 | AD61: =IF($G61="","",IF($B61<>"설치","",IF($G61="PIPE","PIPE",IF($G61="VALVE",IF(ISNUMBER(SEARCH("GLOBE",$H61)),"GLOBE",IF(ISNUMBER(SEARCH("GATE",$H61)),"GATE",IF(ISNUMBER(SEARCH("BUTTER",$H61)),"BFLY","VALVE기타"))),IF($G61="FITTING",IF(LEFT($H61,5)="ELBOW",IF($AE61=90,"90EL",IF($AE61=45,"45EL","비규격EL")),IF(LEFT($H61,6)="FLANGE","FLANGE",IF(ISNUMBER(SEARCH("TEE",$H61)),"TEE",""))),""))))) | AE61: =IF(AND($G61="FITTING",LEFT($H61,5)="ELBOW"),IFERROR(VALUE(LEFT(MID($H61,7,12),MIN(IFERROR(FIND("L",MID($H61,7,12)),99),IFERROR(FIND("S",MID($H61,7,12)),99),IFERROR(FIND(" ",MID($H61,7,12)),99))-1)),""),"") | AF61: =IF($AD61="비규격EL",N($L61)*RADIANS(N($AE61))*보온기준!$F$15*N($I61)*보온기준!$F$16/1000,0) -> 0 | AG61: =IF($G61="","",IF(OR($AA61<>"○",LEFT($F61,3)="STS",LEFT($F61,3)="SUS",$C61="매설"),"Y","N")) -> Y
A62: 56 | B62: 설치 | C62: 옥외 | D62: WATER | E62: 5kg/cm2이상 | F62: SCPH2/SUS | G62: FITTING | H62: STRAINER Y-TYPE | I62: 200 | K62: EA | L62: 2 | M62: =IF($G62<>"PIPE","",IFERROR(1/(1/INDEX(배관단중표!$B$7:$W$41,MATCH($I62,배관단중표!$A$7:$A$41,0),MATCH(IF($J62="SPP","SPP",IF(LEFT($F62,3)="STS",IF(ISNUMBER(SEARCH("316",$F62)),"STS316","STS304"),"SPPS")&"|"&$J62),배관단중표!$B$6:$W$6,0))),"DB확인")) | P62: =IF($G62="","",IFERROR(IF(O62<>"",O62,L62*IF(G62="PIPE",M62,N62)),0)) -> 0 | Q62: =IF($G62="","",IF(G62="PIPE","P","F")) -> F | R62: =IF($G62<>"PIPE","",IFERROR(IF(O62<>"",O62/M62,IF(K62="M",L62,"")),"")) | S62: =IF($G62<>"PIPE","",IF(AND($AA62="○",OR($W62<>"○",배관기준!$AG$17="N"),$C62<>"매설",LEFT($F62,3)<>"STS",LEFT($F62,3)<>"SUS"),"Y","N")) | U62: STPG370S | W62: =IF($G62="","",IFERROR(INDEX(배관집계!$AC$7:$AC$32,MATCH($AC62,배관집계!$AJ$7:$AJ$32,0))&"","")) -> ○ | X62: =IF($G62="","",IFERROR(INDEX(배관집계!$AD$7:$AD$32,MATCH($AC62,배관집계!$AJ$7:$AJ$32,0))&"","")) -> ○ | Y62: =IF($G62="","",IFERROR(INDEX(배관집계!$AE$7:$AE$32,MATCH($AC62,배관집계!$AJ$7:$AJ$32,0))&"","")) -> × | Z62: =IF($G62="","",IFERROR(INDEX(배관집계!$AF$7:$AF$32,MATCH($AC62,배관집계!$AJ$7:$AJ$32,0))&"","")) -> ○ | AA62: =IF($G62="","",IFERROR(INDEX(배관집계!$AG$7:$AG$32,MATCH($AC62,배관집계!$AJ$7:$AJ$32,0))&"","")) -> × | AB62: =IF($G62="","",IFERROR(INDEX(배관집계!$AH$7:$AH$32,MATCH($AC62,배관집계!$AJ$7:$AJ$32,0))&"","")) -> C/C | AC62: =IF($G62="","",$B62&"|"&$C62&"|"&$E62&"|"&$U62&"|"&$I62) -> 설치|옥외|5kg/cm2이상|STPG370S|200 | AD62: =IF($G62="","",IF($B62<>"설치","",IF($G62="PIPE","PIPE",IF($G62="VALVE",IF(ISNUMBER(SEARCH("GLOBE",$H62)),"GLOBE",IF(ISNUMBER(SEARCH("GATE",$H62)),"GATE",IF(ISNUMBER(SEARCH("BUTTER",$H62)),"BFLY","VALVE기타"))),IF($G62="FITTING",IF(LEFT($H62,5)="ELBOW",IF($AE62=90,"90EL",IF($AE62=45,"45EL","비규격EL")),IF(LEFT($H62,6)="FLANGE","FLANGE",IF(ISNUMBER(SEARCH("TEE",$H62)),"TEE",""))),""))))) | AE62: =IF(AND($G62="FITTING",LEFT($H62,5)="ELBOW"),IFERROR(VALUE(LEFT(MID($H62,7,12),MIN(IFERROR(FIND("L",MID($H62,7,12)),99),IFERROR(FIND("S",MID($H62,7,12)),99),IFERROR(FIND(" ",MID($H62,7,12)),99))-1)),""),"") | AF62: =IF($AD62="비규격EL",N($L62)*RADIANS(N($AE62))*보온기준!$F$15*N($I62)*보온기준!$F$16/1000,0) -> 0 | AG62: =IF($G62="","",IF(OR($AA62<>"○",LEFT($F62,3)="STS",LEFT($F62,3)="SUS",$C62="매설"),"Y","N")) -> Y
A63: 57 | B63: 설치 | C63: 옥외 | D63: WATER | E63: 5kg/cm2이상 | F63: COMP.N.ASB | G63: FITTING | H63: GASKET | I63: 15 | K63: EA | L63: 6 | M63: =IF($G63<>"PIPE","",IFERROR(1/(1/INDEX(배관단중표!$B$7:$W$41,MATCH($I63,배관단중표!$A$7:$A$41,0),MATCH(IF($J63="SPP","SPP",IF(LEFT($F63,3)="STS",IF(ISNUMBER(SEARCH("316",$F63)),"STS316","STS304"),"SPPS")&"|"&$J63),배관단중표!$B$6:$W$6,0))),"DB확인")) | P63: =IF($G63="","",IFERROR(IF(O63<>"",O63,L63*IF(G63="PIPE",M63,N63)),0)) -> 0 | Q63: =IF($G63="","",IF(G63="PIPE","P","F")) -> F | R63: =IF($G63<>"PIPE","",IFERROR(IF(O63<>"",O63/M63,IF(K63="M",L63,"")),"")) | S63: =IF($G63<>"PIPE","",IF(AND($AA63="○",OR($W63<>"○",배관기준!$AG$17="N"),$C63<>"매설",LEFT($F63,3)<>"STS",LEFT($F63,3)<>"SUS"),"Y","N")) | U63: STPG370S | W63: =IF($G63="","",IFERROR(INDEX(배관집계!$AC$7:$AC$32,MATCH($AC63,배관집계!$AJ$7:$AJ$32,0))&"","")) -> ○ | X63: =IF($G63="","",IFERROR(INDEX(배관집계!$AD$7:$AD$32,MATCH($AC63,배관집계!$AJ$7:$AJ$32,0))&"","")) -> ○ | Y63: =IF($G63="","",IFERROR(INDEX(배관집계!$AE$7:$AE$32,MATCH($AC63,배관집계!$AJ$7:$AJ$32,0))&"","")) -> × | Z63: =IF($G63="","",IFERROR(INDEX(배관집계!$AF$7:$AF$32,MATCH($AC63,배관집계!$AJ$7:$AJ$32,0))&"","")) -> ○ | AA63: =IF($G63="","",IFERROR(INDEX(배관집계!$AG$7:$AG$32,MATCH($AC63,배관집계!$AJ$7:$AJ$32,0))&"","")) -> × | AB63: =IF($G63="","",IFERROR(INDEX(배관집계!$AH$7:$AH$32,MATCH($AC63,배관집계!$AJ$7:$AJ$32,0))&"","")) -> C/C | AC63: =IF($G63="","",$B63&"|"&$C63&"|"&$E63&"|"&$U63&"|"&$I63) -> 설치|옥외|5kg/cm2이상|STPG370S|15 | AD63: =IF($G63="","",IF($B63<>"설치","",IF($G63="PIPE","PIPE",IF($G63="VALVE",IF(ISNUMBER(SEARCH("GLOBE",$H63)),"GLOBE",IF(ISNUMBER(SEARCH("GATE",$H63)),"GATE",IF(ISNUMBER(SEARCH("BUTTER",$H63)),"BFLY","VALVE기타"))),IF($G63="FITTING",IF(LEFT($H63,5)="ELBOW",IF($AE63=90,"90EL",IF($AE63=45,"45EL","비규격EL")),IF(LEFT($H63,6)="FLANGE","FLANGE",IF(ISNUMBER(SEARCH("TEE",$H63)),"TEE",""))),""))))) | AE63: =IF(AND($G63="FITTING",LEFT($H63,5)="ELBOW"),IFERROR(VALUE(LEFT(MID($H63,7,12),MIN(IFERROR(FIND("L",MID($H63,7,12)),99),IFERROR(FIND("S",MID($H63,7,12)),99),IFERROR(FIND(" ",MID($H63,7,12)),99))-1)),""),"") | AF63: =IF($AD63="비규격EL",N($L63)*RADIANS(N($AE63))*보온기준!$F$15*N($I63)*보온기준!$F$16/1000,0) -> 0 | AG63: =IF($G63="","",IF(OR($AA63<>"○",LEFT($F63,3)="STS",LEFT($F63,3)="SUS",$C63="매설"),"Y","N")) -> Y
A64: 58 | B64: 설치 | C64: 옥외 | D64: WATER | E64: 5kg/cm2이상 | F64: COMP.N.ASB | G64: FITTING | H64: GASKET | I64: 50 | K64: EA | L64: 6 | M64: =IF($G64<>"PIPE","",IFERROR(1/(1/INDEX(배관단중표!$B$7:$W$41,MATCH($I64,배관단중표!$A$7:$A$41,0),MATCH(IF($J64="SPP","SPP",IF(LEFT($F64,3)="STS",IF(ISNUMBER(SEARCH("316",$F64)),"STS316","STS304"),"SPPS")&"|"&$J64),배관단중표!$B$6:$W$6,0))),"DB확인")) | P64: =IF($G64="","",IFERROR(IF(O64<>"",O64,L64*IF(G64="PIPE",M64,N64)),0)) -> 0 | Q64: =IF($G64="","",IF(G64="PIPE","P","F")) -> F | R64: =IF($G64<>"PIPE","",IFERROR(IF(O64<>"",O64/M64,IF(K64="M",L64,"")),"")) | S64: =IF($G64<>"PIPE","",IF(AND($AA64="○",OR($W64<>"○",배관기준!$AG$17="N"),$C64<>"매설",LEFT($F64,3)<>"STS",LEFT($F64,3)<>"SUS"),"Y","N")) | U64: STPG370S | W64: =IF($G64="","",IFERROR(INDEX(배관집계!$AC$7:$AC$32,MATCH($AC64,배관집계!$AJ$7:$AJ$32,0))&"","")) -> ○ | X64: =IF($G64="","",IFERROR(INDEX(배관집계!$AD$7:$AD$32,MATCH($AC64,배관집계!$AJ$7:$AJ$32,0))&"","")) -> ○ | Y64: =IF($G64="","",IFERROR(INDEX(배관집계!$AE$7:$AE$32,MATCH($AC64,배관집계!$AJ$7:$AJ$32,0))&"","")) -> × | Z64: =IF($G64="","",IFERROR(INDEX(배관집계!$AF$7:$AF$32,MATCH($AC64,배관집계!$AJ$7:$AJ$32,0))&"","")) -> ○ | AA64: =IF($G64="","",IFERROR(INDEX(배관집계!$AG$7:$AG$32,MATCH($AC64,배관집계!$AJ$7:$AJ$32,0))&"","")) -> × | AB64: =IF($G64="","",IFERROR(INDEX(배관집계!$AH$7:$AH$32,MATCH($AC64,배관집계!$AJ$7:$AJ$32,0))&"","")) -> C/C | AC64: =IF($G64="","",$B64&"|"&$C64&"|"&$E64&"|"&$U64&"|"&$I64) -> 설치|옥외|5kg/cm2이상|STPG370S|50 | AD64: =IF($G64="","",IF($B64<>"설치","",IF($G64="PIPE","PIPE",IF($G64="VALVE",IF(ISNUMBER(SEARCH("GLOBE",$H64)),"GLOBE",IF(ISNUMBER(SEARCH("GATE",$H64)),"GATE",IF(ISNUMBER(SEARCH("BUTTER",$H64)),"BFLY","VALVE기타"))),IF($G64="FITTING",IF(LEFT($H64,5)="ELBOW",IF($AE64=90,"90EL",IF($AE64=45,"45EL","비규격EL")),IF(LEFT($H64,6)="FLANGE","FLANGE",IF(ISNUMBER(SEARCH("TEE",$H64)),"TEE",""))),""))))) | AE64: =IF(AND($G64="FITTING",LEFT($H64,5)="ELBOW"),IFERROR(VALUE(LEFT(MID($H64,7,12),MIN(IFERROR(FIND("L",MID($H64,7,12)),99),IFERROR(FIND("S",MID($H64,7,12)),99),IFERROR(FIND(" ",MID($H64,7,12)),99))-1)),""),"") | AF64: =IF($AD64="비규격EL",N($L64)*RADIANS(N($AE64))*보온기준!$F$15*N($I64)*보온기준!$F$16/1000,0) -> 0 | AG64: =IF($G64="","",IF(OR($AA64<>"○",LEFT($F64,3)="STS",LEFT($F64,3)="SUS",$C64="매설"),"Y","N")) -> Y
A65: 59 | B65: 설치 | C65: 옥외 | D65: WATER | E65: 5kg/cm2이상 | F65: COMP.N.ASB | G65: FITTING | H65: GASKET | I65: 80 | K65: EA | L65: 1 | M65: =IF($G65<>"PIPE","",IFERROR(1/(1/INDEX(배관단중표!$B$7:$W$41,MATCH($I65,배관단중표!$A$7:$A$41,0),MATCH(IF($J65="SPP","SPP",IF(LEFT($F65,3)="STS",IF(ISNUMBER(SEARCH("316",$F65)),"STS316","STS304"),"SPPS")&"|"&$J65),배관단중표!$B$6:$W$6,0))),"DB확인")) | P65: =IF($G65="","",IFERROR(IF(O65<>"",O65,L65*IF(G65="PIPE",M65,N65)),0)) -> 0 | Q65: =IF($G65="","",IF(G65="PIPE","P","F")) -> F | R65: =IF($G65<>"PIPE","",IFERROR(IF(O65<>"",O65/M65,IF(K65="M",L65,"")),"")) | S65: =IF($G65<>"PIPE","",IF(AND($AA65="○",OR($W65<>"○",배관기준!$AG$17="N"),$C65<>"매설",LEFT($F65,3)<>"STS",LEFT($F65,3)<>"SUS"),"Y","N")) | U65: STPG370S | W65: =IF($G65="","",IFERROR(INDEX(배관집계!$AC$7:$AC$32,MATCH($AC65,배관집계!$AJ$7:$AJ$32,0))&"","")) -> ○ | X65: =IF($G65="","",IFERROR(INDEX(배관집계!$AD$7:$AD$32,MATCH($AC65,배관집계!$AJ$7:$AJ$32,0))&"","")) -> ○ | Y65: =IF($G65="","",IFERROR(INDEX(배관집계!$AE$7:$AE$32,MATCH($AC65,배관집계!$AJ$7:$AJ$32,0))&"","")) -> × | Z65: =IF($G65="","",IFERROR(INDEX(배관집계!$AF$7:$AF$32,MATCH($AC65,배관집계!$AJ$7:$AJ$32,0))&"","")) -> ○ | AA65: =IF($G65="","",IFERROR(INDEX(배관집계!$AG$7:$AG$32,MATCH($AC65,배관집계!$AJ$7:$AJ$32,0))&"","")) -> × | AB65: =IF($G65="","",IFERROR(INDEX(배관집계!$AH$7:$AH$32,MATCH($AC65,배관집계!$AJ$7:$AJ$32,0))&"","")) -> C/C | AC65: =IF($G65="","",$B65&"|"&$C65&"|"&$E65&"|"&$U65&"|"&$I65) -> 설치|옥외|5kg/cm2이상|STPG370S|80 | AD65: =IF($G65="","",IF($B65<>"설치","",IF($G65="PIPE","PIPE",IF($G65="VALVE",IF(ISNUMBER(SEARCH("GLOBE",$H65)),"GLOBE",IF(ISNUMBER(SEARCH("GATE",$H65)),"GATE",IF(ISNUMBER(SEARCH("BUTTER",$H65)),"BFLY","VALVE기타"))),IF($G65="FITTING",IF(LEFT($H65,5)="ELBOW",IF($AE65=90,"90EL",IF($AE65=45,"45EL","비규격EL")),IF(LEFT($H65,6)="FLANGE","FLANGE",IF(ISNUMBER(SEARCH("TEE",$H65)),"TEE",""))),""))))) | AE65: =IF(AND($G65="FITTING",LEFT($H65,5)="ELBOW"),IFERROR(VALUE(LEFT(MID($H65,7,12),MIN(IFERROR(FIND("L",MID($H65,7,12)),99),IFERROR(FIND("S",MID($H65,7,12)),99),IFERROR(FIND(" ",MID($H65,7,12)),99))-1)),""),"") | AF65: =IF($AD65="비규격EL",N($L65)*RADIANS(N($AE65))*보온기준!$F$15*N($I65)*보온기준!$F$16/1000,0) -> 0 | AG65: =IF($G65="","",IF(OR($AA65<>"○",LEFT($F65,3)="STS",LEFT($F65,3)="SUS",$C65="매설"),"Y","N")) -> Y
A66: 60 | B66: 설치 | C66: 옥외 | D66: WATER | E66: 5kg/cm2이상 | F66: COMP.N.ASB | G66: FITTING | H66: GASKET | I66: 150 | K66: EA | L66: 6 | M66: =IF($G66<>"PIPE","",IFERROR(1/(1/INDEX(배관단중표!$B$7:$W$41,MATCH($I66,배관단중표!$A$7:$A$41,0),MATCH(IF($J66="SPP","SPP",IF(LEFT($F66,3)="STS",IF(ISNUMBER(SEARCH("316",$F66)),"STS316","STS304"),"SPPS")&"|"&$J66),배관단중표!$B$6:$W$6,0))),"DB확인")) | P66: =IF($G66="","",IFERROR(IF(O66<>"",O66,L66*IF(G66="PIPE",M66,N66)),0)) -> 0 | Q66: =IF($G66="","",IF(G66="PIPE","P","F")) -> F | R66: =IF($G66<>"PIPE","",IFERROR(IF(O66<>"",O66/M66,IF(K66="M",L66,"")),"")) | S66: =IF($G66<>"PIPE","",IF(AND($AA66="○",OR($W66<>"○",배관기준!$AG$17="N"),$C66<>"매설",LEFT($F66,3)<>"STS",LEFT($F66,3)<>"SUS"),"Y","N")) | U66: STPG370S | W66: =IF($G66="","",IFERROR(INDEX(배관집계!$AC$7:$AC$32,MATCH($AC66,배관집계!$AJ$7:$AJ$32,0))&"","")) -> ○ | X66: =IF($G66="","",IFERROR(INDEX(배관집계!$AD$7:$AD$32,MATCH($AC66,배관집계!$AJ$7:$AJ$32,0))&"","")) -> ○ | Y66: =IF($G66="","",IFERROR(INDEX(배관집계!$AE$7:$AE$32,MATCH($AC66,배관집계!$AJ$7:$AJ$32,0))&"","")) -> × | Z66: =IF($G66="","",IFERROR(INDEX(배관집계!$AF$7:$AF$32,MATCH($AC66,배관집계!$AJ$7:$AJ$32,0))&"","")) -> ○ | AA66: =IF($G66="","",IFERROR(INDEX(배관집계!$AG$7:$AG$32,MATCH($AC66,배관집계!$AJ$7:$AJ$32,0))&"","")) -> × | AB66: =IF($G66="","",IFERROR(INDEX(배관집계!$AH$7:$AH$32,MATCH($AC66,배관집계!$AJ$7:$AJ$32,0))&"","")) -> C/C | AC66: =IF($G66="","",$B66&"|"&$C66&"|"&$E66&"|"&$U66&"|"&$I66) -> 설치|옥외|5kg/cm2이상|STPG370S|150 | AD66: =IF($G66="","",IF($B66<>"설치","",IF($G66="PIPE","PIPE",IF($G66="VALVE",IF(ISNUMBER(SEARCH("GLOBE",$H66)),"GLOBE",IF(ISNUMBER(SEARCH("GATE",$H66)),"GATE",IF(ISNUMBER(SEARCH("BUTTER",$H66)),"BFLY","VALVE기타"))),IF($G66="FITTING",IF(LEFT($H66,5)="ELBOW",IF($AE66=90,"90EL",IF($AE66=45,"45EL","비규격EL")),IF(LEFT($H66,6)="FLANGE","FLANGE",IF(ISNUMBER(SEARCH("TEE",$H66)),"TEE",""))),""))))) | AE66: =IF(AND($G66="FITTING",LEFT($H66,5)="ELBOW"),IFERROR(VALUE(LEFT(MID($H66,7,12),MIN(IFERROR(FIND("L",MID($H66,7,12)),99),IFERROR(FIND("S",MID($H66,7,12)),99),IFERROR(FIND(" ",MID($H66,7,12)),99))-1)),""),"") | AF66: =IF($AD66="비규격EL",N($L66)*RADIANS(N($AE66))*보온기준!$F$15*N($I66)*보온기준!$F$16/1000,0) -> 0 | AG66: =IF($G66="","",IF(OR($AA66<>"○",LEFT($F66,3)="STS",LEFT($F66,3)="SUS",$C66="매설"),"Y","N")) -> Y
A67: 61 | B67: 설치 | C67: 옥외 | D67: WATER | E67: 5kg/cm2이상 | F67: SUS304/C.S | G67: FITTING | H67: GASKET | I67: 150 | K67: EA | L67: 4 | M67: =IF($G67<>"PIPE","",IFERROR(1/(1/INDEX(배관단중표!$B$7:$W$41,MATCH($I67,배관단중표!$A$7:$A$41,0),MATCH(IF($J67="SPP","SPP",IF(LEFT($F67,3)="STS",IF(ISNUMBER(SEARCH("316",$F67)),"STS316","STS304"),"SPPS")&"|"&$J67),배관단중표!$B$6:$W$6,0))),"DB확인")) | P67: =IF($G67="","",IFERROR(IF(O67<>"",O67,L67*IF(G67="PIPE",M67,N67)),0)) -> 0 | Q67: =IF($G67="","",IF(G67="PIPE","P","F")) -> F | R67: =IF($G67<>"PIPE","",IFERROR(IF(O67<>"",O67/M67,IF(K67="M",L67,"")),"")) | S67: =IF($G67<>"PIPE","",IF(AND($AA67="○",OR($W67<>"○",배관기준!$AG$17="N"),$C67<>"매설",LEFT($F67,3)<>"STS",LEFT($F67,3)<>"SUS"),"Y","N")) | U67: STPG370S | W67: =IF($G67="","",IFERROR(INDEX(배관집계!$AC$7:$AC$32,MATCH($AC67,배관집계!$AJ$7:$AJ$32,0))&"","")) -> ○ | X67: =IF($G67="","",IFERROR(INDEX(배관집계!$AD$7:$AD$32,MATCH($AC67,배관집계!$AJ$7:$AJ$32,0))&"","")) -> ○ | Y67: =IF($G67="","",IFERROR(INDEX(배관집계!$AE$7:$AE$32,MATCH($AC67,배관집계!$AJ$7:$AJ$32,0))&"","")) -> × | Z67: =IF($G67="","",IFERROR(INDEX(배관집계!$AF$7:$AF$32,MATCH($AC67,배관집계!$AJ$7:$AJ$32,0))&"","")) -> ○ | AA67: =IF($G67="","",IFERROR(INDEX(배관집계!$AG$7:$AG$32,MATCH($AC67,배관집계!$AJ$7:$AJ$32,0))&"","")) -> × | AB67: =IF($G67="","",IFERROR(INDEX(배관집계!$AH$7:$AH$32,MATCH($AC67,배관집계!$AJ$7:$AJ$32,0))&"","")) -> C/C | AC67: =IF($G67="","",$B67&"|"&$C67&"|"&$E67&"|"&$U67&"|"&$I67) -> 설치|옥외|5kg/cm2이상|STPG370S|150 | AD67: =IF($G67="","",IF($B67<>"설치","",IF($G67="PIPE","PIPE",IF($G67="VALVE",IF(ISNUMBER(SEARCH("GLOBE",$H67)),"GLOBE",IF(ISNUMBER(SEARCH("GATE",$H67)),"GATE",IF(ISNUMBER(SEARCH("BUTTER",$H67)),"BFLY","VALVE기타"))),IF($G67="FITTING",IF(LEFT($H67,5)="ELBOW",IF($AE67=90,"90EL",IF($AE67=45,"45EL","비규격EL")),IF(LEFT($H67,6)="FLANGE","FLANGE",IF(ISNUMBER(SEARCH("TEE",$H67)),"TEE",""))),""))))) | AE67: =IF(AND($G67="FITTING",LEFT($H67,5)="ELBOW"),IFERROR(VALUE(LEFT(MID($H67,7,12),MIN(IFERROR(FIND("L",MID($H67,7,12)),99),IFERROR(FIND("S",MID($H67,7,12)),99),IFERROR(FIND(" ",MID($H67,7,12)),99))-1)),""),"") | AF67: =IF($AD67="비규격EL",N($L67)*RADIANS(N($AE67))*보온기준!$F$15*N($I67)*보온기준!$F$16/1000,0) -> 0 | AG67: =IF($G67="","",IF(OR($AA67<>"○",LEFT($F67,3)="STS",LEFT($F67,3)="SUS",$C67="매설"),"Y","N")) -> Y
A68: 62 | B68: 설치 | C68: 옥외 | D68: WATER | E68: 5kg/cm2이상 | F68: SUS304/C.S | G68: FITTING | H68: GASKET | I68: 200 | K68: EA | L68: 4 | M68: =IF($G68<>"PIPE","",IFERROR(1/(1/INDEX(배관단중표!$B$7:$W$41,MATCH($I68,배관단중표!$A$7:$A$41,0),MATCH(IF($J68="SPP","SPP",IF(LEFT($F68,3)="STS",IF(ISNUMBER(SEARCH("316",$F68)),"STS316","STS304"),"SPPS")&"|"&$J68),배관단중표!$B$6:$W$6,0))),"DB확인")) | P68: =IF($G68="","",IFERROR(IF(O68<>"",O68,L68*IF(G68="PIPE",M68,N68)),0)) -> 0 | Q68: =IF($G68="","",IF(G68="PIPE","P","F")) -> F | R68: =IF($G68<>"PIPE","",IFERROR(IF(O68<>"",O68/M68,IF(K68="M",L68,"")),"")) | S68: =IF($G68<>"PIPE","",IF(AND($AA68="○",OR($W68<>"○",배관기준!$AG$17="N"),$C68<>"매설",LEFT($F68,3)<>"STS",LEFT($F68,3)<>"SUS"),"Y","N")) | U68: STPG370S | W68: =IF($G68="","",IFERROR(INDEX(배관집계!$AC$7:$AC$32,MATCH($AC68,배관집계!$AJ$7:$AJ$32,0))&"","")) -> ○ | X68: =IF($G68="","",IFERROR(INDEX(배관집계!$AD$7:$AD$32,MATCH($AC68,배관집계!$AJ$7:$AJ$32,0))&"","")) -> ○ | Y68: =IF($G68="","",IFERROR(INDEX(배관집계!$AE$7:$AE$32,MATCH($AC68,배관집계!$AJ$7:$AJ$32,0))&"","")) -> × | Z68: =IF($G68="","",IFERROR(INDEX(배관집계!$AF$7:$AF$32,MATCH($AC68,배관집계!$AJ$7:$AJ$32,0))&"","")) -> ○ | AA68: =IF($G68="","",IFERROR(INDEX(배관집계!$AG$7:$AG$32,MATCH($AC68,배관집계!$AJ$7:$AJ$32,0))&"","")) -> × | AB68: =IF($G68="","",IFERROR(INDEX(배관집계!$AH$7:$AH$32,MATCH($AC68,배관집계!$AJ$7:$AJ$32,0))&"","")) -> C/C | AC68: =IF($G68="","",$B68&"|"&$C68&"|"&$E68&"|"&$U68&"|"&$I68) -> 설치|옥외|5kg/cm2이상|STPG370S|200 | AD68: =IF($G68="","",IF($B68<>"설치","",IF($G68="PIPE","PIPE",IF($G68="VALVE",IF(ISNUMBER(SEARCH("GLOBE",$H68)),"GLOBE",IF(ISNUMBER(SEARCH("GATE",$H68)),"GATE",IF(ISNUMBER(SEARCH("BUTTER",$H68)),"BFLY","VALVE기타"))),IF($G68="FITTING",IF(LEFT($H68,5)="ELBOW",IF($AE68=90,"90EL",IF($AE68=45,"45EL","비규격EL")),IF(LEFT($H68,6)="FLANGE","FLANGE",IF(ISNUMBER(SEARCH("TEE",$H68)),"TEE",""))),""))))) | AE68: =IF(AND($G68="FITTING",LEFT($H68,5)="ELBOW"),IFERROR(VALUE(LEFT(MID($H68,7,12),MIN(IFERROR(FIND("L",MID($H68,7,12)),99),IFERROR(FIND("S",MID($H68,7,12)),99),IFERROR(FIND(" ",MID($H68,7,12)),99))-1)),""),"") | AF68: =IF($AD68="비규격EL",N($L68)*RADIANS(N($AE68))*보온기준!$F$15*N($I68)*보온기준!$F$16/1000,0) -> 0 | AG68: =IF($G68="","",IF(OR($AA68<>"○",LEFT($F68,3)="STS",LEFT($F68,3)="SUS",$C68="매설"),"Y","N")) -> Y
A69: 63 | B69: 설치 | C69: 옥외 | D69: WATER | E69: 5kg/cm2이상 | F69: SUS304/C.S | G69: FITTING | H69: GASKET | I69: 250 | K69: EA | L69: 2 | M69: =IF($G69<>"PIPE","",IFERROR(1/(1/INDEX(배관단중표!$B$7:$W$41,MATCH($I69,배관단중표!$A$7:$A$41,0),MATCH(IF($J69="SPP","SPP",IF(LEFT($F69,3)="STS",IF(ISNUMBER(SEARCH("316",$F69)),"STS316","STS304"),"SPPS")&"|"&$J69),배관단중표!$B$6:$W$6,0))),"DB확인")) | P69: =IF($G69="","",IFERROR(IF(O69<>"",O69,L69*IF(G69="PIPE",M69,N69)),0)) -> 0 | Q69: =IF($G69="","",IF(G69="PIPE","P","F")) -> F | R69: =IF($G69<>"PIPE","",IFERROR(IF(O69<>"",O69/M69,IF(K69="M",L69,"")),"")) | S69: =IF($G69<>"PIPE","",IF(AND($AA69="○",OR($W69<>"○",배관기준!$AG$17="N"),$C69<>"매설",LEFT($F69,3)<>"STS",LEFT($F69,3)<>"SUS"),"Y","N")) | U69: STPG370S | W69: =IF($G69="","",IFERROR(INDEX(배관집계!$AC$7:$AC$32,MATCH($AC69,배관집계!$AJ$7:$AJ$32,0))&"","")) -> ○ | X69: =IF($G69="","",IFERROR(INDEX(배관집계!$AD$7:$AD$32,MATCH($AC69,배관집계!$AJ$7:$AJ$32,0))&"","")) -> ○ | Y69: =IF($G69="","",IFERROR(INDEX(배관집계!$AE$7:$AE$32,MATCH($AC69,배관집계!$AJ$7:$AJ$32,0))&"","")) -> × | Z69: =IF($G69="","",IFERROR(INDEX(배관집계!$AF$7:$AF$32,MATCH($AC69,배관집계!$AJ$7:$AJ$32,0))&"","")) -> ○ | AA69: =IF($G69="","",IFERROR(INDEX(배관집계!$AG$7:$AG$32,MATCH($AC69,배관집계!$AJ$7:$AJ$32,0))&"","")) -> × | AB69: =IF($G69="","",IFERROR(INDEX(배관집계!$AH$7:$AH$32,MATCH($AC69,배관집계!$AJ$7:$AJ$32,0))&"","")) -> C/C | AC69: =IF($G69="","",$B69&"|"&$C69&"|"&$E69&"|"&$U69&"|"&$I69) -> 설치|옥외|5kg/cm2이상|STPG370S|250 | AD69: =IF($G69="","",IF($B69<>"설치","",IF($G69="PIPE","PIPE",IF($G69="VALVE",IF(ISNUMBER(SEARCH("GLOBE",$H69)),"GLOBE",IF(ISNUMBER(SEARCH("GATE",$H69)),"GATE",IF(ISNUMBER(SEARCH("BUTTER",$H69)),"BFLY","VALVE기타"))),IF($G69="FITTING",IF(LEFT($H69,5)="ELBOW",IF($AE69=90,"90EL",IF($AE69=45,"45EL","비규격EL")),IF(LEFT($H69,6)="FLANGE","FLANGE",IF(ISNUMBER(SEARCH("TEE",$H69)),"TEE",""))),""))))) | AE69: =IF(AND($G69="FITTING",LEFT($H69,5)="ELBOW"),IFERROR(VALUE(LEFT(MID($H69,7,12),MIN(IFERROR(FIND("L",MID($H69,7,12)),99),IFERROR(FIND("S",MID($H69,7,12)),99),IFERROR(FIND(" ",MID($H69,7,12)),99))-1)),""),"") | AF69: =IF($AD69="비규격EL",N($L69)*RADIANS(N($AE69))*보온기준!$F$15*N($I69)*보온기준!$F$16/1000,0) -> 0 | AG69: =IF($G69="","",IF(OR($AA69<>"○",LEFT($F69,3)="STS",LEFT($F69,3)="SUS",$C69="매설"),"Y","N")) -> Y
A70: 64 | B70: 설치 | C70: 옥외 | D70: WATER | E70: 5kg/cm2이상 | F70: SUS304/C.S | G70: FITTING | H70: GASKET | I70: 300 | K70: EA | L70: 1 | M70: =IF($G70<>"PIPE","",IFERROR(1/(1/INDEX(배관단중표!$B$7:$W$41,MATCH($I70,배관단중표!$A$7:$A$41,0),MATCH(IF($J70="SPP","SPP",IF(LEFT($F70,3)="STS",IF(ISNUMBER(SEARCH("316",$F70)),"STS316","STS304"),"SPPS")&"|"&$J70),배관단중표!$B$6:$W$6,0))),"DB확인")) | P70: =IF($G70="","",IFERROR(IF(O70<>"",O70,L70*IF(G70="PIPE",M70,N70)),0)) -> 0 | Q70: =IF($G70="","",IF(G70="PIPE","P","F")) -> F | R70: =IF($G70<>"PIPE","",IFERROR(IF(O70<>"",O70/M70,IF(K70="M",L70,"")),"")) | S70: =IF($G70<>"PIPE","",IF(AND($AA70="○",OR($W70<>"○",배관기준!$AG$17="N"),$C70<>"매설",LEFT($F70,3)<>"STS",LEFT($F70,3)<>"SUS"),"Y","N")) | U70: STPG370S | W70: =IF($G70="","",IFERROR(INDEX(배관집계!$AC$7:$AC$32,MATCH($AC70,배관집계!$AJ$7:$AJ$32,0))&"","")) -> × | X70: =IF($G70="","",IFERROR(INDEX(배관집계!$AD$7:$AD$32,MATCH($AC70,배관집계!$AJ$7:$AJ$32,0))&"","")) -> ○ | Y70: =IF($G70="","",IFERROR(INDEX(배관집계!$AE$7:$AE$32,MATCH($AC70,배관집계!$AJ$7:$AJ$32,0))&"","")) -> × | Z70: =IF($G70="","",IFERROR(INDEX(배관집계!$AF$7:$AF$32,MATCH($AC70,배관집계!$AJ$7:$AJ$32,0))&"","")) -> ○ | AA70: =IF($G70="","",IFERROR(INDEX(배관집계!$AG$7:$AG$32,MATCH($AC70,배관집계!$AJ$7:$AJ$32,0))&"","")) -> ○ | AB70: =IF($G70="","",IFERROR(INDEX(배관집계!$AH$7:$AH$32,MATCH($AC70,배관집계!$AJ$7:$AJ$32,0))&"","")) -> C/C | AC70: =IF($G70="","",$B70&"|"&$C70&"|"&$E70&"|"&$U70&"|"&$I70) -> 설치|옥외|5kg/cm2이상|STPG370S|300 | AD70: =IF($G70="","",IF($B70<>"설치","",IF($G70="PIPE","PIPE",IF($G70="VALVE",IF(ISNUMBER(SEARCH("GLOBE",$H70)),"GLOBE",IF(ISNUMBER(SEARCH("GATE",$H70)),"GATE",IF(ISNUMBER(SEARCH("BUTTER",$H70)),"BFLY","VALVE기타"))),IF($G70="FITTING",IF(LEFT($H70,5)="ELBOW",IF($AE70=90,"90EL",IF($AE70=45,"45EL","비규격EL")),IF(LEFT($H70,6)="FLANGE","FLANGE",IF(ISNUMBER(SEARCH("TEE",$H70)),"TEE",""))),""))))) | AE70: =IF(AND($G70="FITTING",LEFT($H70,5)="ELBOW"),IFERROR(VALUE(LEFT(MID($H70,7,12),MIN(IFERROR(FIND("L",MID($H70,7,12)),99),IFERROR(FIND("S",MID($H70,7,12)),99),IFERROR(FIND(" ",MID($H70,7,12)),99))-1)),""),"") | AF70: =IF($AD70="비규격EL",N($L70)*RADIANS(N($AE70))*보온기준!$F$15*N($I70)*보온기준!$F$16/1000,0) -> 0 | AG70: =IF($G70="","",IF(OR($AA70<>"○",LEFT($F70,3)="STS",LEFT($F70,3)="SUS",$C70="매설"),"Y","N")) -> Y
A71: 65 | B71: 설치 | C71: 옥외 | D71: WATER | E71: 5kg/cm2이상 | F71: SS400 | G71: BOLT | H71: H.B/N M12x40L | K71: SET | L71: 24 | M71: =IF($G71<>"PIPE","",IFERROR(1/(1/INDEX(배관단중표!$B$7:$W$41,MATCH($I71,배관단중표!$A$7:$A$41,0),MATCH(IF($J71="SPP","SPP",IF(LEFT($F71,3)="STS",IF(ISNUMBER(SEARCH("316",$F71)),"STS316","STS304"),"SPPS")&"|"&$J71),배관단중표!$B$6:$W$6,0))),"DB확인")) | N71: 0.1 | P71: =IF($G71="","",IFERROR(IF(O71<>"",O71,L71*IF(G71="PIPE",M71,N71)),0)) -> 2.4 | Q71: =IF($G71="","",IF(G71="PIPE","P","F")) -> F | R71: =IF($G71<>"PIPE","",IFERROR(IF(O71<>"",O71/M71,IF(K71="M",L71,"")),"")) | S71: =IF($G71<>"PIPE","",IF(AND($AA71="○",OR($W71<>"○",배관기준!$AG$17="N"),$C71<>"매설",LEFT($F71,3)<>"STS",LEFT($F71,3)<>"SUS"),"Y","N")) | U71: STPG370S | V71: 일반볼트 | W71: =IF($G71="","",IFERROR(INDEX(배관집계!$AC$7:$AC$32,MATCH($AC71,배관집계!$AJ$7:$AJ$32,0))&"","")) | X71: =IF($G71="","",IFERROR(INDEX(배관집계!$AD$7:$AD$32,MATCH($AC71,배관집계!$AJ$7:$AJ$32,0))&"","")) | Y71: =IF($G71="","",IFERROR(INDEX(배관집계!$AE$7:$AE$32,MATCH($AC71,배관집계!$AJ$7:$AJ$32,0))&"","")) | Z71: =IF($G71="","",IFERROR(INDEX(배관집계!$AF$7:$AF$32,MATCH($AC71,배관집계!$AJ$7:$AJ$32,0))&"","")) | AA71: =IF($G71="","",IFERROR(INDEX(배관집계!$AG$7:$AG$32,MATCH($AC71,배관집계!$AJ$7:$AJ$32,0))&"","")) | AB71: =IF($G71="","",IFERROR(INDEX(배관집계!$AH$7:$AH$32,MATCH($AC71,배관집계!$AJ$7:$AJ$32,0))&"","")) | AC71: =IF($G71="","",$B71&"|"&$C71&"|"&$E71&"|"&$U71&"|"&$I71) -> 설치|옥외|5kg/cm2이상|STPG370S| | AD71: =IF($G71="","",IF($B71<>"설치","",IF($G71="PIPE","PIPE",IF($G71="VALVE",IF(ISNUMBER(SEARCH("GLOBE",$H71)),"GLOBE",IF(ISNUMBER(SEARCH("GATE",$H71)),"GATE",IF(ISNUMBER(SEARCH("BUTTER",$H71)),"BFLY","VALVE기타"))),IF($G71="FITTING",IF(LEFT($H71,5)="ELBOW",IF($AE71=90,"90EL",IF($AE71=45,"45EL","비규격EL")),IF(LEFT($H71,6)="FLANGE","FLANGE",IF(ISNUMBER(SEARCH("TEE",$H71)),"TEE",""))),""))))) | AE71: =IF(AND($G71="FITTING",LEFT($H71,5)="ELBOW"),IFERROR(VALUE(LEFT(MID($H71,7,12),MIN(IFERROR(FIND("L",MID($H71,7,12)),99),IFERROR(FIND("S",MID($H71,7,12)),99),IFERROR(FIND(" ",MID($H71,7,12)),99))-1)),""),"") | AF71: =IF($AD71="비규격EL",N($L71)*RADIANS(N($AE71))*보온기준!$F$15*N($I71)*보온기준!$F$16/1000,0) -> 0 | AG71: =IF($G71="","",IF(OR($AA71<>"○",LEFT($F71,3)="STS",LEFT($F71,3)="SUS",$C71="매설"),"Y","N")) -> Y
A72: 66 | B72: 설치 | C72: 옥외 | D72: WATER | E72: 5kg/cm2이상 | F72: SS400 | G72: BOLT | H72: H.B/N M16x50L | K72: SET | L72: 24 | M72: =IF($G72<>"PIPE","",IFERROR(1/(1/INDEX(배관단중표!$B$7:$W$41,MATCH($I72,배관단중표!$A$7:$A$41,0),MATCH(IF($J72="SPP","SPP",IF(LEFT($F72,3)="STS",IF(ISNUMBER(SEARCH("316",$F72)),"STS316","STS304"),"SPPS")&"|"&$J72),배관단중표!$B$6:$W$6,0))),"DB확인")) | N72: 0.2 | P72: =IF($G72="","",IFERROR(IF(O72<>"",O72,L72*IF(G72="PIPE",M72,N72)),0)) -> 4.8 | Q72: =IF($G72="","",IF(G72="PIPE","P","F")) -> F | R72: =IF($G72<>"PIPE","",IFERROR(IF(O72<>"",O72/M72,IF(K72="M",L72,"")),"")) | S72: =IF($G72<>"PIPE","",IF(AND($AA72="○",OR($W72<>"○",배관기준!$AG$17="N"),$C72<>"매설",LEFT($F72,3)<>"STS",LEFT($F72,3)<>"SUS"),"Y","N")) | U72: STPG370S | V72: 일반볼트 | W72: =IF($G72="","",IFERROR(INDEX(배관집계!$AC$7:$AC$32,MATCH($AC72,배관집계!$AJ$7:$AJ$32,0))&"","")) | X72: =IF($G72="","",IFERROR(INDEX(배관집계!$AD$7:$AD$32,MATCH($AC72,배관집계!$AJ$7:$AJ$32,0))&"","")) | Y72: =IF($G72="","",IFERROR(INDEX(배관집계!$AE$7:$AE$32,MATCH($AC72,배관집계!$AJ$7:$AJ$32,0))&"","")) | Z72: =IF($G72="","",IFERROR(INDEX(배관집계!$AF$7:$AF$32,MATCH($AC72,배관집계!$AJ$7:$AJ$32,0))&"","")) | AA72: =IF($G72="","",IFERROR(INDEX(배관집계!$AG$7:$AG$32,MATCH($AC72,배관집계!$AJ$7:$AJ$32,0))&"","")) | AB72: =IF($G72="","",IFERROR(INDEX(배관집계!$AH$7:$AH$32,MATCH($AC72,배관집계!$AJ$7:$AJ$32,0))&"","")) | AC72: =IF($G72="","",$B72&"|"&$C72&"|"&$E72&"|"&$U72&"|"&$I72) -> 설치|옥외|5kg/cm2이상|STPG370S| | AD72: =IF($G72="","",IF($B72<>"설치","",IF($G72="PIPE","PIPE",IF($G72="VALVE",IF(ISNUMBER(SEARCH("GLOBE",$H72)),"GLOBE",IF(ISNUMBER(SEARCH("GATE",$H72)),"GATE",IF(ISNUMBER(SEARCH("BUTTER",$H72)),"BFLY","VALVE기타"))),IF($G72="FITTING",IF(LEFT($H72,5)="ELBOW",IF($AE72=90,"90EL",IF($AE72=45,"45EL","비규격EL")),IF(LEFT($H72,6)="FLANGE","FLANGE",IF(ISNUMBER(SEARCH("TEE",$H72)),"TEE",""))),""))))) | AE72: =IF(AND($G72="FITTING",LEFT($H72,5)="ELBOW"),IFERROR(VALUE(LEFT(MID($H72,7,12),MIN(IFERROR(FIND("L",MID($H72,7,12)),99),IFERROR(FIND("S",MID($H72,7,12)),99),IFERROR(FIND(" ",MID($H72,7,12)),99))-1)),""),"") | AF72: =IF($AD72="비규격EL",N($L72)*RADIANS(N($AE72))*보온기준!$F$15*N($I72)*보온기준!$F$16/1000,0) -> 0 | AG72: =IF($G72="","",IF(OR($AA72<>"○",LEFT($F72,3)="STS",LEFT($F72,3)="SUS",$C72="매설"),"Y","N")) -> Y
A73: 67 | B73: 설치 | C73: 옥외 | D73: WATER | E73: 5kg/cm2이상 | F73: SS400 | G73: BOLT | H73: H.B/N M16x55L | K73: SET | L73: 8 | M73: =IF($G73<>"PIPE","",IFERROR(1/(1/INDEX(배관단중표!$B$7:$W$41,MATCH($I73,배관단중표!$A$7:$A$41,0),MATCH(IF($J73="SPP","SPP",IF(LEFT($F73,3)="STS",IF(ISNUMBER(SEARCH("316",$F73)),"STS316","STS304"),"SPPS")&"|"&$J73),배관단중표!$B$6:$W$6,0))),"DB확인")) | N73: 0.2 | P73: =IF($G73="","",IFERROR(IF(O73<>"",O73,L73*IF(G73="PIPE",M73,N73)),0)) -> 1.6 | Q73: =IF($G73="","",IF(G73="PIPE","P","F")) -> F | R73: =IF($G73<>"PIPE","",IFERROR(IF(O73<>"",O73/M73,IF(K73="M",L73,"")),"")) | S73: =IF($G73<>"PIPE","",IF(AND($AA73="○",OR($W73<>"○",배관기준!$AG$17="N"),$C73<>"매설",LEFT($F73,3)<>"STS",LEFT($F73,3)<>"SUS"),"Y","N")) | U73: STPG370S | V73: 일반볼트 | W73: =IF($G73="","",IFERROR(INDEX(배관집계!$AC$7:$AC$32,MATCH($AC73,배관집계!$AJ$7:$AJ$32,0))&"","")) | X73: =IF($G73="","",IFERROR(INDEX(배관집계!$AD$7:$AD$32,MATCH($AC73,배관집계!$AJ$7:$AJ$32,0))&"","")) | Y73: =IF($G73="","",IFERROR(INDEX(배관집계!$AE$7:$AE$32,MATCH($AC73,배관집계!$AJ$7:$AJ$32,0))&"","")) | Z73: =IF($G73="","",IFERROR(INDEX(배관집계!$AF$7:$AF$32,MATCH($AC73,배관집계!$AJ$7:$AJ$32,0))&"","")) | AA73: =IF($G73="","",IFERROR(INDEX(배관집계!$AG$7:$AG$32,MATCH($AC73,배관집계!$AJ$7:$AJ$32,0))&"","")) | AB73: =IF($G73="","",IFERROR(INDEX(배관집계!$AH$7:$AH$32,MATCH($AC73,배관집계!$AJ$7:$AJ$32,0))&"","")) | AC73: =IF($G73="","",$B73&"|"&$C73&"|"&$E73&"|"&$U73&"|"&$I73) -> 설치|옥외|5kg/cm2이상|STPG370S| | AD73: =IF($G73="","",IF($B73<>"설치","",IF($G73="PIPE","PIPE",IF($G73="VALVE",IF(ISNUMBER(SEARCH("GLOBE",$H73)),"GLOBE",IF(ISNUMBER(SEARCH("GATE",$H73)),"GATE",IF(ISNUMBER(SEARCH("BUTTER",$H73)),"BFLY","VALVE기타"))),IF($G73="FITTING",IF(LEFT($H73,5)="ELBOW",IF($AE73=90,"90EL",IF($AE73=45,"45EL","비규격EL")),IF(LEFT($H73,6)="FLANGE","FLANGE",IF(ISNUMBER(SEARCH("TEE",$H73)),"TEE",""))),""))))) | AE73: =IF(AND($G73="FITTING",LEFT($H73,5)="ELBOW"),IFERROR(VALUE(LEFT(MID($H73,7,12),MIN(IFERROR(FIND("L",MID($H73,7,12)),99),IFERROR(FIND("S",MID($H73,7,12)),99),IFERROR(FIND(" ",MID($H73,7,12)),99))-1)),""),"") | AF73: =IF($AD73="비규격EL",N($L73)*RADIANS(N($AE73))*보온기준!$F$15*N($I73)*보온기준!$F$16/1000,0) -> 0 | AG73: =IF($G73="","",IF(OR($AA73<>"○",LEFT($F73,3)="STS",LEFT($F73,3)="SUS",$C73="매설"),"Y","N")) -> Y
A74: 68 | B74: 설치 | C74: 옥외 | D74: WATER | E74: 5kg/cm2이상 | F74: SS400 | G74: BOLT | H74: H.B/N M20x70L | K74: SET | L74: 80 | M74: =IF($G74<>"PIPE","",IFERROR(1/(1/INDEX(배관단중표!$B$7:$W$41,MATCH($I74,배관단중표!$A$7:$A$41,0),MATCH(IF($J74="SPP","SPP",IF(LEFT($F74,3)="STS",IF(ISNUMBER(SEARCH("316",$F74)),"STS316","STS304"),"SPPS")&"|"&$J74),배관단중표!$B$6:$W$6,0))),"DB확인")) | N74: 0.3 | P74: =IF($G74="","",IFERROR(IF(O74<>"",O74,L74*IF(G74="PIPE",M74,N74)),0)) -> 24 | Q74: =IF($G74="","",IF(G74="PIPE","P","F")) -> F | R74: =IF($G74<>"PIPE","",IFERROR(IF(O74<>"",O74/M74,IF(K74="M",L74,"")),"")) | S74: =IF($G74<>"PIPE","",IF(AND($AA74="○",OR($W74<>"○",배관기준!$AG$17="N"),$C74<>"매설",LEFT($F74,3)<>"STS",LEFT($F74,3)<>"SUS"),"Y","N")) | U74: STPG370S | V74: 일반볼트 | W74: =IF($G74="","",IFERROR(INDEX(배관집계!$AC$7:$AC$32,MATCH($AC74,배관집계!$AJ$7:$AJ$32,0))&"","")) | X74: =IF($G74="","",IFERROR(INDEX(배관집계!$AD$7:$AD$32,MATCH($AC74,배관집계!$AJ$7:$AJ$32,0))&"","")) | Y74: =IF($G74="","",IFERROR(INDEX(배관집계!$AE$7:$AE$32,MATCH($AC74,배관집계!$AJ$7:$AJ$32,0))&"","")) | Z74: =IF($G74="","",IFERROR(INDEX(배관집계!$AF$7:$AF$32,MATCH($AC74,배관집계!$AJ$7:$AJ$32,0))&"","")) | AA74: =IF($G74="","",IFERROR(INDEX(배관집계!$AG$7:$AG$32,MATCH($AC74,배관집계!$AJ$7:$AJ$32,0))&"","")) | AB74: =IF($G74="","",IFERROR(INDEX(배관집계!$AH$7:$AH$32,MATCH($AC74,배관집계!$AJ$7:$AJ$32,0))&"","")) | AC74: =IF($G74="","",$B74&"|"&$C74&"|"&$E74&"|"&$U74&"|"&$I74) -> 설치|옥외|5kg/cm2이상|STPG370S| | AD74: =IF($G74="","",IF($B74<>"설치","",IF($G74="PIPE","PIPE",IF($G74="VALVE",IF(ISNUMBER(SEARCH("GLOBE",$H74)),"GLOBE",IF(ISNUMBER(SEARCH("GATE",$H74)),"GATE",IF(ISNUMBER(SEARCH("BUTTER",$H74)),"BFLY","VALVE기타"))),IF($G74="FITTING",IF(LEFT($H74,5)="ELBOW",IF($AE74=90,"90EL",IF($AE74=45,"45EL","비규격EL")),IF(LEFT($H74,6)="FLANGE","FLANGE",IF(ISNUMBER(SEARCH("TEE",$H74)),"TEE",""))),""))))) | AE74: =IF(AND($G74="FITTING",LEFT($H74,5)="ELBOW"),IFERROR(VALUE(LEFT(MID($H74,7,12),MIN(IFERROR(FIND("L",MID($H74,7,12)),99),IFERROR(FIND("S",MID($H74,7,12)),99),IFERROR(FIND(" ",MID($H74,7,12)),99))-1)),""),"") | AF74: =IF($AD74="비규격EL",N($L74)*RADIANS(N($AE74))*보온기준!$F$15*N($I74)*보온기준!$F$16/1000,0) -> 0 | AG74: =IF($G74="","",IF(OR($AA74<>"○",LEFT($F74,3)="STS",LEFT($F74,3)="SUS",$C74="매설"),"Y","N")) -> Y
A75: 69 | B75: 설치 | C75: 옥외 | D75: WATER | E75: 5kg/cm2이상 | F75: S35C/S25C | G75: BOLT | H75: S.B/N M30x200L 200A-40K | K75: SET | L75: 48 | M75: =IF($G75<>"PIPE","",IFERROR(1/(1/INDEX(배관단중표!$B$7:$W$41,MATCH($I75,배관단중표!$A$7:$A$41,0),MATCH(IF($J75="SPP","SPP",IF(LEFT($F75,3)="STS",IF(ISNUMBER(SEARCH("316",$F75)),"STS316","STS304"),"SPPS")&"|"&$J75),배관단중표!$B$6:$W$6,0))),"DB확인")) | N75: 1.5 | P75: =IF($G75="","",IFERROR(IF(O75<>"",O75,L75*IF(G75="PIPE",M75,N75)),0)) -> 72 | Q75: =IF($G75="","",IF(G75="PIPE","P","F")) -> F | R75: =IF($G75<>"PIPE","",IFERROR(IF(O75<>"",O75/M75,IF(K75="M",L75,"")),"")) | S75: =IF($G75<>"PIPE","",IF(AND($AA75="○",OR($W75<>"○",배관기준!$AG$17="N"),$C75<>"매설",LEFT($F75,3)<>"STS",LEFT($F75,3)<>"SUS"),"Y","N")) | U75: STPG370S | V75: 고장력볼트 | W75: =IF($G75="","",IFERROR(INDEX(배관집계!$AC$7:$AC$32,MATCH($AC75,배관집계!$AJ$7:$AJ$32,0))&"","")) | X75: =IF($G75="","",IFERROR(INDEX(배관집계!$AD$7:$AD$32,MATCH($AC75,배관집계!$AJ$7:$AJ$32,0))&"","")) | Y75: =IF($G75="","",IFERROR(INDEX(배관집계!$AE$7:$AE$32,MATCH($AC75,배관집계!$AJ$7:$AJ$32,0))&"","")) | Z75: =IF($G75="","",IFERROR(INDEX(배관집계!$AF$7:$AF$32,MATCH($AC75,배관집계!$AJ$7:$AJ$32,0))&"","")) | AA75: =IF($G75="","",IFERROR(INDEX(배관집계!$AG$7:$AG$32,MATCH($AC75,배관집계!$AJ$7:$AJ$32,0))&"","")) | AB75: =IF($G75="","",IFERROR(INDEX(배관집계!$AH$7:$AH$32,MATCH($AC75,배관집계!$AJ$7:$AJ$32,0))&"","")) | AC75: =IF($G75="","",$B75&"|"&$C75&"|"&$E75&"|"&$U75&"|"&$I75) -> 설치|옥외|5kg/cm2이상|STPG370S| | AD75: =IF($G75="","",IF($B75<>"설치","",IF($G75="PIPE","PIPE",IF($G75="VALVE",IF(ISNUMBER(SEARCH("GLOBE",$H75)),"GLOBE",IF(ISNUMBER(SEARCH("GATE",$H75)),"GATE",IF(ISNUMBER(SEARCH("BUTTER",$H75)),"BFLY","VALVE기타"))),IF($G75="FITTING",IF(LEFT($H75,5)="ELBOW",IF($AE75=90,"90EL",IF($AE75=45,"45EL","비규격EL")),IF(LEFT($H75,6)="FLANGE","FLANGE",IF(ISNUMBER(SEARCH("TEE",$H75)),"TEE",""))),""))))) | AE75: =IF(AND($G75="FITTING",LEFT($H75,5)="ELBOW"),IFERROR(VALUE(LEFT(MID($H75,7,12),MIN(IFERROR(FIND("L",MID($H75,7,12)),99),IFERROR(FIND("S",MID($H75,7,12)),99),IFERROR(FIND(" ",MID($H75,7,12)),99))-1)),""),"") | AF75: =IF($AD75="비규격EL",N($L75)*RADIANS(N($AE75))*보온기준!$F$15*N($I75)*보온기준!$F$16/1000,0) -> 0 | AG75: =IF($G75="","",IF(OR($AA75<>"○",LEFT($F75,3)="STS",LEFT($F75,3)="SUS",$C75="매설"),"Y","N")) -> Y
A76: 70 | B76: 설치 | C76: 옥외 | D76: WATER | E76: 5kg/cm2이상 | F76: S35C/S25C | G76: BOLT | H76: S.B/N M30x200L 250A-40K | K76: SET | L76: 22 | M76: =IF($G76<>"PIPE","",IFERROR(1/(1/INDEX(배관단중표!$B$7:$W$41,MATCH($I76,배관단중표!$A$7:$A$41,0),MATCH(IF($J76="SPP","SPP",IF(LEFT($F76,3)="STS",IF(ISNUMBER(SEARCH("316",$F76)),"STS316","STS304"),"SPPS")&"|"&$J76),배관단중표!$B$6:$W$6,0))),"DB확인")) | N76: 1.5 | P76: =IF($G76="","",IFERROR(IF(O76<>"",O76,L76*IF(G76="PIPE",M76,N76)),0)) -> 33 | Q76: =IF($G76="","",IF(G76="PIPE","P","F")) -> F | R76: =IF($G76<>"PIPE","",IFERROR(IF(O76<>"",O76/M76,IF(K76="M",L76,"")),"")) | S76: =IF($G76<>"PIPE","",IF(AND($AA76="○",OR($W76<>"○",배관기준!$AG$17="N"),$C76<>"매설",LEFT($F76,3)<>"STS",LEFT($F76,3)<>"SUS"),"Y","N")) | U76: STPG370S | V76: 고장력볼트 | W76: =IF($G76="","",IFERROR(INDEX(배관집계!$AC$7:$AC$32,MATCH($AC76,배관집계!$AJ$7:$AJ$32,0))&"","")) | X76: =IF($G76="","",IFERROR(INDEX(배관집계!$AD$7:$AD$32,MATCH($AC76,배관집계!$AJ$7:$AJ$32,0))&"","")) | Y76: =IF($G76="","",IFERROR(INDEX(배관집계!$AE$7:$AE$32,MATCH($AC76,배관집계!$AJ$7:$AJ$32,0))&"","")) | Z76: =IF($G76="","",IFERROR(INDEX(배관집계!$AF$7:$AF$32,MATCH($AC76,배관집계!$AJ$7:$AJ$32,0))&"","")) | AA76: =IF($G76="","",IFERROR(INDEX(배관집계!$AG$7:$AG$32,MATCH($AC76,배관집계!$AJ$7:$AJ$32,0))&"","")) | AB76: =IF($G76="","",IFERROR(INDEX(배관집계!$AH$7:$AH$32,MATCH($AC76,배관집계!$AJ$7:$AJ$32,0))&"","")) | AC76: =IF($G76="","",$B76&"|"&$C76&"|"&$E76&"|"&$U76&"|"&$I76) -> 설치|옥외|5kg/cm2이상|STPG370S| | AD76: =IF($G76="","",IF($B76<>"설치","",IF($G76="PIPE","PIPE",IF($G76="VALVE",IF(ISNUMBER(SEARCH("GLOBE",$H76)),"GLOBE",IF(ISNUMBER(SEARCH("GATE",$H76)),"GATE",IF(ISNUMBER(SEARCH("BUTTER",$H76)),"BFLY","VALVE기타"))),IF($G76="FITTING",IF(LEFT($H76,5)="ELBOW",IF($AE76=90,"90EL",IF($AE76=45,"45EL","비규격EL")),IF(LEFT($H76,6)="FLANGE","FLANGE",IF(ISNUMBER(SEARCH("TEE",$H76)),"TEE",""))),""))))) | AE76: =IF(AND($G76="FITTING",LEFT($H76,5)="ELBOW"),IFERROR(VALUE(LEFT(MID($H76,7,12),MIN(IFERROR(FIND("L",MID($H76,7,12)),99),IFERROR(FIND("S",MID($H76,7,12)),99),IFERROR(FIND(" ",MID($H76,7,12)),99))-1)),""),"") | AF76: =IF($AD76="비규격EL",N($L76)*RADIANS(N($AE76))*보온기준!$F$15*N($I76)*보온기준!$F$16/1000,0) -> 0 | AG76: =IF($G76="","",IF(OR($AA76<>"○",LEFT($F76,3)="STS",LEFT($F76,3)="SUS",$C76="매설"),"Y","N")) -> Y
A77: 71 | B77: 설치 | C77: 옥외 | D77: WATER | E77: 5kg/cm2이상 | F77: S35C/S25C | G77: BOLT | H77: S.B/N M36x220L 300A-40K | K77: SET | L77: 12 | M77: =IF($G77<>"PIPE","",IFERROR(1/(1/INDEX(배관단중표!$B$7:$W$41,MATCH($I77,배관단중표!$A$7:$A$41,0),MATCH(IF($J77="SPP","SPP",IF(LEFT($F77,3)="STS",IF(ISNUMBER(SEARCH("316",$F77)),"STS316","STS304"),"SPPS")&"|"&$J77),배관단중표!$B$6:$W$6,0))),"DB확인")) | N77: 2 | P77: =IF($G77="","",IFERROR(IF(O77<>"",O77,L77*IF(G77="PIPE",M77,N77)),0)) -> 24 | Q77: =IF($G77="","",IF(G77="PIPE","P","F")) -> F | R77: =IF($G77<>"PIPE","",IFERROR(IF(O77<>"",O77/M77,IF(K77="M",L77,"")),"")) | S77: =IF($G77<>"PIPE","",IF(AND($AA77="○",OR($W77<>"○",배관기준!$AG$17="N"),$C77<>"매설",LEFT($F77,3)<>"STS",LEFT($F77,3)<>"SUS"),"Y","N")) | U77: STPG370S | V77: 고장력볼트 | W77: =IF($G77="","",IFERROR(INDEX(배관집계!$AC$7:$AC$32,MATCH($AC77,배관집계!$AJ$7:$AJ$32,0))&"","")) | X77: =IF($G77="","",IFERROR(INDEX(배관집계!$AD$7:$AD$32,MATCH($AC77,배관집계!$AJ$7:$AJ$32,0))&"","")) | Y77: =IF($G77="","",IFERROR(INDEX(배관집계!$AE$7:$AE$32,MATCH($AC77,배관집계!$AJ$7:$AJ$32,0))&"","")) | Z77: =IF($G77="","",IFERROR(INDEX(배관집계!$AF$7:$AF$32,MATCH($AC77,배관집계!$AJ$7:$AJ$32,0))&"","")) | AA77: =IF($G77="","",IFERROR(INDEX(배관집계!$AG$7:$AG$32,MATCH($AC77,배관집계!$AJ$7:$AJ$32,0))&"","")) | AB77: =IF($G77="","",IFERROR(INDEX(배관집계!$AH$7:$AH$32,MATCH($AC77,배관집계!$AJ$7:$AJ$32,0))&"","")) | AC77: =IF($G77="","",$B77&"|"&$C77&"|"&$E77&"|"&$U77&"|"&$I77) -> 설치|옥외|5kg/cm2이상|STPG370S| | AD77: =IF($G77="","",IF($B77<>"설치","",IF($G77="PIPE","PIPE",IF($G77="VALVE",IF(ISNUMBER(SEARCH("GLOBE",$H77)),"GLOBE",IF(ISNUMBER(SEARCH("GATE",$H77)),"GATE",IF(ISNUMBER(SEARCH("BUTTER",$H77)),"BFLY","VALVE기타"))),IF($G77="FITTING",IF(LEFT($H77,5)="ELBOW",IF($AE77=90,"90EL",IF($AE77=45,"45EL","비규격EL")),IF(LEFT($H77,6)="FLANGE","FLANGE",IF(ISNUMBER(SEARCH("TEE",$H77)),"TEE",""))),""))))) | AE77: =IF(AND($G77="FITTING",LEFT($H77,5)="ELBOW"),IFERROR(VALUE(LEFT(MID($H77,7,12),MIN(IFERROR(FIND("L",MID($H77,7,12)),99),IFERROR(FIND("S",MID($H77,7,12)),99),IFERROR(FIND(" ",MID($H77,7,12)),99))-1)),""),"") | AF77: =IF($AD77="비규격EL",N($L77)*RADIANS(N($AE77))*보온기준!$F$15*N($I77)*보온기준!$F$16/1000,0) -> 0 | AG77: =IF($G77="","",IF(OR($AA77<>"○",LEFT($F77,3)="STS",LEFT($F77,3)="SUS",$C77="매설"),"Y","N")) -> Y
M78: =IF($G78<>"PIPE","",IFERROR(1/(1/INDEX(배관단중표!$B$7:$W$41,MATCH($I78,배관단중표!$A$7:$A$41,0),MATCH(IF($J78="SPP","SPP",IF(LEFT($F78,3)="STS",IF(ISNUMBER(SEARCH("316",$F78)),"STS316","STS304"),"SPPS")&"|"&$J78),배관단중표!$B$6:$W$6,0))),"DB확인")) | P78: =IF($G78="","",IFERROR(IF(O78<>"",O78,L78*IF(G78="PIPE",M78,N78)),0)) | Q78: =IF($G78="","",IF(G78="PIPE","P","F")) | R78: =IF($G78<>"PIPE","",IFERROR(IF(O78<>"",O78/M78,IF(K78="M",L78,"")),"")) | S78: =IF($G78<>"PIPE","",IF(AND($AA78="○",OR($W78<>"○",배관기준!$AG$17="N"),$C78<>"매설",LEFT($F78,3)<>"STS",LEFT($F78,3)<>"SUS"),"Y","N")) | W78: =IF($G78="","",IFERROR(INDEX(배관집계!$AC$7:$AC$32,MATCH($AC78,배관집계!$AJ$7:$AJ$32,0))&"","")) | X78: =IF($G78="","",IFERROR(INDEX(배관집계!$AD$7:$AD$32,MATCH($AC78,배관집계!$AJ$7:$AJ$32,0))&"","")) | Y78: =IF($G78="","",IFERROR(INDEX(배관집계!$AE$7:$AE$32,MATCH($AC78,배관집계!$AJ$7:$AJ$32,0))&"","")) | Z78: =IF($G78="","",IFERROR(INDEX(배관집계!$AF$7:$AF$32,MATCH($AC78,배관집계!$AJ$7:$AJ$32,0))&"","")) | AA78: =IF($G78="","",IFERROR(INDEX(배관집계!$AG$7:$AG$32,MATCH($AC78,배관집계!$AJ$7:$AJ$32,0))&"","")) | AB78: =IF($G78="","",IFERROR(INDEX(배관집계!$AH$7:$AH$32,MATCH($AC78,배관집계!$AJ$7:$AJ$32,0))&"","")) | AC78: =IF($G78="","",$B78&"|"&$C78&"|"&$E78&"|"&$U78&"|"&$I78) | AD78: =IF($G78="","",IF($B78<>"설치","",IF($G78="PIPE","PIPE",IF($G78="VALVE",IF(ISNUMBER(SEARCH("GLOBE",$H78)),"GLOBE",IF(ISNUMBER(SEARCH("GATE",$H78)),"GATE",IF(ISNUMBER(SEARCH("BUTTER",$H78)),"BFLY","VALVE기타"))),IF($G78="FITTING",IF(LEFT($H78,5)="ELBOW",IF($AE78=90,"90EL",IF($AE78=45,"45EL","비규격EL")),IF(LEFT($H78,6)="FLANGE","FLANGE",IF(ISNUMBER(SEARCH("TEE",$H78)),"TEE",""))),""))))) | AE78: =IF(AND($G78="FITTING",LEFT($H78,5)="ELBOW"),IFERROR(VALUE(LEFT(MID($H78,7,12),MIN(IFERROR(FIND("L",MID($H78,7,12)),99),IFERROR(FIND("S",MID($H78,7,12)),99),IFERROR(FIND(" ",MID($H78,7,12)),99))-1)),""),"") | AF78: =IF($AD78="비규격EL",N($L78)*RADIANS(N($AE78))*보온기준!$F$15*N($I78)*보온기준!$F$16/1000,0) -> 0 | AG78: =IF($G78="","",IF(OR($AA78<>"○",LEFT($F78,3)="STS",LEFT($F78,3)="SUS",$C78="매설"),"Y","N"))
M79: =IF($G79<>"PIPE","",IFERROR(1/(1/INDEX(배관단중표!$B$7:$W$41,MATCH($I79,배관단중표!$A$7:$A$41,0),MATCH(IF($J79="SPP","SPP",IF(LEFT($F79,3)="STS",IF(ISNUMBER(SEARCH("316",$F79)),"STS316","STS304"),"SPPS")&"|"&$J79),배관단중표!$B$6:$W$6,0))),"DB확인")) | P79: =IF($G79="","",IFERROR(IF(O79<>"",O79,L79*IF(G79="PIPE",M79,N79)),0)) | Q79: =IF($G79="","",IF(G79="PIPE","P","F")) | R79: =IF($G79<>"PIPE","",IFERROR(IF(O79<>"",O79/M79,IF(K79="M",L79,"")),"")) | S79: =IF($G79<>"PIPE","",IF(AND($AA79="○",OR($W79<>"○",배관기준!$AG$17="N"),$C79<>"매설",LEFT($F79,3)<>"STS",LEFT($F79,3)<>"SUS"),"Y","N")) | W79: =IF($G79="","",IFERROR(INDEX(배관집계!$AC$7:$AC$32,MATCH($AC79,배관집계!$AJ$7:$AJ$32,0))&"","")) | X79: =IF($G79="","",IFERROR(INDEX(배관집계!$AD$7:$AD$32,MATCH($AC79,배관집계!$AJ$7:$AJ$32,0))&"","")) | Y79: =IF($G79="","",IFERROR(INDEX(배관집계!$AE$7:$AE$32,MATCH($AC79,배관집계!$AJ$7:$AJ$32,0))&"","")) | Z79: =IF($G79="","",IFERROR(INDEX(배관집계!$AF$7:$AF$32,MATCH($AC79,배관집계!$AJ$7:$AJ$32,0))&"","")) | AA79: =IF($G79="","",IFERROR(INDEX(배관집계!$AG$7:$AG$32,MATCH($AC79,배관집계!$AJ$7:$AJ$32,0))&"","")) | AB79: =IF($G79="","",IFERROR(INDEX(배관집계!$AH$7:$AH$32,MATCH($AC79,배관집계!$AJ$7:$AJ$32,0))&"","")) | AC79: =IF($G79="","",$B79&"|"&$C79&"|"&$E79&"|"&$U79&"|"&$I79) | AD79: =IF($G79="","",IF($B79<>"설치","",IF($G79="PIPE","PIPE",IF($G79="VALVE",IF(ISNUMBER(SEARCH("GLOBE",$H79)),"GLOBE",IF(ISNUMBER(SEARCH("GATE",$H79)),"GATE",IF(ISNUMBER(SEARCH("BUTTER",$H79)),"BFLY","VALVE기타"))),IF($G79="FITTING",IF(LEFT($H79,5)="ELBOW",IF($AE79=90,"90EL",IF($AE79=45,"45EL","비규격EL")),IF(LEFT($H79,6)="FLANGE","FLANGE",IF(ISNUMBER(SEARCH("TEE",$H79)),"TEE",""))),""))))) | AE79: =IF(AND($G79="FITTING",LEFT($H79,5)="ELBOW"),IFERROR(VALUE(LEFT(MID($H79,7,12),MIN(IFERROR(FIND("L",MID($H79,7,12)),99),IFERROR(FIND("S",MID($H79,7,12)),99),IFERROR(FIND(" ",MID($H79,7,12)),99))-1)),""),"") | AF79: =IF($AD79="비규격EL",N($L79)*RADIANS(N($AE79))*보온기준!$F$15*N($I79)*보온기준!$F$16/1000,0) -> 0 | AG79: =IF($G79="","",IF(OR($AA79<>"○",LEFT($F79,3)="STS",LEFT($F79,3)="SUS",$C79="매설"),"Y","N"))
M80: =IF($G80<>"PIPE","",IFERROR(1/(1/INDEX(배관단중표!$B$7:$W$41,MATCH($I80,배관단중표!$A$7:$A$41,0),MATCH(IF($J80="SPP","SPP",IF(LEFT($F80,3)="STS",IF(ISNUMBER(SEARCH("316",$F80)),"STS316","STS304"),"SPPS")&"|"&$J80),배관단중표!$B$6:$W$6,0))),"DB확인")) | P80: =IF($G80="","",IFERROR(IF(O80<>"",O80,L80*IF(G80="PIPE",M80,N80)),0)) | Q80: =IF($G80="","",IF(G80="PIPE","P","F")) | R80: =IF($G80<>"PIPE","",IFERROR(IF(O80<>"",O80/M80,IF(K80="M",L80,"")),"")) | S80: =IF($G80<>"PIPE","",IF(AND($AA80="○",OR($W80<>"○",배관기준!$AG$17="N"),$C80<>"매설",LEFT($F80,3)<>"STS",LEFT($F80,3)<>"SUS"),"Y","N")) | W80: =IF($G80="","",IFERROR(INDEX(배관집계!$AC$7:$AC$32,MATCH($AC80,배관집계!$AJ$7:$AJ$32,0))&"","")) | X80: =IF($G80="","",IFERROR(INDEX(배관집계!$AD$7:$AD$32,MATCH($AC80,배관집계!$AJ$7:$AJ$32,0))&"","")) | Y80: =IF($G80="","",IFERROR(INDEX(배관집계!$AE$7:$AE$32,MATCH($AC80,배관집계!$AJ$7:$AJ$32,0))&"","")) | Z80: =IF($G80="","",IFERROR(INDEX(배관집계!$AF$7:$AF$32,MATCH($AC80,배관집계!$AJ$7:$AJ$32,0))&"","")) | AA80: =IF($G80="","",IFERROR(INDEX(배관집계!$AG$7:$AG$32,MATCH($AC80,배관집계!$AJ$7:$AJ$32,0))&"","")) | AB80: =IF($G80="","",IFERROR(INDEX(배관집계!$AH$7:$AH$32,MATCH($AC80,배관집계!$AJ$7:$AJ$32,0))&"","")) | AC80: =IF($G80="","",$B80&"|"&$C80&"|"&$E80&"|"&$U80&"|"&$I80) | AD80: =IF($G80="","",IF($B80<>"설치","",IF($G80="PIPE","PIPE",IF($G80="VALVE",IF(ISNUMBER(SEARCH("GLOBE",$H80)),"GLOBE",IF(ISNUMBER(SEARCH("GATE",$H80)),"GATE",IF(ISNUMBER(SEARCH("BUTTER",$H80)),"BFLY","VALVE기타"))),IF($G80="FITTING",IF(LEFT($H80,5)="ELBOW",IF($AE80=90,"90EL",IF($AE80=45,"45EL","비규격EL")),IF(LEFT($H80,6)="FLANGE","FLANGE",IF(ISNUMBER(SEARCH("TEE",$H80)),"TEE",""))),""))))) | AE80: =IF(AND($G80="FITTING",LEFT($H80,5)="ELBOW"),IFERROR(VALUE(LEFT(MID($H80,7,12),MIN(IFERROR(FIND("L",MID($H80,7,12)),99),IFERROR(FIND("S",MID($H80,7,12)),99),IFERROR(FIND(" ",MID($H80,7,12)),99))-1)),""),"") | AF80: =IF($AD80="비규격EL",N($L80)*RADIANS(N($AE80))*보온기준!$F$15*N($I80)*보온기준!$F$16/1000,0) -> 0 | AG80: =IF($G80="","",IF(OR($AA80<>"○",LEFT($F80,3)="STS",LEFT($F80,3)="SUS",$C80="매설"),"Y","N"))
M81: =IF($G81<>"PIPE","",IFERROR(1/(1/INDEX(배관단중표!$B$7:$W$41,MATCH($I81,배관단중표!$A$7:$A$41,0),MATCH(IF($J81="SPP","SPP",IF(LEFT($F81,3)="STS",IF(ISNUMBER(SEARCH("316",$F81)),"STS316","STS304"),"SPPS")&"|"&$J81),배관단중표!$B$6:$W$6,0))),"DB확인")) | P81: =IF($G81="","",IFERROR(IF(O81<>"",O81,L81*IF(G81="PIPE",M81,N81)),0)) | Q81: =IF($G81="","",IF(G81="PIPE","P","F")) | R81: =IF($G81<>"PIPE","",IFERROR(IF(O81<>"",O81/M81,IF(K81="M",L81,"")),"")) | S81: =IF($G81<>"PIPE","",IF(AND($AA81="○",OR($W81<>"○",배관기준!$AG$17="N"),$C81<>"매설",LEFT($F81,3)<>"STS",LEFT($F81,3)<>"SUS"),"Y","N")) | W81: =IF($G81="","",IFERROR(INDEX(배관집계!$AC$7:$AC$32,MATCH($AC81,배관집계!$AJ$7:$AJ$32,0))&"","")) | X81: =IF($G81="","",IFERROR(INDEX(배관집계!$AD$7:$AD$32,MATCH($AC81,배관집계!$AJ$7:$AJ$32,0))&"","")) | Y81: =IF($G81="","",IFERROR(INDEX(배관집계!$AE$7:$AE$32,MATCH($AC81,배관집계!$AJ$7:$AJ$32,0))&"","")) | Z81: =IF($G81="","",IFERROR(INDEX(배관집계!$AF$7:$AF$32,MATCH($AC81,배관집계!$AJ$7:$AJ$32,0))&"","")) | AA81: =IF($G81="","",IFERROR(INDEX(배관집계!$AG$7:$AG$32,MATCH($AC81,배관집계!$AJ$7:$AJ$32,0))&"","")) | AB81: =IF($G81="","",IFERROR(INDEX(배관집계!$AH$7:$AH$32,MATCH($AC81,배관집계!$AJ$7:$AJ$32,0))&"","")) | AC81: =IF($G81="","",$B81&"|"&$C81&"|"&$E81&"|"&$U81&"|"&$I81) | AD81: =IF($G81="","",IF($B81<>"설치","",IF($G81="PIPE","PIPE",IF($G81="VALVE",IF(ISNUMBER(SEARCH("GLOBE",$H81)),"GLOBE",IF(ISNUMBER(SEARCH("GATE",$H81)),"GATE",IF(ISNUMBER(SEARCH("BUTTER",$H81)),"BFLY","VALVE기타"))),IF($G81="FITTING",IF(LEFT($H81,5)="ELBOW",IF($AE81=90,"90EL",IF($AE81=45,"45EL","비규격EL")),IF(LEFT($H81,6)="FLANGE","FLANGE",IF(ISNUMBER(SEARCH("TEE",$H81)),"TEE",""))),""))))) | AE81: =IF(AND($G81="FITTING",LEFT($H81,5)="ELBOW"),IFERROR(VALUE(LEFT(MID($H81,7,12),MIN(IFERROR(FIND("L",MID($H81,7,12)),99),IFERROR(FIND("S",MID($H81,7,12)),99),IFERROR(FIND(" ",MID($H81,7,12)),99))-1)),""),"") | AF81: =IF($AD81="비규격EL",N($L81)*RADIANS(N($AE81))*보온기준!$F$15*N($I81)*보온기준!$F$16/1000,0) -> 0 | AG81: =IF($G81="","",IF(OR($AA81<>"○",LEFT($F81,3)="STS",LEFT($F81,3)="SUS",$C81="매설"),"Y","N"))
M82: =IF($G82<>"PIPE","",IFERROR(1/(1/INDEX(배관단중표!$B$7:$W$41,MATCH($I82,배관단중표!$A$7:$A$41,0),MATCH(IF($J82="SPP","SPP",IF(LEFT($F82,3)="STS",IF(ISNUMBER(SEARCH("316",$F82)),"STS316","STS304"),"SPPS")&"|"&$J82),배관단중표!$B$6:$W$6,0))),"DB확인")) | P82: =IF($G82="","",IFERROR(IF(O82<>"",O82,L82*IF(G82="PIPE",M82,N82)),0)) | Q82: =IF($G82="","",IF(G82="PIPE","P","F")) | R82: =IF($G82<>"PIPE","",IFERROR(IF(O82<>"",O82/M82,IF(K82="M",L82,"")),"")) | S82: =IF($G82<>"PIPE","",IF(AND($AA82="○",OR($W82<>"○",배관기준!$AG$17="N"),$C82<>"매설",LEFT($F82,3)<>"STS",LEFT($F82,3)<>"SUS"),"Y","N")) | W82: =IF($G82="","",IFERROR(INDEX(배관집계!$AC$7:$AC$32,MATCH($AC82,배관집계!$AJ$7:$AJ$32,0))&"","")) | X82: =IF($G82="","",IFERROR(INDEX(배관집계!$AD$7:$AD$32,MATCH($AC82,배관집계!$AJ$7:$AJ$32,0))&"","")) | Y82: =IF($G82="","",IFERROR(INDEX(배관집계!$AE$7:$AE$32,MATCH($AC82,배관집계!$AJ$7:$AJ$32,0))&"","")) | Z82: =IF($G82="","",IFERROR(INDEX(배관집계!$AF$7:$AF$32,MATCH($AC82,배관집계!$AJ$7:$AJ$32,0))&"","")) | AA82: =IF($G82="","",IFERROR(INDEX(배관집계!$AG$7:$AG$32,MATCH($AC82,배관집계!$AJ$7:$AJ$32,0))&"","")) | AB82: =IF($G82="","",IFERROR(INDEX(배관집계!$AH$7:$AH$32,MATCH($AC82,배관집계!$AJ$7:$AJ$32,0))&"","")) | AC82: =IF($G82="","",$B82&"|"&$C82&"|"&$E82&"|"&$U82&"|"&$I82) | AD82: =IF($G82="","",IF($B82<>"설치","",IF($G82="PIPE","PIPE",IF($G82="VALVE",IF(ISNUMBER(SEARCH("GLOBE",$H82)),"GLOBE",IF(ISNUMBER(SEARCH("GATE",$H82)),"GATE",IF(ISNUMBER(SEARCH("BUTTER",$H82)),"BFLY","VALVE기타"))),IF($G82="FITTING",IF(LEFT($H82,5)="ELBOW",IF($AE82=90,"90EL",IF($AE82=45,"45EL","비규격EL")),IF(LEFT($H82,6)="FLANGE","FLANGE",IF(ISNUMBER(SEARCH("TEE",$H82)),"TEE",""))),""))))) | AE82: =IF(AND($G82="FITTING",LEFT($H82,5)="ELBOW"),IFERROR(VALUE(LEFT(MID($H82,7,12),MIN(IFERROR(FIND("L",MID($H82,7,12)),99),IFERROR(FIND("S",MID($H82,7,12)),99),IFERROR(FIND(" ",MID($H82,7,12)),99))-1)),""),"") | AF82: =IF($AD82="비규격EL",N($L82)*RADIANS(N($AE82))*보온기준!$F$15*N($I82)*보온기준!$F$16/1000,0) -> 0 | AG82: =IF($G82="","",IF(OR($AA82<>"○",LEFT($F82,3)="STS",LEFT($F82,3)="SUS",$C82="매설"),"Y","N"))
M83: =IF($G83<>"PIPE","",IFERROR(1/(1/INDEX(배관단중표!$B$7:$W$41,MATCH($I83,배관단중표!$A$7:$A$41,0),MATCH(IF($J83="SPP","SPP",IF(LEFT($F83,3)="STS",IF(ISNUMBER(SEARCH("316",$F83)),"STS316","STS304"),"SPPS")&"|"&$J83),배관단중표!$B$6:$W$6,0))),"DB확인")) | P83: =IF($G83="","",IFERROR(IF(O83<>"",O83,L83*IF(G83="PIPE",M83,N83)),0)) | Q83: =IF($G83="","",IF(G83="PIPE","P","F")) | R83: =IF($G83<>"PIPE","",IFERROR(IF(O83<>"",O83/M83,IF(K83="M",L83,"")),"")) | S83: =IF($G83<>"PIPE","",IF(AND($AA83="○",OR($W83<>"○",배관기준!$AG$17="N"),$C83<>"매설",LEFT($F83,3)<>"STS",LEFT($F83,3)<>"SUS"),"Y","N")) | W83: =IF($G83="","",IFERROR(INDEX(배관집계!$AC$7:$AC$32,MATCH($AC83,배관집계!$AJ$7:$AJ$32,0))&"","")) | X83: =IF($G83="","",IFERROR(INDEX(배관집계!$AD$7:$AD$32,MATCH($AC83,배관집계!$AJ$7:$AJ$32,0))&"","")) | Y83: =IF($G83="","",IFERROR(INDEX(배관집계!$AE$7:$AE$32,MATCH($AC83,배관집계!$AJ$7:$AJ$32,0))&"","")) | Z83: =IF($G83="","",IFERROR(INDEX(배관집계!$AF$7:$AF$32,MATCH($AC83,배관집계!$AJ$7:$AJ$32,0))&"","")) | AA83: =IF($G83="","",IFERROR(INDEX(배관집계!$AG$7:$AG$32,MATCH($AC83,배관집계!$AJ$7:$AJ$32,0))&"","")) | AB83: =IF($G83="","",IFERROR(INDEX(배관집계!$AH$7:$AH$32,MATCH($AC83,배관집계!$AJ$7:$AJ$32,0))&"","")) | AC83: =IF($G83="","",$B83&"|"&$C83&"|"&$E83&"|"&$U83&"|"&$I83) | AD83: =IF($G83="","",IF($B83<>"설치","",IF($G83="PIPE","PIPE",IF($G83="VALVE",IF(ISNUMBER(SEARCH("GLOBE",$H83)),"GLOBE",IF(ISNUMBER(SEARCH("GATE",$H83)),"GATE",IF(ISNUMBER(SEARCH("BUTTER",$H83)),"BFLY","VALVE기타"))),IF($G83="FITTING",IF(LEFT($H83,5)="ELBOW",IF($AE83=90,"90EL",IF($AE83=45,"45EL","비규격EL")),IF(LEFT($H83,6)="FLANGE","FLANGE",IF(ISNUMBER(SEARCH("TEE",$H83)),"TEE",""))),""))))) | AE83: =IF(AND($G83="FITTING",LEFT($H83,5)="ELBOW"),IFERROR(VALUE(LEFT(MID($H83,7,12),MIN(IFERROR(FIND("L",MID($H83,7,12)),99),IFERROR(FIND("S",MID($H83,7,12)),99),IFERROR(FIND(" ",MID($H83,7,12)),99))-1)),""),"") | AF83: =IF($AD83="비규격EL",N($L83)*RADIANS(N($AE83))*보온기준!$F$15*N($I83)*보온기준!$F$16/1000,0) -> 0 | AG83: =IF($G83="","",IF(OR($AA83<>"○",LEFT($F83,3)="STS",LEFT($F83,3)="SUS",$C83="매설"),"Y","N"))
M84: =IF($G84<>"PIPE","",IFERROR(1/(1/INDEX(배관단중표!$B$7:$W$41,MATCH($I84,배관단중표!$A$7:$A$41,0),MATCH(IF($J84="SPP","SPP",IF(LEFT($F84,3)="STS",IF(ISNUMBER(SEARCH("316",$F84)),"STS316","STS304"),"SPPS")&"|"&$J84),배관단중표!$B$6:$W$6,0))),"DB확인")) | P84: =IF($G84="","",IFERROR(IF(O84<>"",O84,L84*IF(G84="PIPE",M84,N84)),0)) | Q84: =IF($G84="","",IF(G84="PIPE","P","F")) | R84: =IF($G84<>"PIPE","",IFERROR(IF(O84<>"",O84/M84,IF(K84="M",L84,"")),"")) | S84: =IF($G84<>"PIPE","",IF(AND($AA84="○",OR($W84<>"○",배관기준!$AG$17="N"),$C84<>"매설",LEFT($F84,3)<>"STS",LEFT($F84,3)<>"SUS"),"Y","N")) | W84: =IF($G84="","",IFERROR(INDEX(배관집계!$AC$7:$AC$32,MATCH($AC84,배관집계!$AJ$7:$AJ$32,0))&"","")) | X84: =IF($G84="","",IFERROR(INDEX(배관집계!$AD$7:$AD$32,MATCH($AC84,배관집계!$AJ$7:$AJ$32,0))&"","")) | Y84: =IF($G84="","",IFERROR(INDEX(배관집계!$AE$7:$AE$32,MATCH($AC84,배관집계!$AJ$7:$AJ$32,0))&"","")) | Z84: =IF($G84="","",IFERROR(INDEX(배관집계!$AF$7:$AF$32,MATCH($AC84,배관집계!$AJ$7:$AJ$32,0))&"","")) | AA84: =IF($G84="","",IFERROR(INDEX(배관집계!$AG$7:$AG$32,MATCH($AC84,배관집계!$AJ$7:$AJ$32,0))&"","")) | AB84: =IF($G84="","",IFERROR(INDEX(배관집계!$AH$7:$AH$32,MATCH($AC84,배관집계!$AJ$7:$AJ$32,0))&"","")) | AC84: =IF($G84="","",$B84&"|"&$C84&"|"&$E84&"|"&$U84&"|"&$I84) | AD84: =IF($G84="","",IF($B84<>"설치","",IF($G84="PIPE","PIPE",IF($G84="VALVE",IF(ISNUMBER(SEARCH("GLOBE",$H84)),"GLOBE",IF(ISNUMBER(SEARCH("GATE",$H84)),"GATE",IF(ISNUMBER(SEARCH("BUTTER",$H84)),"BFLY","VALVE기타"))),IF($G84="FITTING",IF(LEFT($H84,5)="ELBOW",IF($AE84=90,"90EL",IF($AE84=45,"45EL","비규격EL")),IF(LEFT($H84,6)="FLANGE","FLANGE",IF(ISNUMBER(SEARCH("TEE",$H84)),"TEE",""))),""))))) | AE84: =IF(AND($G84="FITTING",LEFT($H84,5)="ELBOW"),IFERROR(VALUE(LEFT(MID($H84,7,12),MIN(IFERROR(FIND("L",MID($H84,7,12)),99),IFERROR(FIND("S",MID($H84,7,12)),99),IFERROR(FIND(" ",MID($H84,7,12)),99))-1)),""),"") | AF84: =IF($AD84="비규격EL",N($L84)*RADIANS(N($AE84))*보온기준!$F$15*N($I84)*보온기준!$F$16/1000,0) -> 0 | AG84: =IF($G84="","",IF(OR($AA84<>"○",LEFT($F84,3)="STS",LEFT($F84,3)="SUS",$C84="매설"),"Y","N"))
M85: =IF($G85<>"PIPE","",IFERROR(1/(1/INDEX(배관단중표!$B$7:$W$41,MATCH($I85,배관단중표!$A$7:$A$41,0),MATCH(IF($J85="SPP","SPP",IF(LEFT($F85,3)="STS",IF(ISNUMBER(SEARCH("316",$F85)),"STS316","STS304"),"SPPS")&"|"&$J85),배관단중표!$B$6:$W$6,0))),"DB확인")) | P85: =IF($G85="","",IFERROR(IF(O85<>"",O85,L85*IF(G85="PIPE",M85,N85)),0)) | Q85: =IF($G85="","",IF(G85="PIPE","P","F")) | R85: =IF($G85<>"PIPE","",IFERROR(IF(O85<>"",O85/M85,IF(K85="M",L85,"")),"")) | S85: =IF($G85<>"PIPE","",IF(AND($AA85="○",OR($W85<>"○",배관기준!$AG$17="N"),$C85<>"매설",LEFT($F85,3)<>"STS",LEFT($F85,3)<>"SUS"),"Y","N")) | W85: =IF($G85="","",IFERROR(INDEX(배관집계!$AC$7:$AC$32,MATCH($AC85,배관집계!$AJ$7:$AJ$32,0))&"","")) | X85: =IF($G85="","",IFERROR(INDEX(배관집계!$AD$7:$AD$32,MATCH($AC85,배관집계!$AJ$7:$AJ$32,0))&"","")) | Y85: =IF($G85="","",IFERROR(INDEX(배관집계!$AE$7:$AE$32,MATCH($AC85,배관집계!$AJ$7:$AJ$32,0))&"","")) | Z85: =IF($G85="","",IFERROR(INDEX(배관집계!$AF$7:$AF$32,MATCH($AC85,배관집계!$AJ$7:$AJ$32,0))&"","")) | AA85: =IF($G85="","",IFERROR(INDEX(배관집계!$AG$7:$AG$32,MATCH($AC85,배관집계!$AJ$7:$AJ$32,0))&"","")) | AB85: =IF($G85="","",IFERROR(INDEX(배관집계!$AH$7:$AH$32,MATCH($AC85,배관집계!$AJ$7:$AJ$32,0))&"","")) | AC85: =IF($G85="","",$B85&"|"&$C85&"|"&$E85&"|"&$U85&"|"&$I85) | AD85: =IF($G85="","",IF($B85<>"설치","",IF($G85="PIPE","PIPE",IF($G85="VALVE",IF(ISNUMBER(SEARCH("GLOBE",$H85)),"GLOBE",IF(ISNUMBER(SEARCH("GATE",$H85)),"GATE",IF(ISNUMBER(SEARCH("BUTTER",$H85)),"BFLY","VALVE기타"))),IF($G85="FITTING",IF(LEFT($H85,5)="ELBOW",IF($AE85=90,"90EL",IF($AE85=45,"45EL","비규격EL")),IF(LEFT($H85,6)="FLANGE","FLANGE",IF(ISNUMBER(SEARCH("TEE",$H85)),"TEE",""))),""))))) | AE85: =IF(AND($G85="FITTING",LEFT($H85,5)="ELBOW"),IFERROR(VALUE(LEFT(MID($H85,7,12),MIN(IFERROR(FIND("L",MID($H85,7,12)),99),IFERROR(FIND("S",MID($H85,7,12)),99),IFERROR(FIND(" ",MID($H85,7,12)),99))-1)),""),"") | AF85: =IF($AD85="비규격EL",N($L85)*RADIANS(N($AE85))*보온기준!$F$15*N($I85)*보온기준!$F$16/1000,0) -> 0 | AG85: =IF($G85="","",IF(OR($AA85<>"○",LEFT($F85,3)="STS",LEFT($F85,3)="SUS",$C85="매설"),"Y","N"))
M86: =IF($G86<>"PIPE","",IFERROR(1/(1/INDEX(배관단중표!$B$7:$W$41,MATCH($I86,배관단중표!$A$7:$A$41,0),MATCH(IF($J86="SPP","SPP",IF(LEFT($F86,3)="STS",IF(ISNUMBER(SEARCH("316",$F86)),"STS316","STS304"),"SPPS")&"|"&$J86),배관단중표!$B$6:$W$6,0))),"DB확인")) | P86: =IF($G86="","",IFERROR(IF(O86<>"",O86,L86*IF(G86="PIPE",M86,N86)),0)) | Q86: =IF($G86="","",IF(G86="PIPE","P","F")) | R86: =IF($G86<>"PIPE","",IFERROR(IF(O86<>"",O86/M86,IF(K86="M",L86,"")),"")) | S86: =IF($G86<>"PIPE","",IF(AND($AA86="○",OR($W86<>"○",배관기준!$AG$17="N"),$C86<>"매설",LEFT($F86,3)<>"STS",LEFT($F86,3)<>"SUS"),"Y","N")) | W86: =IF($G86="","",IFERROR(INDEX(배관집계!$AC$7:$AC$32,MATCH($AC86,배관집계!$AJ$7:$AJ$32,0))&"","")) | X86: =IF($G86="","",IFERROR(INDEX(배관집계!$AD$7:$AD$32,MATCH($AC86,배관집계!$AJ$7:$AJ$32,0))&"","")) | Y86: =IF($G86="","",IFERROR(INDEX(배관집계!$AE$7:$AE$32,MATCH($AC86,배관집계!$AJ$7:$AJ$32,0))&"","")) | Z86: =IF($G86="","",IFERROR(INDEX(배관집계!$AF$7:$AF$32,MATCH($AC86,배관집계!$AJ$7:$AJ$32,0))&"","")) | AA86: =IF($G86="","",IFERROR(INDEX(배관집계!$AG$7:$AG$32,MATCH($AC86,배관집계!$AJ$7:$AJ$32,0))&"","")) | AB86: =IF($G86="","",IFERROR(INDEX(배관집계!$AH$7:$AH$32,MATCH($AC86,배관집계!$AJ$7:$AJ$32,0))&"","")) | AC86: =IF($G86="","",$B86&"|"&$C86&"|"&$E86&"|"&$U86&"|"&$I86) | AD86: =IF($G86="","",IF($B86<>"설치","",IF($G86="PIPE","PIPE",IF($G86="VALVE",IF(ISNUMBER(SEARCH("GLOBE",$H86)),"GLOBE",IF(ISNUMBER(SEARCH("GATE",$H86)),"GATE",IF(ISNUMBER(SEARCH("BUTTER",$H86)),"BFLY","VALVE기타"))),IF($G86="FITTING",IF(LEFT($H86,5)="ELBOW",IF($AE86=90,"90EL",IF($AE86=45,"45EL","비규격EL")),IF(LEFT($H86,6)="FLANGE","FLANGE",IF(ISNUMBER(SEARCH("TEE",$H86)),"TEE",""))),""))))) | AE86: =IF(AND($G86="FITTING",LEFT($H86,5)="ELBOW"),IFERROR(VALUE(LEFT(MID($H86,7,12),MIN(IFERROR(FIND("L",MID($H86,7,12)),99),IFERROR(FIND("S",MID($H86,7,12)),99),IFERROR(FIND(" ",MID($H86,7,12)),99))-1)),""),"") | AF86: =IF($AD86="비규격EL",N($L86)*RADIANS(N($AE86))*보온기준!$F$15*N($I86)*보온기준!$F$16/1000,0) -> 0 | AG86: =IF($G86="","",IF(OR($AA86<>"○",LEFT($F86,3)="STS",LEFT($F86,3)="SUS",$C86="매설"),"Y","N"))
M87: =IF($G87<>"PIPE","",IFERROR(1/(1/INDEX(배관단중표!$B$7:$W$41,MATCH($I87,배관단중표!$A$7:$A$41,0),MATCH(IF($J87="SPP","SPP",IF(LEFT($F87,3)="STS",IF(ISNUMBER(SEARCH("316",$F87)),"STS316","STS304"),"SPPS")&"|"&$J87),배관단중표!$B$6:$W$6,0))),"DB확인")) | P87: =IF($G87="","",IFERROR(IF(O87<>"",O87,L87*IF(G87="PIPE",M87,N87)),0)) | Q87: =IF($G87="","",IF(G87="PIPE","P","F")) | R87: =IF($G87<>"PIPE","",IFERROR(IF(O87<>"",O87/M87,IF(K87="M",L87,"")),"")) | S87: =IF($G87<>"PIPE","",IF(AND($AA87="○",OR($W87<>"○",배관기준!$AG$17="N"),$C87<>"매설",LEFT($F87,3)<>"STS",LEFT($F87,3)<>"SUS"),"Y","N")) | W87: =IF($G87="","",IFERROR(INDEX(배관집계!$AC$7:$AC$32,MATCH($AC87,배관집계!$AJ$7:$AJ$32,0))&"","")) | X87: =IF($G87="","",IFERROR(INDEX(배관집계!$AD$7:$AD$32,MATCH($AC87,배관집계!$AJ$7:$AJ$32,0))&"","")) | Y87: =IF($G87="","",IFERROR(INDEX(배관집계!$AE$7:$AE$32,MATCH($AC87,배관집계!$AJ$7:$AJ$32,0))&"","")) | Z87: =IF($G87="","",IFERROR(INDEX(배관집계!$AF$7:$AF$32,MATCH($AC87,배관집계!$AJ$7:$AJ$32,0))&"","")) | AA87: =IF($G87="","",IFERROR(INDEX(배관집계!$AG$7:$AG$32,MATCH($AC87,배관집계!$AJ$7:$AJ$32,0))&"","")) | AB87: =IF($G87="","",IFERROR(INDEX(배관집계!$AH$7:$AH$32,MATCH($AC87,배관집계!$AJ$7:$AJ$32,0))&"","")) | AC87: =IF($G87="","",$B87&"|"&$C87&"|"&$E87&"|"&$U87&"|"&$I87) | AD87: =IF($G87="","",IF($B87<>"설치","",IF($G87="PIPE","PIPE",IF($G87="VALVE",IF(ISNUMBER(SEARCH("GLOBE",$H87)),"GLOBE",IF(ISNUMBER(SEARCH("GATE",$H87)),"GATE",IF(ISNUMBER(SEARCH("BUTTER",$H87)),"BFLY","VALVE기타"))),IF($G87="FITTING",IF(LEFT($H87,5)="ELBOW",IF($AE87=90,"90EL",IF($AE87=45,"45EL","비규격EL")),IF(LEFT($H87,6)="FLANGE","FLANGE",IF(ISNUMBER(SEARCH("TEE",$H87)),"TEE",""))),""))))) | AE87: =IF(AND($G87="FITTING",LEFT($H87,5)="ELBOW"),IFERROR(VALUE(LEFT(MID($H87,7,12),MIN(IFERROR(FIND("L",MID($H87,7,12)),99),IFERROR(FIND("S",MID($H87,7,12)),99),IFERROR(FIND(" ",MID($H87,7,12)),99))-1)),""),"") | AF87: =IF($AD87="비규격EL",N($L87)*RADIANS(N($AE87))*보온기준!$F$15*N($I87)*보온기준!$F$16/1000,0) -> 0 | AG87: =IF($G87="","",IF(OR($AA87<>"○",LEFT($F87,3)="STS",LEFT($F87,3)="SUS",$C87="매설"),"Y","N"))
M88: =IF($G88<>"PIPE","",IFERROR(1/(1/INDEX(배관단중표!$B$7:$W$41,MATCH($I88,배관단중표!$A$7:$A$41,0),MATCH(IF($J88="SPP","SPP",IF(LEFT($F88,3)="STS",IF(ISNUMBER(SEARCH("316",$F88)),"STS316","STS304"),"SPPS")&"|"&$J88),배관단중표!$B$6:$W$6,0))),"DB확인")) | P88: =IF($G88="","",IFERROR(IF(O88<>"",O88,L88*IF(G88="PIPE",M88,N88)),0)) | Q88: =IF($G88="","",IF(G88="PIPE","P","F")) | R88: =IF($G88<>"PIPE","",IFERROR(IF(O88<>"",O88/M88,IF(K88="M",L88,"")),"")) | S88: =IF($G88<>"PIPE","",IF(AND($AA88="○",OR($W88<>"○",배관기준!$AG$17="N"),$C88<>"매설",LEFT($F88,3)<>"STS",LEFT($F88,3)<>"SUS"),"Y","N")) | W88: =IF($G88="","",IFERROR(INDEX(배관집계!$AC$7:$AC$32,MATCH($AC88,배관집계!$AJ$7:$AJ$32,0))&"","")) | X88: =IF($G88="","",IFERROR(INDEX(배관집계!$AD$7:$AD$32,MATCH($AC88,배관집계!$AJ$7:$AJ$32,0))&"","")) | Y88: =IF($G88="","",IFERROR(INDEX(배관집계!$AE$7:$AE$32,MATCH($AC88,배관집계!$AJ$7:$AJ$32,0))&"","")) | Z88: =IF($G88="","",IFERROR(INDEX(배관집계!$AF$7:$AF$32,MATCH($AC88,배관집계!$AJ$7:$AJ$32,0))&"","")) | AA88: =IF($G88="","",IFERROR(INDEX(배관집계!$AG$7:$AG$32,MATCH($AC88,배관집계!$AJ$7:$AJ$32,0))&"","")) | AB88: =IF($G88="","",IFERROR(INDEX(배관집계!$AH$7:$AH$32,MATCH($AC88,배관집계!$AJ$7:$AJ$32,0))&"","")) | AC88: =IF($G88="","",$B88&"|"&$C88&"|"&$E88&"|"&$U88&"|"&$I88) | AD88: =IF($G88="","",IF($B88<>"설치","",IF($G88="PIPE","PIPE",IF($G88="VALVE",IF(ISNUMBER(SEARCH("GLOBE",$H88)),"GLOBE",IF(ISNUMBER(SEARCH("GATE",$H88)),"GATE",IF(ISNUMBER(SEARCH("BUTTER",$H88)),"BFLY","VALVE기타"))),IF($G88="FITTING",IF(LEFT($H88,5)="ELBOW",IF($AE88=90,"90EL",IF($AE88=45,"45EL","비규격EL")),IF(LEFT($H88,6)="FLANGE","FLANGE",IF(ISNUMBER(SEARCH("TEE",$H88)),"TEE",""))),""))))) | AE88: =IF(AND($G88="FITTING",LEFT($H88,5)="ELBOW"),IFERROR(VALUE(LEFT(MID($H88,7,12),MIN(IFERROR(FIND("L",MID($H88,7,12)),99),IFERROR(FIND("S",MID($H88,7,12)),99),IFERROR(FIND(" ",MID($H88,7,12)),99))-1)),""),"") | AF88: =IF($AD88="비규격EL",N($L88)*RADIANS(N($AE88))*보온기준!$F$15*N($I88)*보온기준!$F$16/1000,0) -> 0 | AG88: =IF($G88="","",IF(OR($AA88<>"○",LEFT($F88,3)="STS",LEFT($F88,3)="SUS",$C88="매설"),"Y","N"))
M89: =IF($G89<>"PIPE","",IFERROR(1/(1/INDEX(배관단중표!$B$7:$W$41,MATCH($I89,배관단중표!$A$7:$A$41,0),MATCH(IF($J89="SPP","SPP",IF(LEFT($F89,3)="STS",IF(ISNUMBER(SEARCH("316",$F89)),"STS316","STS304"),"SPPS")&"|"&$J89),배관단중표!$B$6:$W$6,0))),"DB확인")) | P89: =IF($G89="","",IFERROR(IF(O89<>"",O89,L89*IF(G89="PIPE",M89,N89)),0)) | Q89: =IF($G89="","",IF(G89="PIPE","P","F")) | R89: =IF($G89<>"PIPE","",IFERROR(IF(O89<>"",O89/M89,IF(K89="M",L89,"")),"")) | S89: =IF($G89<>"PIPE","",IF(AND($AA89="○",OR($W89<>"○",배관기준!$AG$17="N"),$C89<>"매설",LEFT($F89,3)<>"STS",LEFT($F89,3)<>"SUS"),"Y","N")) | W89: =IF($G89="","",IFERROR(INDEX(배관집계!$AC$7:$AC$32,MATCH($AC89,배관집계!$AJ$7:$AJ$32,0))&"","")) | X89: =IF($G89="","",IFERROR(INDEX(배관집계!$AD$7:$AD$32,MATCH($AC89,배관집계!$AJ$7:$AJ$32,0))&"","")) | Y89: =IF($G89="","",IFERROR(INDEX(배관집계!$AE$7:$AE$32,MATCH($AC89,배관집계!$AJ$7:$AJ$32,0))&"","")) | Z89: =IF($G89="","",IFERROR(INDEX(배관집계!$AF$7:$AF$32,MATCH($AC89,배관집계!$AJ$7:$AJ$32,0))&"","")) | AA89: =IF($G89="","",IFERROR(INDEX(배관집계!$AG$7:$AG$32,MATCH($AC89,배관집계!$AJ$7:$AJ$32,0))&"","")) | AB89: =IF($G89="","",IFERROR(INDEX(배관집계!$AH$7:$AH$32,MATCH($AC89,배관집계!$AJ$7:$AJ$32,0))&"","")) | AC89: =IF($G89="","",$B89&"|"&$C89&"|"&$E89&"|"&$U89&"|"&$I89) | AD89: =IF($G89="","",IF($B89<>"설치","",IF($G89="PIPE","PIPE",IF($G89="VALVE",IF(ISNUMBER(SEARCH("GLOBE",$H89)),"GLOBE",IF(ISNUMBER(SEARCH("GATE",$H89)),"GATE",IF(ISNUMBER(SEARCH("BUTTER",$H89)),"BFLY","VALVE기타"))),IF($G89="FITTING",IF(LEFT($H89,5)="ELBOW",IF($AE89=90,"90EL",IF($AE89=45,"45EL","비규격EL")),IF(LEFT($H89,6)="FLANGE","FLANGE",IF(ISNUMBER(SEARCH("TEE",$H89)),"TEE",""))),""))))) | AE89: =IF(AND($G89="FITTING",LEFT($H89,5)="ELBOW"),IFERROR(VALUE(LEFT(MID($H89,7,12),MIN(IFERROR(FIND("L",MID($H89,7,12)),99),IFERROR(FIND("S",MID($H89,7,12)),99),IFERROR(FIND(" ",MID($H89,7,12)),99))-1)),""),"") | AF89: =IF($AD89="비규격EL",N($L89)*RADIANS(N($AE89))*보온기준!$F$15*N($I89)*보온기준!$F$16/1000,0) -> 0 | AG89: =IF($G89="","",IF(OR($AA89<>"○",LEFT($F89,3)="STS",LEFT($F89,3)="SUS",$C89="매설"),"Y","N"))
... M126: =IF($G126<>"PIPE","",IFERROR(1/(1/INDEX(배관단중표!$B$7:$W$41,MATCH($I126,배관단중표!$A$7:$A$41,0),MATCH(IF($J126="SPP","SPP",IF(LEFT($F126,3)="STS",IF(ISNUMBER(SEARCH("316",$F126)),"STS316","STS304"),"SPPS")&"|"&$J126),배관단중표!$B$6:$W$6,0))),"DB확인")) | P126: =IF($G126="","",IFERROR(IF(O126<>"",O126,L126*IF(G126="PIPE",M126,N126)),0)) | Q126: =IF($G126="","",IF(G126="PIPE","P","F")) | R126: =IF($G126<>"PIPE","",IFERROR(IF(O126<>"",O126/M126,IF(K126="M",L126,"")),"")) | S126: =IF($G126<>"PIPE","",IF(AND($AA126="○",OR($W126<>"○",배관기준!$AG$17="N"),$C126<>"매설",LEFT($F126,3)<>"STS",LEFT($F126,3)<>"SUS"),"Y","N")) | W126: =IF($G126="","",IFERROR(INDEX(배관집계!$AC$7:$AC$32,MATCH($AC126,배관집계!$AJ$7:$AJ$32,0))&"","")) | X126: =IF($G126="","",IFERROR(INDEX(배관집계!$AD$7:$AD$32,MATCH($AC126,배관집계!$AJ$7:$AJ$32,0))&"","")) | Y126: =IF($G126="","",IFERROR(INDEX(배관집계!$AE$7:$AE$32,MATCH($AC126,배관집계!$AJ$7:$AJ$32,0))&"","")) | Z126: =IF($G126="","",IFERROR(INDEX(배관집계!$AF$7:$AF$32,MATCH($AC126,배관집계!$AJ$7:$AJ$32,0))&"","")) | AA126: =IF($G126="","",IFERROR(INDEX(배관집계!$AG$7:$AG$32,MATCH($AC126,배관집계!$AJ$7:$AJ$32,0))&"","")) | AB126: =IF($G126="","",IFERROR(INDEX(배관집계!$AH$7:$AH$32,MATCH($AC126,배관집계!$AJ$7:$AJ$32,0))&"","")) | AC126: =IF($G126="","",$B126&"|"&$C126&"|"&$E126&"|"&$U126&"|"&$I126) | AD126: =IF($G126="","",IF($B126<>"설치","",IF($G126="PIPE","PIPE",IF($G126="VALVE",IF(ISNUMBER(SEARCH("GLOBE",$H126)),"GLOBE",IF(ISNUMBER(SEARCH("GATE",$H126)),"GATE",IF(ISNUMBER(SEARCH("BUTTER",$H126)),"BFLY","VALVE기타"))),IF($G126="FITTING",IF(LEFT($H126,5)="ELBOW",IF($AE126=90,"90EL",IF($AE126=45,"45EL","비규격EL")),IF(LEFT($H126,6)="FLANGE","FLANGE",IF(ISNUMBER(SEARCH("TEE",$H126)),"TEE",""))),""))))) | AE126: =IF(AND($G126="FITTING",LEFT($H126,5)="ELBOW"),IFERROR(VALUE(LEFT(MID($H126,7,12),MIN(IFERROR(FIND("L",MID($H126,7,12)),99),IFERROR(FIND("S",MID($H126,7,12)),99),IFERROR(FIND(" ",MID($H126,7,12)),99))-1)),""),"") | AF126: =IF($AD126="비규격EL",N($L126)*RADIANS(N($AE126))*보온기준!$F$15*N($I126)*보온기준!$F$16/1000,0) -> 0 | AG126: =IF($G126="","",IF(OR($AA126<>"○",LEFT($F126,3)="STS",LEFT($F126,3)="SUS",$C126="매설"),"Y","N"))
H127: 계 (KG) | P127: =SUM(P7:P126) -> 5297.1072
H128: PIPE 계 (설치) | P128: =SUMIFS(P7:P126,Q7:Q126,"P",B7:B126,"설치") -> 1999.8072
H129: FITTING·VALVE 계 (설치) | P129: =SUMIFS(P7:P126,Q7:Q126,"F",B7:B126,"설치") -> 3297.3
A131: ※ 시드 데이터: Gross 물량 집계 갱신 양식의 소재 내역(옥외 5K 이상, STPG370S). 4-1 집계재질(U열)은 배관 재질 기준으로 FITTING·VALVE도 동일 값을 지정. BOLT(구경 없음)는 4-1 집계에서 제외.
A132: ※ 품목: PIPE(P) / FITTING·VALVE·BOLT(F). 할증 품종은 배관소재집계에서 자동 판정(볼트는 V열에 일반볼트/고장력볼트 지정).

Sheet 배관소재집계
A1: 배관 GROSS 물량 집계 (4-6 소재집계, 설치 기준)
A2: 배관기본물량(설치) 자동 연동. GROSS Q'TY: PIPE(M)=ROUNDUP(NET x (1+할증)), 650A 이상 본(6M)단위 올림, 그 외 EA/SET=ROUND(NET x (1+할증)). GROSS 중량 = GROSS Q'TY x U.W.
A3: 할증 품종: PIPE 강관(50A이하/초과)·STS/SUS 재질은 STS 강관, FITTING·VALVE는 배관 FITTING류(VALVE 外) 1.5%(원본 양식 기준), BOLT는 배관기본물량 V열 지정. 할증율은 제작기준 할증표.
A6: NO | B6: DESCRIPTION / 규격 | C6: SIZE(A) | D6: MAT'L | E6: UNIT | F6: Q'TY | G6: U.W (KG/단위) | H6: NET Q'TY | I6: NET WEIGHT(KG) | J6: GROSS Q'TY | K6: GROSS WEIGHT(KG) | L6: 할증 품종 | M6: 할증율 | N6: SUPPLY
A7: =IF(OR(배관기본물량!$G7="",배관기본물량!$B7<>"설치"),"",배관기본물량!A7) -> 1 | B7: =IF(OR(배관기본물량!$G7="",배관기본물량!$B7<>"설치"),"",배관기본물량!H7) -> PIPE | C7: =IF(OR(배관기본물량!$G7="",배관기본물량!$B7<>"설치"),"",IF(배관기본물량!I7="","",배관기본물량!I7)) -> 15 | D7: =IF(OR(배관기본물량!$G7="",배관기본물량!$B7<>"설치"),"",배관기본물량!F7&"") -> STPG370S | E7: =IF(OR(배관기본물량!$G7="",배관기본물량!$B7<>"설치"),"",배관기본물량!K7&"") -> M | F7: =IF(OR(배관기본물량!$G7="",배관기본물량!$B7<>"설치"),"",IF(배관기본물량!L7="","",배관기본물량!L7)) -> 1.837 | G7: =IF(OR(배관기본물량!$G7="",배관기본물량!$B7<>"설치"),"",IF(배관기본물량!G7="PIPE",배관기본물량!M7,IF(배관기본물량!N7="","",배관기본물량!N7))) -> 1.31 | H7: =IF(OR(배관기본물량!$G7="",배관기본물량!$B7<>"설치"),"",IF(배관기본물량!G7="PIPE",N(배관기본물량!R7),N(배관기본물량!L7))) -> 1.837 | I7: =IF(OR(배관기본물량!$G7="",배관기본물량!$B7<>"설치"),"",배관기본물량!P7) -> 2.40647 | J7: =IF(OR(배관기본물량!$G7="",배관기본물량!$B7<>"설치"),"",IF(배관기본물량!G7="PIPE",IF(AND(N(배관기본물량!I7)>0,N(배관기본물량!I7)>=배관기준!$AG$15),ROUNDUP(H7/배관기준!$AG$16,0)*배관기준!$AG$16,ROUNDUP(H7*(1+M7),0)),ROUND(H7*(1+M7),0))) -> 2 | K7: =IF(OR(배관기본물량!$G7="",배관기본물량!$B7<>"설치"),"",IF(N(H7)>0,IF(ISNUMBER(G7),J7*G7,0),I7*(1+M7))) -> 2.62 | L7: =IF(OR(배관기본물량!$G7="",배관기본물량!$B7<>"설치"),"",IF(배관기본물량!V7<>"",배관기본물량!V7,IF(배관기본물량!G7="PIPE",IF(OR(LEFT(배관기본물량!F7,3)="STS",LEFT(배관기본물량!F7,3)="SUS"),"STS 강관",IF(N(배관기본물량!I7)<=50,"강관(50A이하)","강관(50A초과)")),"배관 FITTING류(VALVE 外)"))) -> 강관(50A이하) | M7: =IF(OR(배관기본물량!$G7="",배관기본물량!$B7<>"설치"),"",IFERROR(INDEX(제작기준!$B$5:$B$30,MATCH(L7,제작기준!$A$5:$A$30,0)),0)) -> 0.05 | N7: =IF(OR(배관기본물량!$G7="",배관기본물량!$B7<>"설치"),"",배관기본물량!$AB7) -> C/C
A8: =IF(OR(배관기본물량!$G8="",배관기본물량!$B8<>"설치"),"",배관기본물량!A8) -> 2 | B8: =IF(OR(배관기본물량!$G8="",배관기본물량!$B8<>"설치"),"",배관기본물량!H8) -> PIPE | C8: =IF(OR(배관기본물량!$G8="",배관기본물량!$B8<>"설치"),"",IF(배관기본물량!I8="","",배관기본물량!I8)) -> 50 | D8: =IF(OR(배관기본물량!$G8="",배관기본물량!$B8<>"설치"),"",배관기본물량!F8&"") -> STPG370S | E8: =IF(OR(배관기본물량!$G8="",배관기본물량!$B8<>"설치"),"",배관기본물량!K8&"") -> M | F8: =IF(OR(배관기본물량!$G8="",배관기본물량!$B8<>"설치"),"",IF(배관기본물량!L8="","",배관기본물량!L8)) -> 17.658 | G8: =IF(OR(배관기본물량!$G8="",배관기본물량!$B8<>"설치"),"",IF(배관기본물량!G8="PIPE",배관기본물량!M8,IF(배관기본물량!N8="","",배관기본물량!N8))) -> 5.44 | H8: =IF(OR(배관기본물량!$G8="",배관기본물량!$B8<>"설치"),"",IF(배관기본물량!G8="PIPE",N(배관기본물량!R8),N(배관기본물량!L8))) -> 17.658 | I8: =IF(OR(배관기본물량!$G8="",배관기본물량!$B8<>"설치"),"",배관기본물량!P8) -> 96.05952 | J8: =IF(OR(배관기본물량!$G8="",배관기본물량!$B8<>"설치"),"",IF(배관기본물량!G8="PIPE",IF(AND(N(배관기본물량!I8)>0,N(배관기본물량!I8)>=배관기준!$AG$15),ROUNDUP(H8/배관기준!$AG$16,0)*배관기준!$AG$16,ROUNDUP(H8*(1+M8),0)),ROUND(H8*(1+M8),0))) -> 19 | K8: =IF(OR(배관기본물량!$G8="",배관기본물량!$B8<>"설치"),"",IF(N(H8)>0,IF(ISNUMBER(G8),J8*G8,0),I8*(1+M8))) -> 103.36 | L8: =IF(OR(배관기본물량!$G8="",배관기본물량!$B8<>"설치"),"",IF(배관기본물량!V8<>"",배관기본물량!V8,IF(배관기본물량!G8="PIPE",IF(OR(LEFT(배관기본물량!F8,3)="STS",LEFT(배관기본물량!F8,3)="SUS"),"STS 강관",IF(N(배관기본물량!I8)<=50,"강관(50A이하)","강관(50A초과)")),"배관 FITTING류(VALVE 外)"))) -> 강관(50A이하) | M8: =IF(OR(배관기본물량!$G8="",배관기본물량!$B8<>"설치"),"",IFERROR(INDEX(제작기준!$B$5:$B$30,MATCH(L8,제작기준!$A$5:$A$30,0)),0)) -> 0.05 | N8: =IF(OR(배관기본물량!$G8="",배관기본물량!$B8<>"설치"),"",배관기본물량!$AB8) -> C/C
A9: =IF(OR(배관기본물량!$G9="",배관기본물량!$B9<>"설치"),"",배관기본물량!A9) -> 3 | B9: =IF(OR(배관기본물량!$G9="",배관기본물량!$B9<>"설치"),"",배관기본물량!H9) -> PIPE | C9: =IF(OR(배관기본물량!$G9="",배관기본물량!$B9<>"설치"),"",IF(배관기본물량!I9="","",배관기본물량!I9)) -> 80 | D9: =IF(OR(배관기본물량!$G9="",배관기본물량!$B9<>"설치"),"",배관기본물량!F9&"") -> STPG370S | E9: =IF(OR(배관기본물량!$G9="",배관기본물량!$B9<>"설치"),"",배관기본물량!K9&"") -> M | F9: =IF(OR(배관기본물량!$G9="",배관기본물량!$B9<>"설치"),"",IF(배관기본물량!L9="","",배관기본물량!L9)) -> 6.18 | G9: =IF(OR(배관기본물량!$G9="",배관기본물량!$B9<>"설치"),"",IF(배관기본물량!G9="PIPE",배관기본물량!M9,IF(배관기본물량!N9="","",배관기본물량!N9))) -> 11.3 | H9: =IF(OR(배관기본물량!$G9="",배관기본물량!$B9<>"설치"),"",IF(배관기본물량!G9="PIPE",N(배관기본물량!R9),N(배관기본물량!L9))) -> 6.18 | I9: =IF(OR(배관기본물량!$G9="",배관기본물량!$B9<>"설치"),"",배관기본물량!P9) -> 69.834 | J9: =IF(OR(배관기본물량!$G9="",배관기본물량!$B9<>"설치"),"",IF(배관기본물량!G9="PIPE",IF(AND(N(배관기본물량!I9)>0,N(배관기본물량!I9)>=배관기준!$AG$15),ROUNDUP(H9/배관기준!$AG$16,0)*배관기준!$AG$16,ROUNDUP(H9*(1+M9),0)),ROUND(H9*(1+M9),0))) -> 7 | K9: =IF(OR(배관기본물량!$G9="",배관기본물량!$B9<>"설치"),"",IF(N(H9)>0,IF(ISNUMBER(G9),J9*G9,0),I9*(1+M9))) -> 79.1 | L9: =IF(OR(배관기본물량!$G9="",배관기본물량!$B9<>"설치"),"",IF(배관기본물량!V9<>"",배관기본물량!V9,IF(배관기본물량!G9="PIPE",IF(OR(LEFT(배관기본물량!F9,3)="STS",LEFT(배관기본물량!F9,3)="SUS"),"STS 강관",IF(N(배관기본물량!I9)<=50,"강관(50A이하)","강관(50A초과)")),"배관 FITTING류(VALVE 外)"))) -> 강관(50A초과) | M9: =IF(OR(배관기본물량!$G9="",배관기본물량!$B9<>"설치"),"",IFERROR(INDEX(제작기준!$B$5:$B$30,MATCH(L9,제작기준!$A$5:$A$30,0)),0)) -> 0.025 | N9: =IF(OR(배관기본물량!$G9="",배관기본물량!$B9<>"설치"),"",배관기본물량!$AB9) -> C/C
A10: =IF(OR(배관기본물량!$G10="",배관기본물량!$B10<>"설치"),"",배관기본물량!A10) -> 4 | B10: =IF(OR(배관기본물량!$G10="",배관기본물량!$B10<>"설치"),"",배관기본물량!H10) -> PIPE | C10: =IF(OR(배관기본물량!$G10="",배관기본물량!$B10<>"설치"),"",IF(배관기본물량!I10="","",배관기본물량!I10)) -> 150 | D10: =IF(OR(배관기본물량!$G10="",배관기본물량!$B10<>"설치"),"",배관기본물량!F10&"") -> STPG370S | E10: =IF(OR(배관기본물량!$G10="",배관기본물량!$B10<>"설치"),"",배관기본물량!K10&"") -> M | F10: =IF(OR(배관기본물량!$G10="",배관기본물량!$B10<>"설치"),"",IF(배관기본물량!L10="","",배관기본물량!L10)) -> 20.701 | G10: =IF(OR(배관기본물량!$G10="",배관기본물량!$B10<>"설치"),"",IF(배관기본물량!G10="PIPE",배관기본물량!M10,IF(배관기본물량!N10="","",배관기본물량!N10))) -> 27.7 | H10: =IF(OR(배관기본물량!$G10="",배관기본물량!$B10<>"설치"),"",IF(배관기본물량!G10="PIPE",N(배관기본물량!R10),N(배관기본물량!L10))) -> 20.701 | I10: =IF(OR(배관기본물량!$G10="",배관기본물량!$B10<>"설치"),"",배관기본물량!P10) -> 573.4177 | J10: =IF(OR(배관기본물량!$G10="",배관기본물량!$B10<>"설치"),"",IF(배관기본물량!G10="PIPE",IF(AND(N(배관기본물량!I10)>0,N(배관기본물량!I10)>=배관기준!$AG$15),ROUNDUP(H10/배관기준!$AG$16,0)*배관기준!$AG$16,ROUNDUP(H10*(1+M10),0)),ROUND(H10*(1+M10),0))) -> 22 | K10: =IF(OR(배관기본물량!$G10="",배관기본물량!$B10<>"설치"),"",IF(N(H10)>0,IF(ISNUMBER(G10),J10*G10,0),I10*(1+M10))) -> 609.4 | L10: =IF(OR(배관기본물량!$G10="",배관기본물량!$B10<>"설치"),"",IF(배관기본물량!V10<>"",배관기본물량!V10,IF(배관기본물량!G10="PIPE",IF(OR(LEFT(배관기본물량!F10,3)="STS",LEFT(배관기본물량!F10,3)="SUS"),"STS 강관",IF(N(배관기본물량!I10)<=50,"강관(50A이하)","강관(50A초과)")),"배관 FITTING류(VALVE 外)"))) -> 강관(50A초과) | M10: =IF(OR(배관기본물량!$G10="",배관기본물량!$B10<>"설치"),"",IFERROR(INDEX(제작기준!$B$5:$B$30,MATCH(L10,제작기준!$A$5:$A$30,0)),0)) -> 0.025 | N10: =IF(OR(배관기본물량!$G10="",배관기본물량!$B10<>"설치"),"",배관기본물량!$AB10) -> C/C
A11: =IF(OR(배관기본물량!$G11="",배관기본물량!$B11<>"설치"),"",배관기본물량!A11) -> 5 | B11: =IF(OR(배관기본물량!$G11="",배관기본물량!$B11<>"설치"),"",배관기본물량!H11) -> PIPE | C11: =IF(OR(배관기본물량!$G11="",배관기본물량!$B11<>"설치"),"",IF(배관기본물량!I11="","",배관기본물량!I11)) -> 200 | D11: =IF(OR(배관기본물량!$G11="",배관기본물량!$B11<>"설치"),"",배관기본물량!F11&"") -> STPG370S | E11: =IF(OR(배관기본물량!$G11="",배관기본물량!$B11<>"설치"),"",배관기본물량!K11&"") -> M | F11: =IF(OR(배관기본물량!$G11="",배관기본물량!$B11<>"설치"),"",IF(배관기본물량!L11="","",배관기본물량!L11)) -> 9.1142 | G11: =IF(OR(배관기본물량!$G11="",배관기본물량!$B11<>"설치"),"",IF(배관기본물량!G11="PIPE",배관기본물량!M11,IF(배관기본물량!N11="","",배관기본물량!N11))) -> 42.1 | H11: =IF(OR(배관기본물량!$G11="",배관기본물량!$B11<>"설치"),"",IF(배관기본물량!G11="PIPE",N(배관기본물량!R11),N(배관기본물량!L11))) -> 9.1142 | I11: =IF(OR(배관기본물량!$G11="",배관기본물량!$B11<>"설치"),"",배관기본물량!P11) -> 383.70782 | J11: =IF(OR(배관기본물량!$G11="",배관기본물량!$B11<>"설치"),"",IF(배관기본물량!G11="PIPE",IF(AND(N(배관기본물량!I11)>0,N(배관기본물량!I11)>=배관기준!$AG$15),ROUNDUP(H11/배관기준!$AG$16,0)*배관기준!$AG$16,ROUNDUP(H11*(1+M11),0)),ROUND(H11*(1+M11),0))) -> 10 | K11: =IF(OR(배관기본물량!$G11="",배관기본물량!$B11<>"설치"),"",IF(N(H11)>0,IF(ISNUMBER(G11),J11*G11,0),I11*(1+M11))) -> 421 | L11: =IF(OR(배관기본물량!$G11="",배관기본물량!$B11<>"설치"),"",IF(배관기본물량!V11<>"",배관기본물량!V11,IF(배관기본물량!G11="PIPE",IF(OR(LEFT(배관기본물량!F11,3)="STS",LEFT(배관기본물량!F11,3)="SUS"),"STS 강관",IF(N(배관기본물량!I11)<=50,"강관(50A이하)","강관(50A초과)")),"배관 FITTING류(VALVE 外)"))) -> 강관(50A초과) | M11: =IF(OR(배관기본물량!$G11="",배관기본물량!$B11<>"설치"),"",IFERROR(INDEX(제작기준!$B$5:$B$30,MATCH(L11,제작기준!$A$5:$A$30,0)),0)) -> 0.025 | N11: =IF(OR(배관기본물량!$G11="",배관기본물량!$B11<>"설치"),"",배관기본물량!$AB11) -> C/C
A12: =IF(OR(배관기본물량!$G12="",배관기본물량!$B12<>"설치"),"",배관기본물량!A12) -> 6 | B12: =IF(OR(배관기본물량!$G12="",배관기본물량!$B12<>"설치"),"",배관기본물량!H12) -> PIPE | C12: =IF(OR(배관기본물량!$G12="",배관기본물량!$B12<>"설치"),"",IF(배관기본물량!I12="","",배관기본물량!I12)) -> 250 | D12: =IF(OR(배관기본물량!$G12="",배관기본물량!$B12<>"설치"),"",배관기본물량!F12&"") -> STPG370S | E12: =IF(OR(배관기본물량!$G12="",배관기본물량!$B12<>"설치"),"",배관기본물량!K12&"") -> M | F12: =IF(OR(배관기본물량!$G12="",배관기본물량!$B12<>"설치"),"",IF(배관기본물량!L12="","",배관기본물량!L12)) -> 8.666 | G12: =IF(OR(배관기본물량!$G12="",배관기본물량!$B12<>"설치"),"",IF(배관기본물량!G12="PIPE",배관기본물량!M12,IF(배관기본물량!N12="","",배관기본물량!N12))) -> 59.2 | H12: =IF(OR(배관기본물량!$G12="",배관기본물량!$B12<>"설치"),"",IF(배관기본물량!G12="PIPE",N(배관기본물량!R12),N(배관기본물량!L12))) -> 8.666 | I12: =IF(OR(배관기본물량!$G12="",배관기본물량!$B12<>"설치"),"",배관기본물량!P12) -> 513.0272 | J12: =IF(OR(배관기본물량!$G12="",배관기본물량!$B12<>"설치"),"",IF(배관기본물량!G12="PIPE",IF(AND(N(배관기본물량!I12)>0,N(배관기본물량!I12)>=배관기준!$AG$15),ROUNDUP(H12/배관기준!$AG$16,0)*배관기준!$AG$16,ROUNDUP(H12*(1+M12),0)),ROUND(H12*(1+M12),0))) -> 9 | K12: =IF(OR(배관기본물량!$G12="",배관기본물량!$B12<>"설치"),"",IF(N(H12)>0,IF(ISNUMBER(G12),J12*G12,0),I12*(1+M12))) -> 532.8 | L12: =IF(OR(배관기본물량!$G12="",배관기본물량!$B12<>"설치"),"",IF(배관기본물량!V12<>"",배관기본물량!V12,IF(배관기본물량!G12="PIPE",IF(OR(LEFT(배관기본물량!F12,3)="STS",LEFT(배관기본물량!F12,3)="SUS"),"STS 강관",IF(N(배관기본물량!I12)<=50,"강관(50A이하)","강관(50A초과)")),"배관 FITTING류(VALVE 外)"))) -> 강관(50A초과) | M12: =IF(OR(배관기본물량!$G12="",배관기본물량!$B12<>"설치"),"",IFERROR(INDEX(제작기준!$B$5:$B$30,MATCH(L12,제작기준!$A$5:$A$30,0)),0)) -> 0.025 | N12: =IF(OR(배관기본물량!$G12="",배관기본물량!$B12<>"설치"),"",배관기본물량!$AB12) -> C/C
A13: =IF(OR(배관기본물량!$G13="",배관기본물량!$B13<>"설치"),"",배관기본물량!A13) -> 7 | B13: =IF(OR(배관기본물량!$G13="",배관기본물량!$B13<>"설치"),"",배관기본물량!H13) -> PIPE | C13: =IF(OR(배관기본물량!$G13="",배관기본물량!$B13<>"설치"),"",IF(배관기본물량!I13="","",배관기본물량!I13)) -> 300 | D13: =IF(OR(배관기본물량!$G13="",배관기본물량!$B13<>"설치"),"",배관기본물량!F13&"") -> STPG370S | E13: =IF(OR(배관기본물량!$G13="",배관기본물량!$B13<>"설치"),"",배관기본물량!K13&"") -> M | F13: =IF(OR(배관기본물량!$G13="",배관기본물량!$B13<>"설치"),"",IF(배관기본물량!L13="","",배관기본물량!L13)) -> 4.615 | G13: =IF(OR(배관기본물량!$G13="",배관기본물량!$B13<>"설치"),"",IF(배관기본물량!G13="PIPE",배관기본물량!M13,IF(배관기본물량!N13="","",배관기본물량!N13))) -> 78.3 | H13: =IF(OR(배관기본물량!$G13="",배관기본물량!$B13<>"설치"),"",IF(배관기본물량!G13="PIPE",N(배관기본물량!R13),N(배관기본물량!L13))) -> 4.615 | I13: =IF(OR(배관기본물량!$G13="",배관기본물량!$B13<>"설치"),"",배관기본물량!P13) -> 361.3545 | J13: =IF(OR(배관기본물량!$G13="",배관기본물량!$B13<>"설치"),"",IF(배관기본물량!G13="PIPE",IF(AND(N(배관기본물량!I13)>0,N(배관기본물량!I13)>=배관기준!$AG$15),ROUNDUP(H13/배관기준!$AG$16,0)*배관기준!$AG$16,ROUNDUP(H13*(1+M13),0)),ROUND(H13*(1+M13),0))) -> 5 | K13: =IF(OR(배관기본물량!$G13="",배관기본물량!$B13<>"설치"),"",IF(N(H13)>0,IF(ISNUMBER(G13),J13*G13,0),I13*(1+M13))) -> 391.5 | L13: =IF(OR(배관기본물량!$G13="",배관기본물량!$B13<>"설치"),"",IF(배관기본물량!V13<>"",배관기본물량!V13,IF(배관기본물량!G13="PIPE",IF(OR(LEFT(배관기본물량!F13,3)="STS",LEFT(배관기본물량!F13,3)="SUS"),"STS 강관",IF(N(배관기본물량!I13)<=50,"강관(50A이하)","강관(50A초과)")),"배관 FITTING류(VALVE 外)"))) -> 강관(50A초과) | M13: =IF(OR(배관기본물량!$G13="",배관기본물량!$B13<>"설치"),"",IFERROR(INDEX(제작기준!$B$5:$B$30,MATCH(L13,제작기준!$A$5:$A$30,0)),0)) -> 0.025 | N13: =IF(OR(배관기본물량!$G13="",배관기본물량!$B13<>"설치"),"",배관기본물량!$AB13) -> C/C
A14: =IF(OR(배관기본물량!$G14="",배관기본물량!$B14<>"설치"),"",배관기본물량!A14) -> 8 | B14: =IF(OR(배관기본물량!$G14="",배관기본물량!$B14<>"설치"),"",배관기본물량!H14) -> ELBOW 90 SW | C14: =IF(OR(배관기본물량!$G14="",배관기본물량!$B14<>"설치"),"",IF(배관기본물량!I14="","",배관기본물량!I14)) -> 15 | D14: =IF(OR(배관기본물량!$G14="",배관기본물량!$B14<>"설치"),"",배관기본물량!F14&"") -> A105 | E14: =IF(OR(배관기본물량!$G14="",배관기본물량!$B14<>"설치"),"",배관기본물량!K14&"") -> EA | F14: =IF(OR(배관기본물량!$G14="",배관기본물량!$B14<>"설치"),"",IF(배관기본물량!L14="","",배관기본물량!L14)) -> 6 | G14: =IF(OR(배관기본물량!$G14="",배관기본물량!$B14<>"설치"),"",IF(배관기본물량!G14="PIPE",배관기본물량!M14,IF(배관기본물량!N14="","",배관기본물량!N14))) -> 0.1 | H14: =IF(OR(배관기본물량!$G14="",배관기본물량!$B14<>"설치"),"",IF(배관기본물량!G14="PIPE",N(배관기본물량!R14),N(배관기본물량!L14))) -> 6 | I14: =IF(OR(배관기본물량!$G14="",배관기본물량!$B14<>"설치"),"",배관기본물량!P14) -> 0.6 | J14: =IF(OR(배관기본물량!$G14="",배관기본물량!$B14<>"설치"),"",IF(배관기본물량!G14="PIPE",IF(AND(N(배관기본물량!I14)>0,N(배관기본물량!I14)>=배관기준!$AG$15),ROUNDUP(H14/배관기준!$AG$16,0)*배관기준!$AG$16,ROUNDUP(H14*(1+M14),0)),ROUND(H14*(1+M14),0))) -> 6 | K14: =IF(OR(배관기본물량!$G14="",배관기본물량!$B14<>"설치"),"",IF(N(H14)>0,IF(ISNUMBER(G14),J14*G14,0),I14*(1+M14))) -> 0.6 | L14: =IF(OR(배관기본물량!$G14="",배관기본물량!$B14<>"설치"),"",IF(배관기본물량!V14<>"",배관기본물량!V14,IF(배관기본물량!G14="PIPE",IF(OR(LEFT(배관기본물량!F14,3)="STS",LEFT(배관기본물량!F14,3)="SUS"),"STS 강관",IF(N(배관기본물량!I14)<=50,"강관(50A이하)","강관(50A초과)")),"배관 FITTING류(VALVE 外)"))) -> 배관 FITTING류(VALVE 外) | M14: =IF(OR(배관기본물량!$G14="",배관기본물량!$B14<>"설치"),"",IFERROR(INDEX(제작기준!$B$5:$B$30,MATCH(L14,제작기준!$A$5:$A$30,0)),0)) -> 0.015 | N14: =IF(OR(배관기본물량!$G14="",배관기본물량!$B14<>"설치"),"",배관기본물량!$AB14) -> C/C
A15: =IF(OR(배관기본물량!$G15="",배관기본물량!$B15<>"설치"),"",배관기본물량!A15) -> 9 | B15: =IF(OR(배관기본물량!$G15="",배관기본물량!$B15<>"설치"),"",배관기본물량!H15) -> ELBOW 45LR SMS BW | C15: =IF(OR(배관기본물량!$G15="",배관기본물량!$B15<>"설치"),"",IF(배관기본물량!I15="","",배관기본물량!I15)) -> 50 | D15: =IF(OR(배관기본물량!$G15="",배관기본물량!$B15<>"설치"),"",배관기본물량!F15&"") -> STPT370S | E15: =IF(OR(배관기본물량!$G15="",배관기본물량!$B15<>"설치"),"",배관기본물량!K15&"") -> EA | F15: =IF(OR(배관기본물량!$G15="",배관기본물량!$B15<>"설치"),"",IF(배관기본물량!L15="","",배관기본물량!L15)) -> 3 | G15: =IF(OR(배관기본물량!$G15="",배관기본물량!$B15<>"설치"),"",IF(배관기본물량!G15="PIPE",배관기본물량!M15,IF(배관기본물량!N15="","",배관기본물량!N15))) -> 0.3 | H15: =IF(OR(배관기본물량!$G15="",배관기본물량!$B15<>"설치"),"",IF(배관기본물량!G15="PIPE",N(배관기본물량!R15),N(배관기본물량!L15))) -> 3 | I15: =IF(OR(배관기본물량!$G15="",배관기본물량!$B15<>"설치"),"",배관기본물량!P15) -> 0.9 | J15: =IF(OR(배관기본물량!$G15="",배관기본물량!$B15<>"설치"),"",IF(배관기본물량!G15="PIPE",IF(AND(N(배관기본물량!I15)>0,N(배관기본물량!I15)>=배관기준!$AG$15),ROUNDUP(H15/배관기준!$AG$16,0)*배관기준!$AG$16,ROUNDUP(H15*(1+M15),0)),ROUND(H15*(1+M15),0))) -> 3 | K15: =IF(OR(배관기본물량!$G15="",배관기본물량!$B15<>"설치"),"",IF(N(H15)>0,IF(ISNUMBER(G15),J15*G15,0),I15*(1+M15))) -> 0.9 | L15: =IF(OR(배관기본물량!$G15="",배관기본물량!$B15<>"설치"),"",IF(배관기본물량!V15<>"",배관기본물량!V15,IF(배관기본물량!G15="PIPE",IF(OR(LEFT(배관기본물량!F15,3)="STS",LEFT(배관기본물량!F15,3)="SUS"),"STS 강관",IF(N(배관기본물량!I15)<=50,"강관(50A이하)","강관(50A초과)")),"배관 FITTING류(VALVE 外)"))) -> 배관 FITTING류(VALVE 外) | M15: =IF(OR(배관기본물량!$G15="",배관기본물량!$B15<>"설치"),"",IFERROR(INDEX(제작기준!$B$5:$B$30,MATCH(L15,제작기준!$A$5:$A$30,0)),0)) -> 0.015 | N15: =IF(OR(배관기본물량!$G15="",배관기본물량!$B15<>"설치"),"",배관기본물량!$AB15) -> C/C
A16: =IF(OR(배관기본물량!$G16="",배관기본물량!$B16<>"설치"),"",배관기본물량!A16) -> 10 | B16: =IF(OR(배관기본물량!$G16="",배관기본물량!$B16<>"설치"),"",배관기본물량!H16) -> ELBOW 90LR SMLS BW | C16: =IF(OR(배관기본물량!$G16="",배관기본물량!$B16<>"설치"),"",IF(배관기본물량!I16="","",배관기본물량!I16)) -> 50 | D16: =IF(OR(배관기본물량!$G16="",배관기본물량!$B16<>"설치"),"",배관기본물량!F16&"") -> STPT370S | E16: =IF(OR(배관기본물량!$G16="",배관기본물량!$B16<>"설치"),"",배관기본물량!K16&"") -> EA | F16: =IF(OR(배관기본물량!$G16="",배관기본물량!$B16<>"설치"),"",IF(배관기본물량!L16="","",배관기본물량!L16)) -> 10 | G16: =IF(OR(배관기본물량!$G16="",배관기본물량!$B16<>"설치"),"",IF(배관기본물량!G16="PIPE",배관기본물량!M16,IF(배관기본물량!N16="","",배관기본물량!N16))) -> 0.7 | H16: =IF(OR(배관기본물량!$G16="",배관기본물량!$B16<>"설치"),"",IF(배관기본물량!G16="PIPE",N(배관기본물량!R16),N(배관기본물량!L16))) -> 10 | I16: =IF(OR(배관기본물량!$G16="",배관기본물량!$B16<>"설치"),"",배관기본물량!P16) -> 7 | J16: =IF(OR(배관기본물량!$G16="",배관기본물량!$B16<>"설치"),"",IF(배관기본물량!G16="PIPE",IF(AND(N(배관기본물량!I16)>0,N(배관기본물량!I16)>=배관기준!$AG$15),ROUNDUP(H16/배관기준!$AG$16,0)*배관기준!$AG$16,ROUNDUP(H16*(1+M16),0)),ROUND(H16*(1+M16),0))) -> 10 | K16: =IF(OR(배관기본물량!$G16="",배관기본물량!$B16<>"설치"),"",IF(N(H16)>0,IF(ISNUMBER(G16),J16*G16,0),I16*(1+M16))) -> 7 | L16: =IF(OR(배관기본물량!$G16="",배관기본물량!$B16<>"설치"),"",IF(배관기본물량!V16<>"",배관기본물량!V16,IF(배관기본물량!G16="PIPE",IF(OR(LEFT(배관기본물량!F16,3)="STS",LEFT(배관기본물량!F16,3)="SUS"),"STS 강관",IF(N(배관기본물량!I16)<=50,"강관(50A이하)","강관(50A초과)")),"배관 FITTING류(VALVE 外)"))) -> 배관 FITTING류(VALVE 外) | M16: =IF(OR(배관기본물량!$G16="",배관기본물량!$B16<>"설치"),"",IFERROR(INDEX(제작기준!$B$5:$B$30,MATCH(L16,제작기준!$A$5:$A$30,0)),0)) -> 0.015 | N16: =IF(OR(배관기본물량!$G16="",배관기본물량!$B16<>"설치"),"",배관기본물량!$AB16) -> C/C
A17: =IF(OR(배관기본물량!$G17="",배관기본물량!$B17<>"설치"),"",배관기본물량!A17) -> 11 | B17: =IF(OR(배관기본물량!$G17="",배관기본물량!$B17<>"설치"),"",배관기본물량!H17) -> ELBOW 41.7LR SMLS BW | C17: =IF(OR(배관기본물량!$G17="",배관기본물량!$B17<>"설치"),"",IF(배관기본물량!I17="","",배관기본물량!I17)) -> 80 | D17: =IF(OR(배관기본물량!$G17="",배관기본물량!$B17<>"설치"),"",배관기본물량!F17&"") -> STPT370S | E17: =IF(OR(배관기본물량!$G17="",배관기본물량!$B17<>"설치"),"",배관기본물량!K17&"") -> EA | F17: =IF(OR(배관기본물량!$G17="",배관기본물량!$B17<>"설치"),"",IF(배관기본물량!L17="","",배관기본물량!L17)) -> 1 | G17: =IF(OR(배관기본물량!$G17="",배관기본물량!$B17<>"설치"),"",IF(배관기본물량!G17="PIPE",배관기본물량!M17,IF(배관기본물량!N17="","",배관기본물량!N17))) -> 1 | H17: =IF(OR(배관기본물량!$G17="",배관기본물량!$B17<>"설치"),"",IF(배관기본물량!G17="PIPE",N(배관기본물량!R17),N(배관기본물량!L17))) -> 1 | I17: =IF(OR(배관기본물량!$G17="",배관기본물량!$B17<>"설치"),"",배관기본물량!P17) -> 1 | J17: =IF(OR(배관기본물량!$G17="",배관기본물량!$B17<>"설치"),"",IF(배관기본물량!G17="PIPE",IF(AND(N(배관기본물량!I17)>0,N(배관기본물량!I17)>=배관기준!$AG$15),ROUNDUP(H17/배관기준!$AG$16,0)*배관기준!$AG$16,ROUNDUP(H17*(1+M17),0)),ROUND(H17*(1+M17),0))) -> 1 | K17: =IF(OR(배관기본물량!$G17="",배관기본물량!$B17<>"설치"),"",IF(N(H17)>0,IF(ISNUMBER(G17),J17*G17,0),I17*(1+M17))) -> 1 | L17: =IF(OR(배관기본물량!$G17="",배관기본물량!$B17<>"설치"),"",IF(배관기본물량!V17<>"",배관기본물량!V17,IF(배관기본물량!G17="PIPE",IF(OR(LEFT(배관기본물량!F17,3)="STS",LEFT(배관기본물량!F17,3)="SUS"),"STS 강관",IF(N(배관기본물량!I17)<=50,"강관(50A이하)","강관(50A초과)")),"배관 FITTING류(VALVE 外)"))) -> 배관 FITTING류(VALVE 外) | M17: =IF(OR(배관기본물량!$G17="",배관기본물량!$B17<>"설치"),"",IFERROR(INDEX(제작기준!$B$5:$B$30,MATCH(L17,제작기준!$A$5:$A$30,0)),0)) -> 0.015 | N17: =IF(OR(배관기본물량!$G17="",배관기본물량!$B17<>"설치"),"",배관기본물량!$AB17) -> C/C
A18: =IF(OR(배관기본물량!$G18="",배관기본물량!$B18<>"설치"),"",배관기본물량!A18) -> 12 | B18: =IF(OR(배관기본물량!$G18="",배관기본물량!$B18<>"설치"),"",배관기본물량!H18) -> ELBOW 90LR SMLS BW | C18: =IF(OR(배관기본물량!$G18="",배관기본물량!$B18<>"설치"),"",IF(배관기본물량!I18="","",배관기본물량!I18)) -> 80 | D18: =IF(OR(배관기본물량!$G18="",배관기본물량!$B18<>"설치"),"",배관기본물량!F18&"") -> STPT370S | E18: =IF(OR(배관기본물량!$G18="",배관기본물량!$B18<>"설치"),"",배관기본물량!K18&"") -> EA | F18: =IF(OR(배관기본물량!$G18="",배관기본물량!$B18<>"설치"),"",IF(배관기본물량!L18="","",배관기본물량!L18)) -> 2 | G18: =IF(OR(배관기본물량!$G18="",배관기본물량!$B18<>"설치"),"",IF(배관기본물량!G18="PIPE",배관기본물량!M18,IF(배관기본물량!N18="","",배관기본물량!N18))) -> 2 | H18: =IF(OR(배관기본물량!$G18="",배관기본물량!$B18<>"설치"),"",IF(배관기본물량!G18="PIPE",N(배관기본물량!R18),N(배관기본물량!L18))) -> 2 | I18: =IF(OR(배관기본물량!$G18="",배관기본물량!$B18<>"설치"),"",배관기본물량!P18) -> 4 | J18: =IF(OR(배관기본물량!$G18="",배관기본물량!$B18<>"설치"),"",IF(배관기본물량!G18="PIPE",IF(AND(N(배관기본물량!I18)>0,N(배관기본물량!I18)>=배관기준!$AG$15),ROUNDUP(H18/배관기준!$AG$16,0)*배관기준!$AG$16,ROUNDUP(H18*(1+M18),0)),ROUND(H18*(1+M18),0))) -> 2 | K18: =IF(OR(배관기본물량!$G18="",배관기본물량!$B18<>"설치"),"",IF(N(H18)>0,IF(ISNUMBER(G18),J18*G18,0),I18*(1+M18))) -> 4 | L18: =IF(OR(배관기본물량!$G18="",배관기본물량!$B18<>"설치"),"",IF(배관기본물량!V18<>"",배관기본물량!V18,IF(배관기본물량!G18="PIPE",IF(OR(LEFT(배관기본물량!F18,3)="STS",LEFT(배관기본물량!F18,3)="SUS"),"STS 강관",IF(N(배관기본물량!I18)<=50,"강관(50A이하)","강관(50A초과)")),"배관 FITTING류(VALVE 外)"))) -> 배관 FITTING류(VALVE 外) | M18: =IF(OR(배관기본물량!$G18="",배관기본물량!$B18<>"설치"),"",IFERROR(INDEX(제작기준!$B$5:$B$30,MATCH(L18,제작기준!$A$5:$A$30,0)),0)) -> 0.015 | N18: =IF(OR(배관기본물량!$G18="",배관기본물량!$B18<>"설치"),"",배관기본물량!$AB18) -> C/C
... A126: =IF(OR(배관기본물량!$G126="",배관기본물량!$B126<>"설치"),"",배관기본물량!A126) | B126: =IF(OR(배관기본물량!$G126="",배관기본물량!$B126<>"설치"),"",배관기본물량!H126) | C126: =IF(OR(배관기본물량!$G126="",배관기본물량!$B126<>"설치"),"",IF(배관기본물량!I126="","",배관기본물량!I126)) | D126: =IF(OR(배관기본물량!$G126="",배관기본물량!$B126<>"설치"),"",배관기본물량!F126&"") | E126: =IF(OR(배관기본물량!$G126="",배관기본물량!$B126<>"설치"),"",배관기본물량!K126&"") | F126: =IF(OR(배관기본물량!$G126="",배관기본물량!$B126<>"설치"),"",IF(배관기본물량!L126="","",배관기본물량!L126)) | G126: =IF(OR(배관기본물량!$G126="",배관기본물량!$B126<>"설치"),"",IF(배관기본물량!G126="PIPE",배관기본물량!M126,IF(배관기본물량!N126="","",배관기본물량!N126))) | H126: =IF(OR(배관기본물량!$G126="",배관기본물량!$B126<>"설치"),"",IF(배관기본물량!G126="PIPE",N(배관기본물량!R126),N(배관기본물량!L126))) | I126: =IF(OR(배관기본물량!$G126="",배관기본물량!$B126<>"설치"),"",배관기본물량!P126) | J126: =IF(OR(배관기본물량!$G126="",배관기본물량!$B126<>"설치"),"",IF(배관기본물량!G126="PIPE",IF(AND(N(배관기본물량!I126)>0,N(배관기본물량!I126)>=배관기준!$AG$15),ROUNDUP(H126/배관기준!$AG$16,0)*배관기준!$AG$16,ROUNDUP(H126*(1+M126),0)),ROUND(H126*(1+M126),0))) | K126: =IF(OR(배관기본물량!$G126="",배관기본물량!$B126<>"설치"),"",IF(N(H126)>0,IF(ISNUMBER(G126),J126*G126,0),I126*(1+M126))) | L126: =IF(OR(배관기본물량!$G126="",배관기본물량!$B126<>"설치"),"",IF(배관기본물량!V126<>"",배관기본물량!V126,IF(배관기본물량!G126="PIPE",IF(OR(LEFT(배관기본물량!F126,3)="STS",LEFT(배관기본물량!F126,3)="SUS"),"STS 강관",IF(N(배관기본물량!I126)<=50,"강관(50A이하)","강관(50A초과)")),"배관 FITTING류(VALVE 外)"))) | M126: =IF(OR(배관기본물량!$G126="",배관기본물량!$B126<>"설치"),"",IFERROR(INDEX(제작기준!$B$5:$B$30,MATCH(L126,제작기준!$A$5:$A$30,0)),0)) | N126: =IF(OR(배관기본물량!$G126="",배관기본물량!$B126<>"설치"),"",배관기본물량!$AB126)
B127: TOTAL | I127: =SUM(I7:I126) -> 5297.1072 | K127: =SUM(K7:K126) -> 5441.58
A129: ※ 원본 양식 검증: PIPE 15A 1.837M→GROSS 2M, 50A 17.658M→19M, 80A 6.18M→7M / 볼트 M12x40L 24SET→25SET, 고장력볼트 48SET→49SET (양식 합계 NET 5,297KG / GROSS 5,442KG 참고).

Sheet 배관집계
A1: 4-1. 배관 공사 물량 집계 (구경별 P/F, 할증 FACTOR, 품셈 적용변수) | AB1: 일괄 적용 (마스터) | AC1: 보온 (INS.) | AD1: N.D.T | AE1: 산 세 | AF1: FLUSHING | AG1: PAINT | AH1: SUPPLY | AK1: 지역 (포항/광양) | AL1: 동파방지 보온 (WATER)
A2: P=PIPE, F=FITTING+VALVE 중량(TON, 기본물량 자동 집계). A01=F/T-0.3 (3-2 다. 4), A05=두께할증(실제단중/기준단중-1), F01=합금강 재질할증(배관기준). | AB2: ← 여부 체크 | AC2: 자동 | AD2: ○ | AE2: × | AF2: ○ | AG2: 자동 | AH2: C/C | AK2: 포항 | AL2: Y
A3: 키(구분·장소·압력·재질·구경)가 4-2 기본물량과 일치해야 집계됩니다. 재질군이 탄소강이 아니면 F01, SCH가 기준(W6312=SCH40, W6311=SPP)과 다르면 A05 적용.
AC4: ※ AC2:AH2 마스터 체크(○/×) → AC7:AH32 일괄 적용. 보온·PAINT를 '자동'으로 두면 지역·장소·관경 기준 자동 판정 (옥외: 포항 250A/광양 200A 이하 보온, 옥내 80A 이하 보온 / 보온 구간 도장 제외, 큰 관경 도장 / 매설·STS 도장 제외)
AC5: ▼ 행별 FLAG: 마스터(AC2:AH2) 값이 일괄 적용됨 (개별 예외는 해당 셀에 직접 입력)
A6: NO | B6: 구분 | C6: 설치장소 | D6: 적용압력 | E6: 재질 | F6: 재질군(F01) | G6: 구경(A) | H6: SCH | I6: 품셈군 | J6: 매설여부 | K6: 유해가스 (있음/공백) | L6: 단위 | M6: P (TON) | N6: F (TON) | O6: T (TON) | P6: A01 FITTING | Q6: A02 기계실 | R6: A03 매설 | S6: A05 두께 | T6: F01 재질 | U6: R03 | V6: R04 | W6: B01 | X6: C04 | Y6: 적용변수 | Z6: 품셈코드 | AA6: 기준단중 (기타,KG/M) | AB6: 실제단중 (기타,KG/M) | AC6: 보온 (INS.) | AD6: N.D.T | AE6: 산 세 | AF6: FLUSHING | AG6: PAINT | AH6: SUPPLY | AI6: 경고 | AJ6: 4-1 키
A7: 1 | B7: 설치 | C7: 옥외 | D7: 5kg/cm2이상 | E7: STPG370S | F7: 탄소강 | G7: 15 | H7: SCH40 | I7: W6312 | J7: =IF($C7="","",IF($C7="매설","매설","")) | L7: =IF($C7="","","TON") -> TON | M7: =IF($C7="","",IF($B7="철거",IF(SUMIFS(배관기본물량!$P$7:$P$126,배관기본물량!$B$7:$B$126,"철거",배관기본물량!$C$7:$C$126,$C7,배관기본물량!$E$7:$E$126,$D7,배관기본물량!$U$7:$U$126,$E7,배관기본물량!$I$7:$I$126,$G7,배관기본물량!$Q$7:$Q$126,"P")=0,SUMIFS(배관기본물량!$P$7:$P$126,배관기본물량!$B$7:$B$126,"설치",배관기본물량!$C$7:$C$126,$C7,배관기본물량!$E$7:$E$126,$D7,배관기본물량!$U$7:$U$126,$E7,배관기본물량!$I$7:$I$126,$G7,배관기본물량!$Q$7:$Q$126,"P"),SUMIFS(배관기본물량!$P$7:$P$126,배관기본물량!$B$7:$B$126,"철거",배관기본물량!$C$7:$C$126,$C7,배관기본물량!$E$7:$E$126,$D7,배관기본물량!$U$7:$U$126,$E7,배관기본물량!$I$7:$I$126,$G7,배관기본물량!$Q$7:$Q$126,"P")),SUMIFS(배관기본물량!$P$7:$P$126,배관기본물량!$B$7:$B$126,$B7,배관기본물량!$C$7:$C$126,$C7,배관기본물량!$E$7:$E$126,$D7,배관기본물량!$U$7:$U$126,$E7,배관기본물량!$I$7:$I$126,$G7,배관기본물량!$Q$7:$Q$126,"P"))/1000) -> 0.00240647 | N7: =IF($C7="","",IF($B7="철거",IF(SUMIFS(배관기본물량!$P$7:$P$126,배관기본물량!$B$7:$B$126,"철거",배관기본물량!$C$7:$C$126,$C7,배관기본물량!$E$7:$E$126,$D7,배관기본물량!$U$7:$U$126,$E7,배관기본물량!$I$7:$I$126,$G7,배관기본물량!$Q$7:$Q$126,"F")=0,SUMIFS(배관기본물량!$P$7:$P$126,배관기본물량!$B$7:$B$126,"설치",배관기본물량!$C$7:$C$126,$C7,배관기본물량!$E$7:$E$126,$D7,배관기본물량!$U$7:$U$126,$E7,배관기본물량!$I$7:$I$126,$G7,배관기본물량!$Q$7:$Q$126,"F"),SUMIFS(배관기본물량!$P$7:$P$126,배관기본물량!$B$7:$B$126,"철거",배관기본물량!$C$7:$C$126,$C7,배관기본물량!$E$7:$E$126,$D7,배관기본물량!$U$7:$U$126,$E7,배관기본물량!$I$7:$I$126,$G7,배관기본물량!$Q$7:$Q$126,"F")),SUMIFS(배관기본물량!$P$7:$P$126,배관기본물량!$B$7:$B$126,$B7,배관기본물량!$C$7:$C$126,$C7,배관기본물량!$E$7:$E$126,$D7,배관기본물량!$U$7:$U$126,$E7,배관기본물량!$I$7:$I$126,$G7,배관기본물량!$Q$7:$Q$126,"F"))/1000) -> 0.0128 | O7: =IF($C7="","",M7+N7) -> 0.01520647 | P7: =IF(OR($C7="",N(O7)=0),"",IF(OR($C7="매설",$G7<배관기준!$AG$5),"",ROUND(N7/O7-배관기준!$AG$6,3))) | Q7: =IF($C7="기계실",0.5,"") | R7: =IF($C7="매설",-0.3,"") | S7: =IF(AND(ISNUMBER($AA7),ISNUMBER($AB7)),ROUND($AB7/$AA7-1,3),IF(OR($C7="",$H7="",$H7=IF($I7="W6311","SPP","SCH40")),"",IFERROR(ROUND(INDEX(배관단중표!$B$7:$W$41,MATCH($G7,배관단중표!$A$7:$A$41,0),MATCH(IF($H7="SPP","SPP",IF(LEFT($E7,3)="STS",IF(ISNUMBER(SEARCH("316",$E7)),"STS316","STS304"),"SPPS")&"|"&$H7),배관단중표!$B$6:$W$6,0))/INDEX(배관단중표!$B$7:$W$41,MATCH($G7,배관단중표!$A$7:$A$41,0),MATCH(IF(IF($I7="W6311","SPP","SCH40")="SPP","SPP",IF(LEFT($E7,3)="STS",IF(ISNUMBER(SEARCH("316",$E7)),"STS316","STS304"),"SPPS")&"|"&IF($I7="W6311","SPP","SCH40")),배관단중표!$B$6:$W$6,0))-1,3),"확인"))) | T7: =IF(OR($C7="",$F7="",$F7="탄소강"),"",IFERROR(IF(INDEX(배관기준!$I$5:$V$14,MATCH($F7,배관기준!$H$5:$H$14,0),MIN(14,COUNTIF(배관기준!$I$4:$V$4,"<"&$G7)+1))=0,"확인",INDEX(배관기준!$I$5:$V$14,MATCH($F7,배관기준!$H$5:$H$14,0),MIN(14,COUNTIF(배관기준!$I$4:$V$4,"<"&$G7)+1))/100),"확인")) | U7: =IF(AND($C7<>"",$D7="5kg/cm2미만",$K7=""),"DL010465001","") | V7: =IF(U7="","","DL010265001") | W7: =IF($B7="철거",배관기준!$AG$11,"") | X7: =IF($C7="","",배관기준!$AG$12) -> 0.15 | Y7: =IF($C7="","",IF(P7<>"","A01="&P7&", ","")&IF(Q7<>"","A02="&Q7&", ","")&IF(R7<>"","A03="&R7&", ","")&IF(S7<>"","A05="&S7&", ","")&IF(T7<>"","F01="&T7&", ","")&IF(W7<>"","B01="&W7&", ","")&"C04="&X7&", "&IF(U7<>"","R03="&U7&", R04="&V7&", ","")) -> C04=0.15, | Z7: =IF($G7="","",IFERROR(I7&VALUE(IF(I7="W6311",INDEX(배관기준!$AB$5:$AB$28,MATCH($G7,배관기준!$AA$5:$AA$28,0)),INDEX(배관기준!$AC$5:$AC$28,MATCH($G7,배관기준!$AA$5:$AA$28,0)))),"확인")) -> W6312104 | AC7: =IF($C7="","",IF(AC$2<>"자동",AC$2,IF(OR($C7="매설",$AL$2="N"),"×",IF($C7="옥외",IF($G7<=IF($AK$2="포항",250,200),"○","×"),IF($C7="옥내",IF($G7<=80,"○","×"),"×"))))) -> ○ | AD7: =IF($C7="","",AD$2) -> ○ | AE7: =IF($C7="","",AE$2) -> × | AF7: =IF($C7="","",AF$2) -> ○ | AG7: =IF($C7="","",IF(AG$2<>"자동",AG$2,IF(OR($AC7="○",$C7="매설",LEFT($E7,3)="STS",LEFT($E7,3)="SUS"),"×","○"))) -> × | AH7: =IF($C7="","",AH$2) -> C/C | AI7: =IF(AND($AC7="○",$AG7="○",배관기준!$AG$17="Y"),"보온·도장 중복→도장 제외","") | AJ7: =IF($C7="","",$B7&"|"&$C7&"|"&$D7&"|"&$E7&"|"&$G7) -> 설치|옥외|5kg/cm2이상|STPG370S|15
